mask_start_year,mask_end_year,state_abbr,state_fips,county_fips,county_name,clay_mean,sand_mean,ph_mean,soc_mean,bdod_mean
2008,2025,IA,19,19149,Plymouth,26.02266940878733,19.82452063339511,6.561459966374098,13.58426003052225,1.4943525507030322
2008,2025,IA,19,19193,Woodbury,27.2554345987307,15.798730315034069,6.60478350634796,13.500663408850054,1.4995723601297273
2008,2025,IA,19,19027,Carroll,28.690784347638505,16.724543797951085,6.515307536678048,13.568705980744385,1.4971302041941277
2008,2025,IA,19,19061,Dubuque,22.519219704537687,17.476643157817158,6.048602875911527,18.588757754978705,1.462740837631332
2008,2025,IA,19,19101,Jefferson,27.68894738463688,15.913712325471554,6.0919272589967415,14.585264709102166,1.5608454449249565
2008,2025,IA,19,19187,Webster,27.684887315204044,33.173555412187284,6.550372299321957,18.159496839047357,1.5496894030393733
2008,2025,IA,19,19111,Lee,26.28290397777939,14.131815407931265,6.11642142334339,12.249439694496294,1.547179559500178
2008,2025,IA,19,19127,Marshall,25.224487183193627,22.619156430572357,6.141902025619336,14.005966606321202,1.5230110220276227
2008,2025,IA,19,19195,Worth,26.411546628566363,28.581903602922694,6.4365016543229805,26.304927560493443,1.5115660586182136
2008,2025,IA,19,19033,Cerro Gordo,24.767998164252557,32.887685461469445,6.379892178093158,18.558111413145355,1.5146334592479898
2008,2025,IA,19,19051,Davis,28.300574224483285,16.05249158515139,6.0066000756796845,12.76810949110897,1.5743107072496574
2008,2025,IA,19,19179,Wapello,26.73730111599354,19.343138686681094,6.183278561058575,13.950410987051843,1.5607898543942316
2008,2025,IA,19,19041,Clay,28.435093852692177,27.362572525339957,6.770304239847272,16.980619006385172,1.5125546099028029
2008,2025,IA,19,19059,Dickinson,28.28918686714344,30.177889635387466,6.711309905830067,18.672192349763584,1.4838325855548937
2008,2025,IA,19,19021,Buena Vista,29.548210873878574,24.85657465916174,6.768797701206523,16.21849723304907,1.50186733135429
2008,2025,IA,19,19013,Black Hawk,24.166577251347004,28.808886345203945,6.279581591893013,15.470321624302038,1.5091956494716083
2008,2025,IA,19,19075,Grundy,25.369937682081396,26.17627189035468,6.305228707878139,17.41984378637986,1.5174647992743642
2008,2025,IA,19,19017,Bremer,23.393194427550934,31.81396240464209,6.2896156341214295,17.25713240175161,1.512250661515996
2008,2025,IA,19,19085,Harrison,28.885966260955367,11.235845552558649,6.564790810648699,14.51883119164615,1.4948839710528723
2008,2025,IA,19,19129,Mills,29.172050923687074,8.268135862238278,6.507451997638292,12.558676464661826,1.5201789552224194
2008,2025,IA,19,19155,Pottawattamie,28.942320431012444,8.63353746077231,6.38288038669783,13.032985775990088,1.4937388133430194
2008,2025,IA,19,19123,Mahaska,26.672347834570594,19.17607473428479,6.146792729952844,14.45634059472393,1.5510424256022382
2008,2025,IA,19,19125,Marion,26.088025701705636,19.13148602324458,6.004400520651018,12.108564294574727,1.5567353688936763
2008,2025,IA,19,19053,Decatur,29.22607510306514,15.579930556572501,6.104573664589255,13.545850858734152,1.5499460885089738
2008,2025,IA,19,19031,Cedar,23.972166591322008,17.641958438425274,5.983936070803458,14.175386800056762,1.493274842115177
2008,2025,IA,19,19151,Pocahontas,28.008623235663578,33.603348797587934,6.767798871493112,19.271329842427637,1.5495582066264522
2008,2025,IA,19,19109,Kossuth,26.989630532440085,35.33974969110896,6.717353662131623,21.139136487808166,1.5377801021043698
2008,2025,IA,19,19089,Howard,23.28343538235903,32.77818242966821,6.177101349999703,22.983364906124628,1.5071694058437919
2008,2025,IA,19,19147,Palo Alto,26.16349861906984,36.555758901083536,6.74953502460955,18.680170814160423,1.5309952454557425
2008,2025,IA,19,19159,Ringgold,30.550416283534513,15.925310232432322,6.23902101037738,13.33429993007657,1.527892968057619
2008,2025,IA,19,19025,Calhoun,28.974471331162647,32.004758257742154,6.716240563805932,18.186057100876813,1.5483168482877887
2008,2025,IA,19,19039,Clarke,30.1174671144556,15.169625152484151,6.114204948770365,13.855127902637673,1.53353564490138
2008,2025,IA,19,19065,Fayette,22.888367177266208,29.837836630523437,6.242371159128695,19.123583876093015,1.5009716909468092
2008,2025,IA,19,19001,Adair,29.025990056636687,16.533013534093538,6.20403681103293,13.15966363822588,1.5029147974805421
2008,2025,IA,19,19037,Chickasaw,23.99790252404309,32.134519172798285,6.271294864906195,20.1096016673618,1.5080628770550752
2008,2025,IA,19,19081,Hancock,24.87463210988744,36.451110110859105,6.660667775608381,20.258995587714903,1.498591226762713
2008,2025,IA,19,19157,Poweshiek,25.95179816473449,17.862859479388078,6.062841926584931,13.710436979608856,1.519949983478398
2008,2025,IA,19,19165,Shelby,28.859019300573763,8.87099024152021,6.274539234454846,13.084505651060113,1.4864419055521056
2008,2025,IA,19,19185,Wayne,29.662152783716664,12.86858127036604,5.951883977296319,13.372352065247895,1.5459049850703432
2008,2025,IA,19,19097,Jackson,22.429058909592744,17.5431416801023,6.018632723032043,16.624694161755112,1.4836000056678285
2008,2025,IA,19,19043,Clayton,21.483109158731956,20.803464743875253,6.183519483705843,17.55839876583567,1.4728944479227173
2008,2025,IA,19,19007,Appanoose,28.505552308689833,14.799580019723333,5.953294212942154,12.593173143785933,1.555598288680382
2008,2025,IA,19,19177,Van Buren,27.658308692874623,15.764876349697898,6.090198813883418,13.252874380788487,1.5752500250186487
2008,2025,IA,19,19197,Wright,25.038329043117795,37.34885793824452,6.543918595256248,18.56366110674591,1.5233149731474773
2008,2025,IA,19,19137,Montgomery,29.68346647958842,9.539146437796122,6.3594715116662694,12.943869864832864,1.523254342866857
2008,2025,IA,19,19175,Union,29.888073416856788,16.61164825817546,6.154393590660706,12.925352826123993,1.5288561357255401
2008,2025,IA,19,19107,Keokuk,26.852316105536076,15.586987817377342,6.098215244776045,14.111023906953776,1.541378726959878
2008,2025,IA,19,19131,Mitchell,23.869415096043504,31.679572388646935,6.256191478208023,22.93682653139776,1.513499636239775
2008,2025,IA,19,19191,Winneshiek,20.59746951580422,27.29245451067413,6.168661847326199,17.697632491487553,1.4929141331246047
2008,2025,IA,19,19161,Sac,29.196298163373473,19.29092216956694,6.720282257211675,14.148367517800049,1.5043301196204533
2008,2025,IA,19,19055,Delaware,22.93727702191215,26.461660256276613,6.233953364586451,17.34458867243125,1.478563977080948
2008,2025,IA,19,19067,Floyd,24.614286126960373,31.060101095640228,6.264243167725595,19.098226756914613,1.510759068335982
2008,2025,IA,19,19009,Audubon,28.710340774234908,13.61910644963291,6.3406156929612045,13.375045597150692,1.49071411524347
2008,2025,IA,19,19079,Hamilton,27.09731252503026,33.73017804330756,6.486597577513604,17.286956058968162,1.5391109530241607
2008,2025,IA,19,19069,Franklin,24.714556484788044,31.69566951949882,6.373670897299385,16.55654051009532,1.5154640236200854
2008,2025,IA,19,19141,O'Brien,30.787483064331354,18.960218006760034,6.757692522582772,16.886610296374148,1.4825417321667862
2008,2025,IA,19,19167,Sioux,27.622027155498202,20.448897295420785,6.648384996746213,14.42854328359603,1.4940574761817749
2008,2025,IA,19,19005,Allamakee,20.895500725481718,20.905227289217084,6.197989301595552,16.662364150170315,1.4683977594571958
2008,2025,IA,19,19189,Winnebago,26.077274857497386,32.034669245318504,6.618129674424956,22.72562697618835,1.5117590417497997
2008,2025,IA,19,19093,Ida,28.073482767700376,12.985901545009556,6.580235565033445,13.463694266139086,1.4866056216330594
2008,2025,IA,19,19029,Cass,29.214390710991996,12.033308465587789,6.234380919839256,12.800892342711768,1.5097494144383856
2008,2025,IA,19,19083,Hardin,25.38175599488063,28.387216584338628,6.39781489924064,16.816022932745792,1.5240555242195926
2008,2025,IA,19,19173,Taylor,30.669247121607512,13.15685278702453,6.286275725979453,13.409341348770951,1.5342625816085944
2008,2025,IA,19,19145,Page,30.612313641272028,7.6623970233567125,6.457608630068854,12.657788597006327,1.5466036524930942
2008,2025,IA,19,19035,Cherokee,28.28373854259063,18.736153543582986,6.623460011099772,14.606603839664452,1.4912237101490697
2008,2025,IA,19,19071,Fremont,30.182787081645053,9.008539922484013,6.659612220301108,12.474580350440668,1.5341626719928072
2008,2025,IA,19,19095,Iowa,25.285656720740537,18.15547940867025,6.060552828246219,15.154609427296835,1.5150286749260087
2008,2025,IA,19,19023,Butler,24.05233476529113,30.38899541236333,6.323960592985518,16.56569679044431,1.5148571697162214
2008,2025,IA,19,19063,Emmet,26.765256065170266,35.904238580095,6.779618460399935,19.42058604640002,1.5187329619862882
2008,2025,IA,19,19047,Crawford,28.140185421826565,9.775108560840417,6.359391528571633,13.388690996059191,1.4805985838090177
2008,2025,IA,19,19019,Buchanan,23.46241210729715,26.77362195700885,6.262387146382911,14.981989925592053,1.4903969153651613
2008,2025,IA,19,19143,Osceola,32.293638147591,21.877821768451742,6.83215097365182,19.0871385221932,1.4555400940688181
2008,2025,IA,19,19073,Greene,27.373733271107824,31.06947398645611,6.422748735142612,14.657444700874203,1.5471638484306705
2008,2025,IA,19,19087,Henry,27.16964286867077,15.019477380656229,6.135930866978426,15.17745727975935,1.5344882832499291
2008,2025,IA,19,19119,Lyon,28.359870703047164,21.175953647478256,6.748626619041831,15.385551650363446,1.4877217643817
2008,2025,IA,19,19003,Adams,30.0443315315012,14.880503651647667,6.254659798263976,13.140172618236639,1.5323338487444056
2008,2025,IA,19,19133,Monona,31.077697880921896,14.410644992736051,6.722619996180855,14.738052484518878,1.5226455810240986
2008,2025,IA,19,19091,Humboldt,25.565070270801435,36.38099627485845,6.618946473061418,17.942959798301985,1.5301944483339103
2008,2025,IA,19,19115,Louisa,25.115315130829167,17.88961779039754,6.143625979196118,14.214643616715364,1.5260807749308298
2008,2025,IA,19,19171,Tama,24.594705285216204,23.174700367238437,6.2012323091908295,14.139974353840064,1.5097025089686704
2008,2025,IA,19,19135,Monroe,27.940939199875093,17.435054794933496,5.9769388550243425,12.620869547102005,1.5832853534144664
2008,2025,IA,19,19117,Lucas,28.999128315472632,14.714493871102244,5.992292943723491,12.676530742382743,1.556203419967466
2008,2025,IA,19,19057,Des Moines,26.517417097304012,13.53285381231771,6.228845737842025,15.214239676429578,1.5282257204856595
2008,2025,IA,19,19011,Benton,24.69058684205361,23.499877193422904,6.245147964586511,14.457213114490656,1.4909623443065148
2008,2025,IA,19,19113,Linn,23.537192066621266,22.915058256932983,6.193538718352951,14.5425501973292,1.497807514913183
2008,2025,IA,19,19105,Jones,22.635701460872404,21.955683206113342,6.132066587844751,15.728585699741098,1.4718456655745857
2008,2025,IA,19,19103,Johnson,24.353884908285778,18.525048571019536,6.020729896890269,13.918409980693651,1.517487456950108
2008,2025,IA,19,19183,Washington,26.257341771356838,14.605188462915875,6.0164250856680646,14.599632965530473,1.5276516858246394
2008,2025,IA,19,19045,Clinton,23.352471696901226,17.736585705048174,5.943596101109674,15.229673693096753,1.4959507751394379
2008,2025,IA,19,19163,Scott,24.515804154793017,13.75479592985275,5.955913862199838,14.789919910353419,1.50973766331613
2008,2025,IA,19,19139,Muscatine,23.991713691649835,18.37583472252491,6.0001864987398275,14.017117022346222,1.511026346871727
2008,2025,IA,19,19169,Story,25.411029878675485,32.422049636658706,6.3381570923638035,14.64872229460413,1.5497843294315345
2008,2025,IA,19,19015,Boone,25.734760625742812,33.60831952571505,6.3282965491290275,14.376605497546178,1.5554150772043622
2008,2025,IA,19,19121,Madison,28.881019666004622,16.298810224749495,6.162093091445623,12.783942791188874,1.5153328382354787
2008,2025,IA,19,19181,Warren,26.7202658324134,18.767901554997636,6.001701622957025,11.735750049551282,1.5520310765279732
2008,2025,IA,19,19049,Dallas,27.17718195179356,26.496516330593153,6.3126010163844875,13.587180599199728,1.5440355796843566
2008,2025,IA,19,19153,Polk,25.72849969888209,27.771949202973445,6.153954654139621,13.104764022679893,1.5533106455400594
2008,2025,IA,19,19077,Guthrie,27.731423635426037,19.95278963849129,6.225852737753263,13.179292025464335,1.5162845488586272
2008,2025,IA,19,19099,Jasper,26.01207626130319,20.220990577537478,6.046688684719598,12.770524889890257,1.534646534839981
2008,2025,CA,06,06055,Napa,25.659112507361446,38.75085030587417,7.104269416623294,11.931119221084401,1.567191196622626
2008,2025,CA,06,06041,Marin,28.818533487620662,34.00208511518444,6.88880745945765,14.619955614438172,1.4765151743838292
2008,2025,CA,06,06013,Contra Costa,30.596448631566354,32.81398127720476,7.330687774531592,13.852205195476452,1.5494575239003832
2008,2025,CA,06,06081,San Mateo,24.74603174603175,42.19047619047619,6.584126984126986,28.253968253968257,1.3669841269841267
2008,2025,CA,06,06001,Alameda,28.477329374933518,34.845298706583634,7.276536307682349,11.1979477361745,1.6687238784919232
2008,2025,CA,06,06069,San Benito,29.317765627197094,36.58617537939014,6.934020273802691,13.865444037021398,1.4864534816641604
2008,2025,CA,06,06085,Santa Clara,29.716572523602657,36.39183580646996,7.158659155287563,12.154178915297997,1.5379576138830084
2008,2025,CA,06,06087,Santa Cruz,26.09238824700334,39.403254143407345,7.090272188324893,13.88844173265827,1.463846986022761
2008,2025,CA,06,06097,Sonoma,25.668340631087453,37.40685219692206,6.9104537443536715,13.339333067960478,1.5395958207617755
2008,2025,CA,06,06077,San Joaquin,27.45518517257504,36.58180044169833,7.414704610992427,11.236228648196398,1.5634427336408083
2008,2025,CA,06,06095,Solano,27.071162136090393,36.140200328349955,7.276935853694157,12.08058526969005,1.598112289241328
2008,2025,CA,06,06031,Kings,26.677198649351098,39.898622123426,7.723081109632701,9.26816637425245,1.555749189351324
2008,2025,CA,06,06107,Tulare,22.68259931993488,41.835429421678896,7.640732101233849,9.43267510177832,1.585871263506814
2008,2025,CA,06,06103,Tehama,22.88402873630964,38.155022537909325,7.273796495924443,12.105900289027737,1.5743489334788419
2008,2025,CA,06,06089,Shasta,24.112555681272752,35.64317146651602,7.014509288404049,16.59411797587128,1.39827357053411
2008,2025,CA,06,06067,Sacramento,26.761731224161217,35.31470685462101,7.320460922493284,12.186644359709609,1.5736563328312556
2008,2025,CA,06,06061,Placer,25.373688145742666,35.90615506636933,7.274269948082851,13.443948939736298,1.5849503857897695
2008,2025,CA,06,06017,El Dorado,20.925925925925924,44.96296296296296,6.485185185185187,17.22222222222222,1.4692592592592595
2008,2025,CA,06,06113,Yolo,29.932890869446254,31.897072126220483,7.449378254176273,11.727811185998746,1.5793722330996065
2008,2025,CA,06,06057,Nevada,17.0,57.0,6.7,13.333333333333332,1.44
2008,2025,CA,06,06115,Yuba,26.51542819101552,33.13465618908426,7.289862340232415,15.079208827142851,1.509255342207574
2008,2025,CA,06,06101,Sutter,32.20542605456653,28.478602642179144,7.430108573944601,13.755598192824344,1.5237469840649502
2008,2025,CA,06,06091,Sierra,22.87142952462407,41.01183435541888,7.190931038038577,14.122189264765652,1.3585091502435414
2008,2025,CA,06,06009,Calaveras,22.46129860601614,40.96169601369527,6.887671191000244,15.413609684519436,1.593735020787479
2008,2025,CA,06,06043,Mariposa,24.777777777777775,38.333333333333336,7.033333333333333,11.666666666666668,1.6644444444444444
2008,2025,CA,06,06105,Trinity,21.69277108433735,41.05220883534136,6.558032128514056,22.580321285140563,1.3559839357429722
2008,2025,CA,06,06027,Inyo,21.171024540785048,47.62005115305756,7.586703023385259,14.730107731439402,1.4482430404362805
2008,2025,CA,06,06051,Mono,20.9052991613542,46.07768529063008,7.585751630917585,12.81963832176918,1.4337126610861302
2008,2025,CA,06,06003,Alpine,21.63492063492064,44.0793650793651,7.238095238095237,35.0,1.1038095238095238
2008,2025,CA,06,06011,Colusa,31.894601167802584,28.725014012569304,7.4112233753824555,14.000785450424909,1.514190998832432
2008,2025,CA,06,06049,Modoc,23.792389008692563,37.836766140765675,7.183989672182624,17.146753320537876,1.4062543802444998
2008,2025,CA,06,06063,Plumas,21.150698016057923,47.62128001788412,7.102928952896075,16.57598337013215,1.379879311521147
2008,2025,CA,06,06093,Siskiyou,22.290630734234135,40.1693553884347,7.116430327002963,16.090862569601583,1.4216135538415764
2008,2025,CA,06,06021,Glenn,26.940893119461165,33.444053152511096,7.354607399071106,12.74535872266915,1.5363971450424496
2008,2025,CA,06,06005,Amador,22.488139825218482,40.58177278401997,7.020474406991264,12.865168539325849,1.6431585518102372
2008,2025,CA,06,06029,Kern,24.63896437590449,41.604067254146834,7.78771007540331,10.296042099378052,1.5680773522962208
2008,2025,CA,06,06007,Butte,30.33437542578606,30.128400322799656,7.2333420555207,15.34606191616936,1.484953056548821
2008,2025,CA,06,06033,Lake,24.20092226613967,38.353096179183154,7.01040843214756,14.071146245059278,1.4899011857707511
2008,2025,CA,06,06015,Del Norte,,,,,
2008,2025,CA,06,06025,Imperial,29.001512165697097,38.83484557039954,7.669023641112997,9.116563866803737,1.5853143271348074
2008,2025,CA,06,06023,Humboldt,25.28852459016393,35.012442202606145,6.262614543926021,23.600672551492217,1.258982765868012
2008,2025,CA,06,06053,Monterey,25.413928434574373,41.03082510916091,7.4120386521438135,10.85432626724609,1.5559702406468858
2008,2025,CA,06,06073,San Diego,23.131578947368414,48.12280701754387,6.8565789473684235,15.109649122807014,1.5602192982456133
2008,2025,CA,06,06079,San Luis Obispo,24.865270847413754,42.944038289162705,7.316801790790134,9.750203716752324,1.588807952622672
2008,2025,CA,06,06083,Santa Barbara,25.033268186930744,41.27043872044667,7.359471638647374,11.019090117376873,1.5842014488160983
2008,2025,CA,06,06109,Tuolumne,,,,,
2008,2025,CA,06,06035,Lassen,24.015579787396057,38.87473447069562,7.185875984418484,15.036071373374542,1.393393526556316
2008,2025,CA,06,06045,Mendocino,24.278945612278946,37.5565565565566,6.835568902235585,16.93526860193526,1.5035168501835157
2008,2025,CA,06,06037,Los Angeles,22.22471521137065,45.85623399696922,7.505265323718451,9.917796676595078,1.527515872393792
2008,2025,CA,06,06059,Orange,27.666666666666668,39.666666666666664,7.466666666666668,15.0,1.5933333333333335
2008,2025,CA,06,06111,Ventura,27.42178217821781,38.95775577557755,7.390231023102307,14.161716171617169,1.5685148514851488
2008,2025,CA,06,06071,San Bernardino,23.8580106302202,44.88154897494304,7.84722854973424,10.561883067577824,1.5483978739559607
2008,2025,CA,06,06065,Riverside,25.699130830227706,43.22870234456267,7.792304508406898,8.226070682611152,1.5692659839439878
2008,2025,CA,06,06047,Merced,24.42265357093379,39.61124156365937,7.521169292794948,10.20137006104287,1.5890637832205081
2008,2025,CA,06,06099,Stanislaus,23.925186772927347,39.43776640081434,7.381148481395766,10.890847289821263,1.5735810374147157
2008,2025,CA,06,06019,Fresno,26.893120524379576,38.46509184133926,7.7081272888363195,9.359824360859776,1.5683362874650295
2008,2025,CA,06,06039,Madera,21.615504612365076,41.985616350424095,7.6391772640591356,9.076219212747974,1.5923620573782635
2008,2025,CA,06,06075,San Francisco,,,,,
2008,2025,IL,17,17121,Marion,20.831213067823814,11.809761298627597,5.9388841563516825,8.473508616415945,1.5555437607713218
2008,2025,IL,17,17005,Bond,21.51403424148201,9.561579664295493,6.000227888256026,8.706290655145548,1.561325860723193
2008,2025,IL,17,17083,Jersey,21.945942270044174,16.56872378991735,6.084582773598971,9.666956589631768,1.5291862525955795
2008,2025,IL,17,17163,St. Clair,21.299558611048337,14.86316928006495,6.049878321114599,8.969169006005902,1.556186441777217
2008,2025,IL,17,17027,Clinton,21.11573220513795,12.869173031892466,6.024484216225595,9.137814040502292,1.563771925913985
2008,2025,IL,17,17013,Calhoun,22.68755007550323,17.312083016136402,6.220368946739999,11.23521030671408,1.52400022463777
2008,2025,IL,17,17119,Madison,22.493893700819257,11.92918361625337,6.003371761382205,9.37169702091591,1.5595834222933909
2008,2025,IL,17,17133,Monroe,24.861432578550065,13.749830741988818,6.274961021745916,10.43583243420678,1.5622450942953705
2008,2025,IL,17,17117,Macoupin,23.367513588146874,11.688057156247808,6.0144676599111575,9.295199435327055,1.5437332784951727
2008,2025,IL,17,17171,Scott,22.702925837860683,19.46275032022305,6.189791823983251,9.747016916302854,1.5216141920722457
2008,2025,IL,17,17137,Morgan,24.396690506584005,14.231021165361904,6.102161058055347,11.543185531612197,1.4877503729080257
2008,2025,IL,17,17107,Logan,24.716352961699002,18.730476330869436,6.204410092440236,14.182404050780818,1.5233361540332164
2008,2025,IL,17,17129,Menard,24.28709694150361,16.980922628493257,6.190411691531551,13.108723656842082,1.5146770067561803
2008,2025,IL,17,17167,Sangamon,24.70861205771725,15.820267915364564,6.154919902415078,12.437918106340287,1.5019864312495101
2008,2025,IL,17,17021,Christian,24.98085235643601,13.073922859355802,6.129523024409696,12.181734981386503,1.5167197434815123
2008,2025,IL,17,17127,Massac,21.008525949891606,16.826865660516162,5.873606160535176,9.245859685749325,1.5554465767749484
2008,2025,IL,17,17057,Fulton,24.075989323500973,14.01231154107379,6.093824704129842,13.816002203205809,1.531642447653693
2008,2025,IL,17,17175,Stark,24.19709285511483,16.99872105333098,6.07892311935378,17.59283359459715,1.5092559720674255
2008,2025,IL,17,17203,Woodford,26.789377058871914,16.01629496969184,6.1794149639345655,17.103095971910324,1.5321339990919995
2008,2025,IL,17,17179,Tazewell,24.850293691326613,18.850749488552538,6.207675809497702,14.761438255607853,1.5206802841478584
2008,2025,IL,17,17123,Marshall,26.134790438509192,14.330371246436169,6.174326523727883,16.939867384408558,1.5297699536068938
2008,2025,IL,17,17143,Peoria,24.86684698926553,14.321663376428978,6.060158600043896,15.243262337977274,1.5267205433208173
2008,2025,IL,17,17001,Adams,24.730726493728735,11.84560022322854,6.123155677365286,10.567587131199476,1.5342847643540187
2008,2025,IL,17,17177,Stephenson,21.847825573179506,21.089450244392797,6.055449568183019,19.66288714705352,1.4716876907321375
2008,2025,IL,17,17141,Ogle,22.033001330844264,24.46152708293069,6.140081237175951,18.4891087711631,1.4852150210221282
2008,2025,IL,17,17201,Winnebago,22.06159443863468,24.91597794181637,6.221431464233184,18.559328723063008,1.491767043130179
2008,2025,IL,17,17007,Boone,22.0869386832949,27.496639103519925,6.278871221363783,20.249102503276013,1.5029590980976917
2008,2025,IL,17,17025,Clay,20.787979930428385,14.04735572984049,6.039823688504612,8.594870562164916,1.5651081691655109
2008,2025,IL,17,17185,Wabash,21.26005711933258,16.95237233737486,6.078131400248734,8.761819287127635,1.5625866508985424
2008,2025,IL,17,17009,Brown,23.19049601440773,11.249725257493239,6.078392285900604,10.043402442136536,1.5079761959998872
2008,2025,IL,17,17151,Pope,21.416821655421145,18.437186000630923,5.925265756666866,9.556363328169716,1.552545441133309
2008,2025,IL,17,17033,Crawford,20.756815108062685,16.969644986382534,6.024639747938887,9.188316080503082,1.568252953230604
2008,2025,IL,17,17135,Montgomery,23.90752553843911,9.96699813607004,6.057392831391249,9.842288118166774,1.5296398896551078
2008,2025,IL,17,17055,Franklin,20.930556103619953,11.908049610023177,5.851539841966606,8.95122961167825,1.5648655462423315
2008,2025,IL,17,17023,Clark,21.602084746204863,16.007955667975857,6.02301595336079,9.385247175780274,1.563851131336165
2008,2025,IL,17,17059,Gallatin,23.12471501364553,20.210198486299053,6.14575293409173,9.84336594167398,1.5502635757787233
2008,2025,IL,17,17075,Iroquois,27.19168843771165,26.475978314487325,6.352839178708641,17.63412006871825,1.542922452731582
2008,2025,IL,17,17041,Douglas,26.133941843176352,19.206691759952157,6.203965213799709,14.240510915831532,1.5241075664346724
2008,2025,IL,17,17189,Washington,20.803420518397573,12.783478520934771,5.992607262400996,8.735109358952553,1.5579911830100923
2008,2025,IL,17,17159,Richland,19.997423271788662,15.775190709565651,5.983299535630547,8.591778834525126,1.5610879335292092
2008,2025,IL,17,17065,Hamilton,22.072543291946246,13.99937853203503,5.946109812841144,8.892460706850665,1.5642722075063946
2008,2025,IL,17,17193,White,21.38754906045616,17.667351555470574,6.053093766290243,9.18917850271158,1.5615140617909462
2008,2025,IL,17,17169,Schuyler,23.810672541986545,12.841209442888212,6.089612714247617,10.938479336148195,1.5314107843769806
2008,2025,IL,17,17181,Union,23.54106349076489,17.44506531402539,6.188643774616937,10.40004012731666,1.5636932286127248
2008,2025,IL,17,17085,Jo Daviess,21.23750648584487,21.54152036837608,6.14577486107625,19.139513039565305,1.4803409932184042
2008,2025,IL,17,17125,Mason,22.705963844806927,25.54115011790212,6.267945453915659,12.871650683450753,1.5194921333081335
2008,2025,IL,17,17191,Wayne,20.983421854632983,15.55638449579969,5.962513946088441,8.855640283748535,1.5619158776003952
2008,2025,IL,17,17069,Hardin,20.882557701956838,15.169227713664485,5.888598114233154,10.924969162903453,1.5325006533283172
2008,2025,IL,17,17061,Greene,22.81584126438672,16.816767483131173,6.150902576556088,10.089569522440414,1.5237405835666622
2008,2025,IL,17,17157,Randolph,22.298438168261452,14.87111541058488,6.045270836559479,9.473366450852275,1.5602778078361252
2008,2025,IL,17,17149,Pike,22.956277783445625,16.852936697676984,6.300371455737335,10.058819781481173,1.5300692045715465
2008,2025,IL,17,17145,Perry,20.874892175336203,14.230062870030164,5.843797690387304,8.660991089626938,1.5606005747068548
2008,2025,IL,17,17087,Johnson,19.963113706278687,14.670565603582718,5.647008890648355,8.827583552575387,1.5441750514772385
2008,2025,IL,17,17173,Shelby,23.50227890428699,14.530621058339348,6.064820429491685,10.344441565970431,1.5396330954046584
2008,2025,IL,17,17051,Fayette,21.65264967115847,12.154252660126861,6.021563388180338,8.692600830267713,1.5596753505178111
2008,2025,IL,17,17139,Moultrie,25.769901175881454,17.918373046893635,6.156464675555648,14.161895219638769,1.5237975997445616
2008,2025,IL,17,17017,Cass,23.80001148745219,18.15810244172178,6.2294729524028645,11.887294198589656,1.4961849039233153
2008,2025,IL,17,17015,Carroll,21.524728189406144,18.591370137044528,6.072480874342654,19.705123709654785,1.4463528360938853
2008,2025,IL,17,17047,Edwards,20.40497514997842,15.255015981707015,5.926058805947545,8.630068510272183,1.555976186415027
2008,2025,IL,17,17079,Jasper,21.132706831929017,16.027965256901222,6.072762411232156,9.250393209035922,1.561096998007239
2008,2025,IL,17,17187,Warren,25.22863863613382,12.079292061403647,5.999626454733747,17.66936443835441,1.5015577294970206
2008,2025,IL,17,17153,Pulaski,20.834194741316818,14.722631323642151,5.790295403216144,8.821043339018544,1.5594677135003456
2008,2025,IL,17,17165,Saline,22.253069140916732,15.26988840512322,5.975712685463089,8.849816826590974,1.5606918699187038
2008,2025,IL,17,17101,Lawrence,21.428870579435902,18.324347183448214,6.060918853646565,8.905560885341067,1.5727336027653247
2008,2025,IL,17,17045,Edgar,24.316959183018227,16.33176522755716,6.121864729538415,12.620053461686089,1.5307925945254002
2008,2025,IL,17,17071,Henderson,23.864711865505843,16.470308997468564,6.0270711516407305,15.472364569737964,1.5097514972407666
2008,2025,IL,17,17199,Williamson,20.632323619421626,14.990196410501044,5.693221778026782,8.860637157510864,1.5613629605543557
2008,2025,IL,17,17077,Jackson,24.99569666401318,18.022960194835548,5.982863355577173,10.626897428287434,1.5671989140816056
2008,2025,IL,17,17147,Piatt,26.771469753338845,17.649908025398243,6.222510034445367,15.465296734838752,1.525672362715831
2008,2025,IL,17,17053,Ford,28.866871703692397,19.955513162495972,6.354417450635637,17.507432672047393,1.5297923419799546
2008,2025,IL,17,17019,Champaign,27.492589984209914,18.99714521373182,6.289705844490997,15.857833208301864,1.5199186508172624
2008,2025,IL,17,17029,Coles,24.850697796035586,15.277119010407217,6.134201937212299,12.394779238869809,1.5303912235722725
2008,2025,IL,17,17035,Cumberland,21.514174812416677,16.167683584346165,6.0459524074197875,9.121792702008086,1.559928313028291
2008,2025,IL,17,17183,Vermilion,26.55746163215455,18.458327705187862,6.192015651075355,15.8746876079585,1.5291698148300856
2008,2025,IL,17,17115,Macon,26.333560222885662,15.049466035092943,6.174909700842161,13.77678891035637,1.5298388272331054
2008,2025,IL,17,17049,Effingham,21.25639584631753,12.309760558255514,6.0055469113234645,8.653557581922305,1.5557238117206733
2008,2025,IL,17,17067,Hancock,25.545041678198615,11.524755826803679,6.06263908077133,13.26703707415864,1.5318528086276664
2008,2025,IL,17,17095,Knox,24.75752804982743,13.606936946037052,6.035827596948308,15.652912976334987,1.5061677147911567
2008,2025,IL,17,17109,McDonough,25.55818851546924,11.48157772195168,6.022304313848709,15.520991352744577,1.4998235218155855
2008,2025,IL,17,17081,Jefferson,20.337133435774184,12.681438467325012,5.8345637078320145,8.72966462469302,1.5584485845423834
2008,2025,IL,17,17113,McLean,26.677922365258688,15.845137264732935,6.1947261708404735,16.401603795801257,1.5276845655396236
2008,2025,IL,17,17039,De Witt,27.054910662891565,14.207742263250289,6.1604682643469975,14.622254809877102,1.5226134489524983
2008,2025,IL,17,17105,Livingston,27.78181166651569,21.33864079016945,6.357315579246744,20.245438034041495,1.5088883654027418
2008,2025,IL,17,17003,Alexander,26.5647571320164,18.922994004177884,6.192106154042236,12.68593945913853,1.5603285898168238
2008,2025,IL,17,17093,Kendall,23.75394790518815,28.88037653465716,6.315853434058716,19.836583921410195,1.5107812376922738
2008,2025,IL,17,17031,Cook,23.461128800207533,33.36877599314447,6.440474225021025,16.599094318262207,1.5239545744003409
2008,2025,IL,17,17037,DeKalb,22.77502015924804,28.87199620946144,6.311500523516839,21.172177997689275,1.5138682233667502
2008,2025,IL,17,17089,Kane,22.07136351135848,29.494929272318494,6.284478564126687,21.710350229997672,1.5145183029829843
2008,2025,IL,17,17063,Grundy,25.77457873798234,25.542923346534938,6.3293604563227985,20.83634648331882,1.4942856245154652
2008,2025,IL,17,17111,McHenry,20.559123566658826,34.34278431013263,6.373970702960991,22.27095822254241,1.5116840045336621
2008,2025,IL,17,17197,Will,23.3951526926403,33.28707640040128,6.27365504454259,16.425468597494493,1.5413217906546575
2008,2025,IL,17,17043,DuPage,22.149614395886875,36.46365104475643,6.473546239535958,16.336579658559096,1.515368532067761
2008,2025,IL,17,17097,Lake,21.593692772793478,37.48564848563832,6.511543452970011,19.012064122978895,1.5182749471592225
2008,2025,IL,17,17091,Kankakee,23.895824496503632,34.070902684070376,6.351018955027065,17.30435906381155,1.545075428237923
2008,2025,IL,17,17011,Bureau,23.776506370432525,21.691371948896393,6.149041119298918,18.573236050584832,1.519229339121472
2008,2025,IL,17,17155,Putnam,24.82462815634729,16.281690157903352,6.146522531530752,16.520517407931795,1.5485270791125163
2008,2025,IL,17,17099,LaSalle,25.360857161734412,21.625112613175883,6.301124415785569,19.687292656079435,1.5090776905820236
2008,2025,IL,17,17131,Mercer,23.638414979321034,18.017972537770696,6.002312352464294,15.652819377614843,1.5301750713592714
2008,2025,IL,17,17161,Rock Island,23.734845766036912,19.110733425980303,6.094132871838307,16.87439701405476,1.5322569236594246
2008,2025,IL,17,17073,Henry,24.995346641296756,18.698906111473356,6.091716562987031,19.136646639787557,1.507542533266351
2008,2025,IL,17,17103,Lee,21.821486958681238,32.83022049077529,6.303704591264315,20.537600239219017,1.51511373617494
2008,2025,IL,17,17195,Whiteside,23.02640588487586,24.430524812596744,6.157927783699527,19.122600882584187,1.5126188001480467
2008,2025,NE,31,31043,Dakota,27.261839786341124,17.87949749480086,6.6908226467768035,14.038953243584775,1.5037421076672695
2008,2025,NE,31,31051,Dixon,28.350313553095322,16.79982418711108,6.626626060776657,13.847876162542054,1.5004844907286343
2008,2025,NE,31,31053,Dodge,29.91774795602928,13.06972617555234,6.5942985147744055,12.67138221850433,1.524626801208884
2008,2025,NE,31,31025,Cass,30.771187994259776,6.388490535390949,6.481550220420164,12.472949230824277,1.5462632477454379
2008,2025,NE,31,31055,Douglas,27.509580152090752,15.190940275394786,6.53166216164304,12.995718717388725,1.5315777247661289
2008,2025,NE,31,31153,Sarpy,29.43917829268201,10.521469623373058,6.482398863028277,12.418801106046878,1.5458377536150494
2008,2025,NE,31,31155,Saunders,30.059196099479912,11.75732820253102,6.412309238607705,12.367947264759753,1.5357589702796839
2008,2025,NE,31,31177,Washington,30.035798972089577,9.683449161351817,6.399292607284378,13.123184599091196,1.5110148995724162
2008,2025,NE,31,31067,Gage,31.985773705014903,11.468947589994336,6.781706104360847,12.31903184118045,1.5520440387106704
2008,2025,NE,31,31109,Lancaster,31.815409349866847,11.179367328110597,6.5745560924247854,12.7546207252429,1.5529953766685936
2008,2025,NE,31,31159,Seward,30.32369469298575,10.373097993463158,6.6504699705756,12.26957767502518,1.5455722310391238
2008,2025,NE,31,31139,Pierce,20.75854870907569,38.15173449856699,6.66296445055034,12.971723053950676,1.5127660648612593
2008,2025,NE,31,31119,Madison,22.941998781120564,31.752143881492188,6.692775478100618,13.380095695459172,1.5104497236960093
2008,2025,NE,31,31167,Stanton,27.928212031401745,19.840453861978386,6.578112519403828,12.932026559531328,1.5234542828043602
2008,2025,NE,31,31117,McPherson,16.992868141043807,58.92461244615356,7.207887943251561,11.874136605868422,1.4927464806714628
2008,2025,NE,31,31111,Lincoln,19.57375357046279,45.24756425232633,7.121910719770573,10.621177504874566,1.515141580660598
2008,2025,NE,31,31113,Logan,18.11888157015651,52.29357454781786,7.088738414538021,13.640281649721157,1.4920636016058653
2008,2025,NE,31,31007,Banner,19.169789567840542,46.864517088390514,7.605338158684382,9.367328707263912,1.474109053770262
2008,2025,NE,31,31157,Scotts Bluff,17.62137672460471,50.72362726616339,7.788860975145614,9.017977209739557,1.4898777263380245
2008,2025,NE,31,31165,Sioux,17.189399835842888,53.59740904137895,7.656101910685409,9.686126127401032,1.4788088082333308
2008,2025,NE,31,31039,Cuming,29.761032593766483,12.159236564459048,6.596707805482999,12.671755999235653,1.5107282609884922
2008,2025,NE,31,31129,Nuckolls,29.081842639138802,17.818086748302722,6.860224917046889,11.503581263101651,1.5296912955633568
2008,2025,NE,31,31101,Keith,19.730658620815635,45.8889934255138,7.358606963222363,8.961969950970946,1.5026376502998184
2008,2025,NE,31,31137,Phelps,24.104622769517043,23.86434271718532,6.60742537926262,11.305397321543323,1.4934418132148148
2008,2025,NE,31,31181,Webster,25.92737818339756,24.698630766042676,6.867339653080212,11.461063239048038,1.5166926780541017
2008,2025,NE,31,31015,Boyd,26.277379792184504,32.573880528839894,7.044682553875292,13.964862398685689,1.5199732444338137
2008,2025,NE,31,31171,Thomas,17.868568621832917,53.947164122085304,7.148528508861694,12.07444776445227,1.5046566520677283
2008,2025,NE,31,31089,Holt,20.998427005782546,41.89766259799324,6.823123510721832,13.39241873818275,1.5099029316078845
2008,2025,NE,31,31017,Brown,16.214674595963206,55.83611502058096,6.787272548967168,11.807497941655026,1.5131916286020393
2008,2025,NE,31,31103,Keya Paha,19.508234864621055,50.19715314892453,7.030692487219497,14.048532856685078,1.503068051569987
2008,2025,NE,31,31077,Greeley,20.381324239267865,37.88472678957095,6.855047658482082,12.210636069254639,1.51059515678546
2008,2025,NE,31,31095,Jefferson,30.440299454783826,13.823885609404039,6.662145507740551,11.142738073757954,1.549293922941831
2008,2025,NE,31,31151,Saline,30.95023019320559,12.394888113982026,6.7224791140359175,12.144487634859413,1.5378805913328117
2008,2025,NE,31,31057,Dundy,17.600188917012606,50.53884051353813,7.565806213654688,8.558842115759047,1.5125548683600807
2008,2025,NE,31,31131,Otoe,32.02391324565443,7.722843538345805,6.613587960190909,12.500334603445403,1.5607522822500677
2008,2025,NE,31,31087,Hitchcock,21.788871510508997,38.54386831977698,7.576528921555639,8.34355673836033,1.5306075676248818
2008,2025,NE,31,31105,Kimball,19.967902309361694,46.471501186827474,7.676068125621716,9.087279535784658,1.4786946758584762
2008,2025,NE,31,31127,Nemaha,32.192428776821586,7.352127979768609,6.7179906373739415,12.303953107963164,1.566778586765997
2008,2025,NE,31,31041,Custer,18.683624228891947,47.01628549138623,6.9967640058236045,13.463880402456612,1.4970252206885721
2008,2025,NE,31,31143,Polk,26.0314902441916,19.87107197012895,6.689898750700474,13.78167700511467,1.5286181742902027
2008,2025,NE,31,31045,Dawes,24.561691238557316,35.40823764028028,7.512220529188318,10.856168299474945,1.4636599453679833
2008,2025,NE,31,31179,Wayne,29.076570748065834,17.79307304515486,6.617025627037264,13.867825598762579,1.5155786826035398
2008,2025,NE,31,31071,Garfield,17.750594176758565,49.46730773855536,6.982910658764958,14.167231813106602,1.495355801769305
2008,2025,NE,31,31013,Box Butte,19.820111184295786,45.75189191723031,7.574978950277617,9.633239968092072,1.4718750743200084
2008,2025,NE,31,31173,Thurston,28.891559410587938,12.860977594055331,6.488262105576706,13.134197759204397,1.5037904647229434
2008,2025,NE,31,31011,Boone,21.522259299548995,36.94393223700134,6.601139286048339,14.444140255120354,1.5102475874283405
2008,2025,NE,31,31145,Red Willow,21.856560439917224,40.29759211582512,7.300224093935732,8.87622936250931,1.5448091313300365
2008,2025,NE,31,31149,Rock,16.591002243535872,55.32084091092288,6.968589628913076,13.397068989851482,1.5124986822560482
2008,2025,NE,31,31005,Arthur,17.517593426239426,55.795048690090205,7.3059543865269765,12.314965689550728,1.47810571705801
2008,2025,NE,31,31085,Hayes,19.987038704202792,42.747474503053965,7.351011102546782,8.778866154104424,1.5161369051020317
2008,2025,NE,31,31097,Johnson,32.318410255153275,12.798268432675714,6.707122544791999,13.578632514185996,1.5513011094381404
2008,2025,NE,31,31003,Antelope,20.66987864384556,41.641195354159784,6.625920949888773,14.9127490034552,1.509151384663575
2008,2025,NE,31,31163,Sherman,22.435733114928983,32.84461619455315,6.85745580280463,10.713170366636461,1.5258618279774356
2008,2025,NE,31,31161,Sheridan,21.351564731463803,40.993367174490885,7.444728641946975,11.484642533393934,1.4713897399137192
2008,2025,NE,31,31133,Pawnee,31.991745092016796,14.919895956214702,6.7806056420852245,13.357251084784565,1.560754900298667
2008,2025,NE,31,31075,Grant,16.467389433832388,58.120848390982616,7.227542591636551,18.372483221476514,1.4594691103080368
2008,2025,NE,31,31021,Burt,30.04559822189239,12.731370909752071,6.57057502880216,13.265583171483897,1.5036071446266466
2008,2025,NE,31,31009,Blaine,16.46773294073034,58.199585408679994,7.185233888777351,10.395112538758404,1.5138245491598235
2008,2025,NE,31,31027,Cedar,27.03251939995783,23.082141119488096,6.704072833933822,14.508031358030253,1.5095799539802406
2008,2025,NE,31,31169,Thayer,29.80752071791688,13.182972000848066,6.630350790853644,11.321819849575167,1.5386296253937244
2008,2025,NE,31,31049,Deuel,20.899613122957977,43.00601304075046,7.483605638286898,7.936422103488583,1.4979224806943479
2008,2025,NE,31,31123,Morrill,17.918333532843107,49.45568433616041,7.640288627488856,9.747118094120971,1.4804205938521704
2008,2025,NE,31,31115,Loup,18.04957776273558,48.98668318337205,7.042890280739413,12.103463067951278,1.505426611694221
2008,2025,NE,31,31063,Frontier,20.856734686900516,40.09652335219156,7.134948208191595,8.961569747475854,1.5210127688567958
2008,2025,NE,31,31125,Nance,24.06702548219165,27.05991477804762,6.728947493214355,11.772641526873905,1.5242636394909683
2008,2025,NE,31,31107,Knox,25.19824671284929,29.406644969856433,6.736552670438441,13.917596501829326,1.5088531258296847
2008,2025,NE,31,31135,Perkins,19.497949089230257,48.01792415148731,7.409370669996182,8.496351674641957,1.5132048770250992
2008,2025,NE,31,31037,Colfax,30.185873368231597,13.952616962844443,6.676049937717515,12.55828194968512,1.5240238651876248
2008,2025,NE,31,31023,Butler,29.601176445287276,13.163375089042951,6.596285061374991,12.598313894506472,1.5308753618478579
2008,2025,NE,31,31031,Cherry,16.876966791338518,58.47756505649854,7.200316824372404,13.514308697819573,1.4879647896473531
2008,2025,NE,31,31183,Wheeler,17.577289746470267,50.924582597272575,6.944420276438719,14.977963418997106,1.4975770967117763
2008,2025,NE,31,31061,Franklin,25.182285148732696,24.367280081424983,6.772823796798767,10.976055554694582,1.5029638743503395
2008,2025,NE,31,31029,Chase,18.585819313740128,49.669672842357976,7.40766854617733,8.80081872999089,1.5104683111426127
2008,2025,NE,31,31059,Fillmore,30.290162049544286,10.790247141590928,6.605199051822666,12.372722619960097,1.5305045587570454
2008,2025,NE,31,31185,York,28.497744722854346,13.954541433170156,6.59179333673295,13.0036059483625,1.5353688752326604
2008,2025,NE,31,31035,Clay,27.78363983558544,14.926136669361318,6.526021809146221,12.29894244684212,1.5279421232350763
2008,2025,NE,31,31033,Cheyenne,20.811966508944597,41.620852873168644,7.540355818077515,8.847901646349664,1.4762548444507066
2008,2025,NE,31,31069,Garden,20.96006992619554,43.004867906491384,7.4471507645961665,8.69905841675595,1.4929929402385254
2008,2025,NE,31,31083,Harlan,23.179313743424036,30.855892786472776,6.917531359758266,9.769208932825848,1.5235885639674738
2008,2025,NE,31,31091,Hooker,16.68748146627432,61.280606309450484,7.113292958324777,13.84423686671685,1.4979773717466185
2008,2025,NE,31,31147,Richardson,31.15457621273914,8.823782751417568,6.710000351470608,12.428246294638443,1.560674984581715
2008,2025,NE,31,31065,Furnas,22.8937199911352,36.65076982092634,7.172934759998076,9.479806980953683,1.5427250144897846
2008,2025,NE,31,31175,Valley,21.126591411057635,37.06430188318335,6.864104688382446,11.744380187272226,1.511978329492844
2008,2025,NE,31,31141,Platte,26.272171651244257,21.115261144012557,6.727573223313802,13.269323089166527,1.5085474264541072
2008,2025,NE,31,31121,Merrick,20.407725382423713,34.974770501222714,6.776311079041919,13.657266978752398,1.51465919413006
2008,2025,NE,31,31079,Hall,23.220868084074684,25.239279241320332,6.661660336583985,12.500585466176211,1.5191485018377087
2008,2025,NE,31,31081,Hamilton,25.74266753084417,17.79891777196483,6.545773626639451,13.554519571306303,1.5146034649403677
2008,2025,NE,31,31093,Howard,22.080036912772805,31.66639676003896,6.663762237043823,11.373548069063713,1.5333482489413257
2008,2025,NE,31,31001,Adams,24.544248855104545,23.01939583841452,6.601415435836528,12.370647669333737,1.5098280229728531
2008,2025,NE,31,31099,Kearney,23.692367260987783,25.668335069438662,6.595788292919995,11.356039511283576,1.5078944330015065
2008,2025,NE,31,31019,Buffalo,23.304119335026584,28.182362764709758,6.7874232494211615,11.217963525833017,1.5115701153904129
2008,2025,NE,31,31073,Gosper,23.228706756674114,30.671615226793165,6.857785433941989,10.189575188512933,1.509333838308239
2008,2025,NE,31,31047,Dawson,21.767368820096497,34.134307205139244,6.715669894112665,11.499487599060922,1.5150744015968862
2008,2025,MN,27,27073,Lac qui Parle,29.625126352269458,29.544897061556796,7.04726862356895,21.098299967711913,1.475470157034648
2008,2025,MN,27,27153,Todd,15.467137219064744,50.256936198288884,6.354989120423415,18.955712392983127,1.4974316743583242
2008,2025,MN,27,27001,Aitkin,18.52820716807579,44.92774725912853,6.119527306125946,30.562996492613564,1.4340161897240558
2008,2025,MN,27,27057,Hubbard,16.0266754803437,52.72768021937461,6.505594367308015,23.576582758714565,1.3922944043563232
2008,2025,MN,27,27063,Jackson,29.801548717701227,31.002492397721852,6.783412976980452,22.639786877533055,1.4714544856265845
2008,2025,MN,27,27121,Pope,22.11190624905906,43.58662817085324,6.678317948240444,22.953938129877645,1.51168554244575
2008,2025,MN,27,27133,Rock,29.110150813419384,21.966503460665365,6.785386576731533,16.991400465536586,1.4666508761471488
2008,2025,MN,27,27161,Waseca,27.865875123741016,28.029519306853732,6.693774204334964,30.961663736620345,1.5159776581480118
2008,2025,MN,27,27033,Cottonwood,29.565463456542506,30.243826204991628,6.777866269535382,25.280569971378434,1.4610818632265765
2008,2025,MN,27,27071,Koochiching,21.63956379011781,43.33279329430889,6.312320769015566,50.08657002624058,1.3211915739747224
2008,2025,MN,27,27165,Watonwan,27.712289485695006,35.09998014551616,6.831775299752994,24.353202042202867,1.5204718199430367
2008,2025,MN,27,27005,Becker,21.566149705864195,45.04687544106273,6.793648755520775,28.936804473481658,1.400139704560894
2008,2025,MN,27,27107,Norman,28.673062320674315,38.226713625185845,7.135631789716498,33.793820757725854,1.4755757222907215
2008,2025,MN,27,27089,Marshall,32.10368710657977,38.77573312137439,7.089367672766027,44.42506675471233,1.4506741445935223
2008,2025,MN,27,27093,Meeker,22.83347041647947,41.9224678534178,6.729308928922696,31.90652261999322,1.503792362249478
2008,2025,MN,27,27065,Kanabec,14.875532933991426,47.58090097949009,6.119184271924986,17.824609482132246,1.4849829542228734
2008,2025,MN,27,27077,Lake of the Woods,22.379694575190364,50.556083545115904,6.667612247224207,72.69264089726377,1.3125165702474388
2008,2025,MN,27,27081,Lincoln,30.20955118073599,27.892059303957776,6.725475566802273,24.10451147322762,1.4450988234765407
2008,2025,MN,27,27075,Lake,,,,,
2008,2025,MN,27,27101,Murray,31.260151623779954,25.519632206899143,6.767294525678594,24.63434208333018,1.4577808046302494
2008,2025,MN,27,27159,Wadena,14.604591328114457,55.32214822388317,6.482230649287884,19.44631166292908,1.481117234750893
2008,2025,MN,27,27113,Pennington,20.89594119196309,56.30718306832803,7.162760732628325,32.6328959376655,1.4694925207389085
2008,2025,MN,27,27155,Traverse,30.34818085385092,33.49742513097944,7.112272852941837,24.026867246720784,1.4937251701224756
2008,2025,MN,27,27173,Yellow Medicine,29.634356957358793,30.07615330771861,6.976255321836714,23.501657374788834,1.4716472786461037
2008,2025,MN,27,27151,Swift,27.643650174608663,33.88737572825893,6.9922013467315836,26.74680391552732,1.5179547063332643
2008,2025,MN,27,27125,Red Lake,21.35695271966427,54.258826081324614,7.187878519519849,29.07072751398838,1.5044424236795175
2008,2025,MN,27,27029,Clearwater,18.385704226670867,49.146553565379115,6.537419649017697,32.046174994018514,1.3932735900609987
2008,2025,MN,27,27011,Big Stone,29.775697898046822,32.04740501241434,6.958266624220624,26.233092722385834,1.4664289884434425
2008,2025,MN,27,27127,Redwood,30.57049227839018,28.881279167254213,6.949352137333712,29.62889645328398,1.499547131272513
2008,2025,MN,27,27135,Roseau,24.255241472817655,51.75814819535095,7.135378646806143,47.130813594254874,1.4094402731364037
2008,2025,MN,27,27031,Cook,,,,,
2008,2025,MN,27,27051,Grant,25.801557743069402,41.44708766392838,7.091891824345726,24.556120400591613,1.5242984364003902
2008,2025,MN,27,27023,Chippewa,30.06670738669774,27.87163572381797,7.073397507122576,29.575073217747153,1.5227976485851873
2008,2025,MN,27,27043,Faribault,28.991671478261324,28.34102429818987,6.635792796921305,26.295579840035217,1.5061472461464087
2008,2025,MN,27,27115,Pine,16.60636556817703,45.19182813128721,6.057961404252153,19.40714098555844,1.4906866159651153
2008,2025,MN,27,27099,Mower,24.31336841971634,30.980691765037715,6.313687242353858,25.462513092200197,1.5224769596368404
2008,2025,MN,27,27045,Fillmore,20.858648196574038,26.612537996474305,6.289064899628613,18.858964067195405,1.4831388821605334
2008,2025,MN,27,27039,Dodge,25.050809759346198,28.700402714115285,6.456897052081223,27.70817864492731,1.5010874689754719
2008,2025,MN,27,27109,Olmsted,19.76207685498619,31.772295446406346,6.391301284520196,20.21726399221569,1.481567692390854
2008,2025,MN,27,27157,Wabasha,18.97571035863267,27.432697484568692,6.2843655142979244,20.49129581505605,1.4813033397085962
2008,2025,MN,27,27013,Blue Earth,29.23923359757801,27.239640800426486,6.772651209634846,31.373727551229308,1.495275248360461
2008,2025,MN,27,27103,Nicollet,29.311577577511233,28.44082832011775,6.897430474581042,37.036514253373284,1.506860780262487
2008,2025,MN,27,27015,Brown,27.910182500687945,33.97368735827371,6.857107513877846,27.97113505365557,1.5268400836823321
2008,2025,MN,27,27131,Rice,22.35382345233341,34.17593343853066,6.406384346172039,23.902444916522036,1.5197202574061623
2008,2025,MN,27,27085,McLeod,26.409277224683233,35.296257176350565,6.856186781587323,36.745994655155776,1.4983975443921997
2008,2025,MN,27,27095,Mille Lacs,14.925920023425714,47.438426917473954,6.221758717596951,20.158691597099878,1.5108462500912347
2008,2025,MN,27,27143,Sibley,29.266268415307454,29.33787024759037,6.924245183948137,36.83756560235951,1.5096084463881945
2008,2025,MN,27,27171,Wright,19.33122943428937,44.2694727761711,6.468500021034723,23.913969279575504,1.5237402085856897
2008,2025,MN,27,27139,Scott,23.18345767779455,35.550891552792926,6.600145669720037,29.147874721702888,1.4793388585292053
2008,2025,MN,27,27025,Chisago,15.863957626478333,46.11477882233137,6.2341386284672256,18.689445956702237,1.4658279093759377
2008,2025,MN,27,27037,Dakota,19.51812225096014,41.65348006889871,6.375080815507533,21.282965524607356,1.5060573368343082
2008,2025,MN,27,27003,Anoka,14.42386012771649,53.47069432057766,6.2646240240500495,17.259680047321563,1.4707229765741614
2008,2025,MN,27,27123,Ramsey,14.611111111111112,46.11111111111111,5.977777777777778,27.777777777777782,1.5038888888888888
2008,2025,MN,27,27059,Isanti,16.29336884665077,46.26924738447725,6.251480056898373,17.626959179805336,1.4735078565014421
2008,2025,MN,27,27163,Washington,16.67987682052314,43.11650725523457,6.30136785293396,18.940475699173298,1.4939063956508525
2008,2025,MN,27,27141,Sherburne,14.097386804438207,58.80740163648057,6.371149078346293,17.807669185414124,1.5117540915041563
2008,2025,MN,27,27079,Le Sueur,24.961776704363338,33.18118608392225,6.628311350681767,30.299920228205323,1.4956841720192384
2008,2025,MN,27,27019,Carver,24.038581644450463,35.46341240295841,6.6517621953949035,33.643519728554274,1.478943389162426
2008,2025,MN,27,27053,Hennepin,18.08256363836744,41.376960869900834,6.477976673258444,22.162036939579707,1.4939791052427578
2008,2025,MN,27,27049,Goodhue,19.98861100282594,28.748794565789648,6.273158757817734,20.12650609514289,1.5115263919277004
2008,2025,MN,27,27009,Benton,13.172610413788314,56.48057843099352,6.342549358105963,21.80685027538328,1.5132468439025777
2008,2025,MN,27,27145,Stearns,18.980663668595977,48.14579617880696,6.496819394636265,23.209786334340162,1.52155246922657
2008,2025,MN,27,27027,Clay,27.408786533554267,38.71104391317485,7.083350073273468,28.26440905268044,1.4658857811915729
2008,2025,MN,27,27167,Wilkin,29.555295250777178,37.531451092132976,7.169382487804457,26.05577466596334,1.5051202779581747
2008,2025,MN,27,27149,Stevens,27.50392471688759,36.46726292918762,7.056942143268476,27.324976520402192,1.5058898784557266
2008,2025,MN,27,27069,Kittson,40.841588560467635,29.56890818450801,7.04141966692125,45.54185019171343,1.4219238106427274
2008,2025,MN,27,27097,Morrison,13.637758839793928,54.54908042612231,6.177730718692157,18.818564005650277,1.5106966906724544
2008,2025,MN,27,27117,Pipestone,28.8858851874716,26.11746820175854,6.781737573776688,21.107923464869383,1.4635289499195128
2008,2025,MN,27,27129,Renville,31.22745138979108,26.091824639044738,6.918141389262303,36.17980390282137,1.5405742124784465
2008,2025,MN,27,27087,Mahnomen,23.021114688297228,45.464859997727885,6.987314766598205,32.24271100856796,1.4019435801338267
2008,2025,MN,27,27047,Freeborn,26.692887734112393,28.952334610264277,6.530321985327041,31.56019334597601,1.5013802099083586
2008,2025,MN,27,27041,Douglas,19.795854268237317,47.56538934332854,6.650167914681711,22.790172397300772,1.5014884152580943
2008,2025,MN,27,27007,Beltrami,17.607818272636056,49.03361263235577,6.372135677525148,31.1980653067714,1.3825943459197894
2008,2025,MN,27,27021,Cass,15.152170178962564,48.41419978784258,6.029969815828467,20.558977248042652,1.4715841864898171
2008,2025,MN,27,27035,Crow Wing,12.303921500628627,54.1754315389286,5.947593781197026,19.027705143695293,1.4676174233018773
2008,2025,MN,27,27137,St. Louis,20.366357069143447,43.39112487100102,5.960990712074306,24.14344685242518,1.3829205366357065
2008,2025,MN,27,27017,Carlton,16.242411398389365,44.44168758762348,5.907634066200799,22.70126684997409,1.4348560167222748
2008,2025,MN,27,27091,Martin,28.627229020717635,33.6262071534727,6.754878226338902,24.343064904439146,1.5182175927192088
2008,2025,MN,27,27111,Otter Tail,18.64790869250083,48.64741398058323,6.615393824958058,22.191092431081895,1.455022510302451
2008,2025,MN,27,27119,Polk,32.76900260201751,32.48227945176417,7.13162877718996,40.65453793213042,1.4580260934213707
2008,2025,MN,27,27061,Itasca,15.738669171944926,47.144637391278025,5.861489024254734,24.564031073531943,1.370452243133214
2008,2025,MN,27,27055,Houston,20.000172654273808,22.083849086415263,6.298754217900682,17.790422068005295,1.4458428229346916
2008,2025,MN,27,27083,Lyon,31.163120025025528,28.02430575217891,6.925805373290796,22.003834175566944,1.4617864274306953
2008,2025,MN,27,27147,Steele,25.848807243638547,28.67269584247347,6.509013102477589,29.64734735023764,1.511660834076858
2008,2025,MN,27,27067,Kandiyohi,27.46499397205471,33.94752503983327,6.865266100897978,32.72221095929373,1.5212425909353318
2008,2025,MN,27,27169,Winona,19.38911934715274,26.076641390033007,6.309365813472612,19.178783969962836,1.4648999893284929
2008,2025,MN,27,27105,Nobles,31.92858756894047,24.329322207460987,6.8142579396466845,22.805588012529334,1.4454077412493767
2008,2025,TX,48,48073,Cherokee,21.5037037037037,45.9925925925926,5.597037037037037,9.72839506172839,1.588197530864198
2008,2025,TX,48,48423,Smith,21.833333333333336,43.66666666666667,5.683333333333334,10.0,1.5983333333333332
2008,2025,TX,48,48057,Calhoun,39.480356356481224,32.92873243346415,7.0695800655200705,9.447870436750103,1.720316137036492
2008,2025,TX,48,48469,Victoria,38.54288462389869,33.90567893035816,7.1805423252313,9.182961437995477,1.7270850887678755
2008,2025,TX,48,48175,Goliad,30.075629747582475,42.906987977453106,7.050459083633881,8.797834003981622,1.6701944675271174
2008,2025,TX,48,48245,Jefferson,32.33059231209085,31.34924501799664,5.637995738693655,12.823512872893954,1.6341489250641212
2008,2025,TX,48,48351,Newton,,,,,
2008,2025,TX,48,48199,Hardin,27.941666666666663,30.758333333333333,5.6066666666666665,9.583333333333332,1.6288333333333338
2008,2025,TX,48,48025,Bee,30.675987744106276,46.38568950571197,7.5635891474799894,8.220141866638084,1.6450000529801927
2008,2025,TX,48,48173,Glasscock,21.304671041482997,55.27449202796755,7.905607533447846,6.159534402420959,1.5681645800306623
2008,2025,TX,48,48227,Howard,22.45652046442992,54.65151949363177,7.9308650299007715,5.666771027492979,1.5772176986253557
2008,2025,TX,48,48049,Brown,27.310299840646127,40.82153499874699,7.052483272570784,10.057847351273555,1.6018757796282361
2008,2025,TX,48,48041,Brazos,32.23296968786326,35.18942976594356,6.694117352439554,9.154873561036874,1.681520391297814
2008,2025,TX,48,48395,Robertson,31.012631140670457,35.53487752899474,6.719510262071295,8.825708228101147,1.671472825918236
2008,2025,TX,48,48051,Burleson,34.87770348033937,32.569445629903655,6.887477809177956,9.195504504809945,1.69260365817774
2008,2025,TX,48,48465,Val Verde,27.666666666666668,41.666666666666664,6.333333333333334,8.333333333333334,1.6066666666666667
2008,2025,TX,48,48341,Moore,26.288277437724332,34.15923902566296,7.716673095073834,7.91539693084797,1.5362570610354644
2008,2025,TX,48,48323,Maverick,28.91824797909494,40.49118372530342,6.883465211126577,8.942108090946828,1.5926435392092217
2008,2025,TX,48,48171,Gillespie,29.803301810757056,36.481789443519084,7.1176718965486465,11.904899432235418,1.5778260616481283
2008,2025,TX,48,48117,Deaf Smith,28.312374055292246,40.34631337829505,7.542024216721505,7.460615708273699,1.5641521653115684
2008,2025,TX,48,48265,Kerr,29.174358974358977,36.400000000000006,7.0974358974359,9.897435897435903,1.5846153846153848
2008,2025,TX,48,48027,Bell,36.991548917340104,27.2973558431411,7.2448975892107415,9.06811182197142,1.6839959122846009
2008,2025,TX,48,48099,Coryell,35.75982863887486,28.381695673287116,7.1223811177874286,12.36909520427329,1.6409409481544446
2008,2025,TX,48,48281,Lampasas,29.869635300489268,35.05393660672486,7.013144053093929,9.642377844481748,1.6578040187627934
2008,2025,TX,48,48115,Dawson,20.56993490593942,58.78684422157223,7.923959865030628,5.391718554909978,1.5718692862997454
2008,2025,TX,48,48479,Webb,29.75,45.916666666666664,7.716666666666666,8.333333333333334,1.575
2008,2025,TX,48,48005,Angelina,,,,,
2008,2025,TX,48,48449,Titus,27.998756508898733,29.690176420299995,6.213802751224064,11.690565011269136,1.6129917618714538
2008,2025,TX,48,48347,Nacogdoches,21.583333333333332,47.58333333333333,5.366666666666667,10.416666666666668,1.5408333333333333
2008,2025,TX,48,48001,Anderson,25.67079183167325,42.451268050722035,6.085519920796834,9.853544141765674,1.6245497819912789
2008,2025,TX,48,48179,Gray,26.427344563173005,38.666870949260286,7.490430230548175,8.63292757575155,1.5722893922497805
2008,2025,TX,48,48277,Lamar,30.713519000342046,29.01444683864216,6.418873920883968,9.506337586850108,1.6737920739377135
2008,2025,TX,48,48389,Reeves,28.479207699101472,41.86356568575824,7.852184549552009,6.5395369537243875,1.5278246969992242
2008,2025,TX,48,48189,Hale,26.784152293958602,45.59832780597882,7.630557857813994,7.925589481988945,1.5827651871119182
2008,2025,TX,48,48235,Irion,28.371431020745714,36.99023226730408,7.933521930753479,7.45892711264411,1.5700253144130798
2008,2025,TX,48,48451,Tom Green,28.272168287545245,40.921510229439626,7.812852967646494,7.687713619553376,1.6052504266047571
2008,2025,TX,48,48019,Bandera,29.769665278719206,36.20154288112068,7.160495142183918,10.65830670410897,1.5838281527387756
2008,2025,TX,48,48029,Bexar,32.12630128340708,37.83204044259579,7.302947295713981,9.216506534532394,1.6283370974456073
2008,2025,TX,48,48091,Comal,31.893112877436106,36.496910218679275,7.197798530808973,11.224229292671804,1.6094364625093656
2008,2025,TX,48,48259,Kendall,29.73286758284689,36.333409937031774,7.165773467543014,9.930367238130259,1.5874907692543392
2008,2025,TX,48,48325,Medina,33.03676449315902,34.95990796867875,7.3586237332729105,9.31202038590214,1.6189991621110418
2008,2025,TX,48,48187,Guadalupe,33.98580498401821,36.30816894049766,7.430170610562783,9.58633368567564,1.6552950497646621
2008,2025,TX,48,48013,Atascosa,27.94674044280803,47.31728482359625,7.39366422647403,8.592357270035375,1.6118767355706687
2008,2025,TX,48,48493,Wilson,27.915367581392804,45.58571178330087,7.3130047244987555,8.685478595975134,1.6397526270278593
2008,2025,TX,48,48415,Scurry,24.679267359621257,46.54611783098585,7.776241622014492,6.994587807819754,1.5998980524818356
2008,2025,TX,48,48143,Erath,25.64482170008227,45.16748666440992,6.750238940592801,10.896757569715291,1.5986997922054103
2008,2025,TX,48,48353,Nolan,25.481233154882787,44.46697907347711,7.655140843403621,8.567577853197477,1.5858714985586704
2008,2025,TX,48,48037,Bowie,28.641011777442056,30.27285391843649,6.393559274149616,9.335036961672039,1.6416392582214665
2008,2025,TX,48,48463,Uvalde,34.62492594278842,33.229081938649955,7.541405022173473,8.627594920915719,1.6128660578653113
2008,2025,TX,48,48487,Wilbarger,22.714884005977492,42.41225380134795,7.39421923230226,6.495028526574699,1.6148574844284749
2008,2025,TX,48,48309,McLennan,35.63441255489795,28.853612636273493,7.097060840430366,9.886782113684568,1.6767964048051383
2008,2025,TX,48,48145,Falls,33.27096674968005,32.085319943540256,6.928600973474649,8.7432381044675,1.6942164175689851
2008,2025,TX,48,48077,Clay,25.64766381835595,35.28112473303989,7.15924171549435,7.521423986030129,1.6280337748251743
2008,2025,TX,48,48485,Wichita,26.85704807531948,32.499426010466706,7.342787651625476,6.804339858865122,1.621805534265461
2008,2025,TX,48,48009,Archer,28.76238036514552,31.136223341356363,7.3189450647690935,7.528288105017724,1.6367012500874023
2008,2025,TX,48,48505,Zapata,31.178921568627455,42.1421568627451,7.918627450980397,7.193627450980391,1.5858333333333325
2008,2025,TX,48,48011,Armstrong,27.03052667135341,35.23468024249012,7.688242077539811,7.867248743216893,1.5686105501225642
2008,2025,TX,48,48359,Oldham,29.756911665019853,34.50811628463725,7.450951699911039,7.099485629103889,1.5561528231713035
2008,2025,TX,48,48381,Randall,28.863731474781417,35.310224219573165,7.565027058181257,7.577447029998554,1.5793800083787226
2008,2025,TX,48,48375,Potter,28.821612620420407,32.03344136131024,7.473506980958536,8.153183957952985,1.5709734130747552
2008,2025,TX,48,48065,Carson,28.37915583662622,33.58588503475733,7.5501216055785285,8.384308955806336,1.567095460770682
2008,2025,TX,48,48233,Hutchinson,27.620862500265808,30.202203414532317,7.610805194369862,8.372217339244944,1.5539003007893677
2008,2025,TX,48,48061,Cameron,34.1632520883507,40.137614049791225,7.849231023051633,8.725024766890343,1.5967495051026783
2008,2025,TX,48,48489,Willacy,28.931224055402502,49.84661291466458,8.0490564386811,8.03746982436652,1.6064297415464486
2008,2025,TX,48,48491,Williamson,35.17687461152751,31.882642017155206,7.261729647767736,9.37769969905572,1.656495154291887
2008,2025,TX,48,48453,Travis,34.29356518159549,32.70477828682949,7.148430080731552,9.0768998932276,1.6695506855659028
2008,2025,TX,48,48021,Bastrop,28.827281588701375,39.73438020417955,6.610710258784272,9.402571647706257,1.6480748240700849
2008,2025,TX,48,48361,Orange,,,,,
2008,2025,TX,48,48401,Rusk,22.666666666666668,43.666666666666664,5.800000000000001,8.333333333333334,1.6366666666666667
2008,2025,TX,48,48183,Gregg,,,,,
2008,2025,TX,48,48459,Upshur,25.833333333333336,34.16666666666667,5.65,10.0,1.615
2008,2025,TX,48,48203,Harrison,22.416666666666664,42.0,5.491666666666667,8.75,1.58125
2008,2025,TX,48,48219,Hockley,24.12517009341633,55.73113171804205,7.870101606488368,5.582292745213043,1.57689074465619
2008,2025,TX,48,48107,Crosby,26.431971007753635,46.57536394690837,7.74806226806707,7.787828594935069,1.581248642471808
2008,2025,TX,48,48305,Lynn,24.47160614642482,53.44738009874995,7.898371958542938,5.835126353612167,1.580513850609645
2008,2025,TX,48,48303,Lubbock,24.49112159161361,53.20561331544355,7.841096032375171,6.464813318219914,1.5832734396045818
2008,2025,TX,48,48215,Hidalgo,29.429865486086445,46.99249977819969,7.8969355996287085,7.748161145583927,1.5889771219608253
2008,2025,TX,48,48427,Starr,27.73265959354626,49.21986235375437,7.947705700524043,6.39168844747773,1.5728805368966827
2008,2025,TX,48,48317,Martin,20.67792517875084,58.5220174880909,7.958029221611288,5.33723875881949,1.5633973485561121
2008,2025,TX,48,48329,Midland,20.217323525027,56.5500685015436,7.906446665454588,5.964657450256201,1.5561154780752993
2008,2025,TX,48,48135,Ector,28.0,39.666666666666664,8.133333333333333,8.333333333333334,1.5166666666666666
2008,2025,TX,48,48249,Jim Wells,27.70368999633128,52.587915942993895,7.821749504792656,7.907769548256518,1.608913942793693
2008,2025,TX,48,48007,Aransas,34.769906104008655,38.03753275590633,7.078141874740388,8.794454444290587,1.686562001610232
2008,2025,TX,48,48409,San Patricio,39.0512129841348,36.08128330656001,7.671119338646378,8.538340118038922,1.67943506433318
2008,2025,TX,48,48355,Nueces,40.56478252224718,35.41146433654249,7.83189447556775,8.270256158847447,1.6748623174657544
2008,2025,TX,48,48273,Kleberg,36.77114465506909,40.23996179302689,7.789801947329458,8.284060268919598,1.6484823127830186
2008,2025,TX,48,48261,Kenedy,26.307459677419356,54.67036290322581,7.630863575268818,7.480678763440859,1.5942506720430105
2008,2025,TX,48,48213,Henderson,32.442663164821724,34.478486568427,6.7927107570095675,11.193653199840178,1.6585185609532545
2008,2025,TX,48,48147,Fannin,31.790429983510865,27.459232234207597,6.674111946492639,9.52219224034106,1.6652936789157193
2008,2025,TX,48,48349,Navarro,35.93475363651419,29.321201497922647,6.959957351999967,8.950468492241978,1.701749770723708
2008,2025,TX,48,48397,Rockwall,36.529513562823645,23.764194085958984,6.9169018808189,9.975882351187572,1.6965573472374984
2008,2025,TX,48,48367,Parker,26.920183829243808,36.75098614979395,6.916408524367039,10.404289909135581,1.6184090956827855
2008,2025,TX,48,48257,Kaufman,33.85985109653737,31.078274531019773,6.940123519406311,9.653544383630528,1.701676651225517
2008,2025,TX,48,48251,Johnson,33.41407993569686,29.603341825306654,6.959595116539271,9.831029724617363,1.6626728536757762
2008,2025,TX,48,48439,Tarrant,36.09707320633529,24.981445567059758,7.18993321655354,9.704205636710572,1.6739838072299207
2008,2025,TX,48,48497,Wise,30.23025520834708,31.521282008694715,6.954615869299882,9.552504409310597,1.641308055922448
2008,2025,TX,48,48139,Ellis,37.95232361906121,25.393870273122744,7.141101226543443,9.378966821154304,1.6929973700560883
2008,2025,TX,48,48231,Hunt,34.45421162780084,25.15443220510587,6.812456677540446,9.247274825627418,1.7049384677690278
2008,2025,TX,48,48221,Hood,27.703336264702642,35.80779377816862,6.922653988494375,10.338710563922174,1.6277623575537725
2008,2025,TX,48,48085,Collin,37.754319382613986,22.305921209771622,7.002438164232224,9.861509119896752,1.686553499898464
2008,2025,TX,48,48121,Denton,33.86706291191765,24.918612171707828,7.1062426014506235,9.675456214308328,1.6653274689036206
2008,2025,TX,48,48113,Dallas,36.43724567907096,28.01243327234025,7.030539604195353,9.614130883766927,1.695301880590667
2008,2025,TX,48,48425,Somervell,29.515151515151512,35.10606060606061,7.109090909090911,10.75757575757576,1.6413636363636364
2008,2025,TX,48,48097,Cooke,31.974824898869063,26.7944878166715,6.899675469815505,11.092226835237982,1.6491264550826465
2008,2025,TX,48,48363,Palo Pinto,29.313681451478846,33.2345990879982,7.149276745536944,9.902310394003136,1.6488819510064143
2008,2025,TX,48,48181,Grayson,32.75682647839547,25.1866139905964,6.868627375684051,9.625499662326177,1.6637557505648832
2008,2025,TX,48,48223,Hopkins,26.87100234173625,35.93167408871644,5.929860038673285,10.073326669399613,1.6436656595890444
2008,2025,TX,48,48229,Hudspeth,26.865582462417837,45.908316251766536,7.863303634761855,7.407048033691655,1.5295801464941234
2008,2025,TX,48,48141,El Paso,30.81610213019276,42.13244800656279,7.992316314659438,7.083864656441206,1.4893206614360133
2008,2025,TX,48,48321,Matagorda,32.27374981098436,40.219289818382826,6.465840817105736,9.055403227553189,1.688937858456225
2008,2025,TX,48,48477,Washington,30.480449106098238,38.38323515124147,6.403016277017177,9.363116374857158,1.6735717755564208
2008,2025,TX,48,48481,Wharton,32.441674140527915,39.34201807558438,6.542505792448603,8.773080597525936,1.6969648844517427
2008,2025,TX,48,48157,Fort Bend,32.82308748071735,38.827170581683696,6.436513140581592,8.893666772106277,1.6990077467453157
2008,2025,TX,48,48473,Waller,26.68308544319165,44.35791961658361,6.140568763414238,9.301488797599273,1.6502430343112975
2008,2025,TX,48,48167,Galveston,32.532512509135884,36.85990892224659,5.9639939281497725,10.151571372350581,1.6697066396806657
2008,2025,TX,48,48201,Harris,27.935262487939,40.831861854652004,5.883041831066091,9.351122446052045,1.6337717267715501
2008,2025,TX,48,48339,Montgomery,,,,,
2008,2025,TX,48,48291,Liberty,30.174807748228357,34.47597650746857,5.581346081558466,8.8397258216036,1.6381573166572208
2008,2025,TX,48,48071,Chambers,31.16357040243862,33.51296927811017,5.585147806881911,10.32109460202675,1.6328641110863626
2008,2025,TX,48,48039,Brazoria,33.91455612780135,37.621925079381526,6.334623209121059,9.380470141844159,1.6800342645201507
2008,2025,TX,48,48015,Austin,32.44072216948905,38.33718858762192,6.560767313679921,9.355021574750483,1.70666942942695
2008,2025,TX,48,48471,Walker,31.49462365591398,36.21505376344087,6.614592933947773,9.270353302611372,1.680230414746544
2008,2025,TX,48,48455,Trinity,25.583333333333336,43.75,5.683333333333334,8.333333333333334,1.6041666666666665
2008,2025,TX,48,48327,Menard,30.661327723355836,34.5906695404895,7.325147670611724,11.955619227079328,1.567087931234754
2008,2025,TX,48,48177,Gonzales,26.878402634700592,46.11942584441525,6.806254292314424,8.793810872822599,1.6554626919835178
2008,2025,TX,48,48391,Refugio,38.13983085500063,35.91461580768927,7.27660023556632,9.07275398697955,1.7061441447086956
2008,2025,TX,48,48247,Jim Hogg,,,,,
2008,2025,TX,48,48127,Dimmit,27.284862396689096,46.197018698189666,7.458029131506862,7.472305862235603,1.5726537117579273
2008,2025,TX,48,48413,Schleicher,33.2786610878661,34.88730822873081,7.696596931659702,9.569037656903811,1.5377489539748956
2008,2025,TX,48,48119,Delta,35.15742182824276,25.001324208877527,6.777540569286794,11.00229479379362,1.6811175508975715
2008,2025,TX,48,48507,Zavala,29.46604571122554,41.76231486412084,7.490227292556087,7.326164065814122,1.5889011254817385
2008,2025,TX,48,48133,Eastland,24.741969524924254,47.12595860867794,6.971702214707694,9.871654544346846,1.5839351583225234
2008,2025,TX,48,48123,DeWitt,26.16697656463055,48.43133015289479,6.887212724587485,8.615977984848604,1.6508732039199436
2008,2025,TX,48,48289,Leon,27.41408773390492,40.570730958412334,6.228589986596042,8.701912573146046,1.6848303838727403
2008,2025,TX,48,48433,Stonewall,29.82177916933663,34.967932498976886,7.590046273383443,7.312248091092652,1.6123815915983202
2008,2025,TX,48,48311,McMullen,34.87500000000001,39.33974358974358,7.84487179487179,8.26923076923077,1.6378846153846158
2008,2025,TX,48,48435,Sutton,33.516666666666666,32.15833333333334,7.751666666666669,11.875,1.5248333333333335
2008,2025,TX,48,48271,Kinney,33.954707458570724,37.29852493561228,7.679458362600487,8.327805093784956,1.6187010588204682
2008,2025,TX,48,48149,Fayette,28.988901794502226,40.76073179492206,6.699701087336819,8.942932310835637,1.6589303330114706
2008,2025,TX,48,48045,Briscoe,26.021047884777953,40.67254128765112,7.72037263381328,8.062164790871687,1.5577527042363326
2008,2025,TX,48,48383,Reagan,22.21579644889636,51.44152167397622,7.96986140411008,6.448996671803242,1.5538897052646214
2008,2025,TX,48,48083,Coleman,30.14188182782749,35.83024648284438,7.38560337219846,9.270437284793843,1.62411753325928
2008,2025,TX,48,48357,Ochiltree,25.799217473665067,33.25870453239691,7.647581926061339,7.880652676538792,1.5771559644450788
2008,2025,TX,48,48103,Crane,,,,,
2008,2025,TX,48,48333,Mills,29.52617761144337,37.968914587820954,7.028818036318146,11.061565121120582,1.6351136896954233
2008,2025,TX,48,48403,Sabine,,,,,
2008,2025,TX,48,48225,Houston,29.666118538218598,40.34242197579527,6.434170564908687,9.345550463435648,1.682158280499292
2008,2025,TX,48,48461,Upton,22.43664442887781,48.06969587392642,8.015878270378668,6.317439049883343,1.5255125667672258
2008,2025,TX,48,48237,Jack,26.906494801398892,35.49370237620144,7.001331135287962,9.271263416095707,1.6308825997605516
2008,2025,TX,48,48211,Hemphill,22.11643468847261,44.300999439386025,7.454638017359712,8.300977208142475,1.5698936090007543
2008,2025,TX,48,48417,Shackelford,31.524056708751104,31.026153914014586,7.415698112715784,8.802197053085777,1.6406698124745627
2008,2025,TX,48,48407,San Jacinto,,,,,
2008,2025,TX,48,48153,Floyd,28.352922207537993,42.19507425418984,7.7053688418493325,8.087039236658427,1.5815853443818677
2008,2025,TX,48,48255,Karnes,28.01544010845351,45.22592718117553,7.238365880163101,8.73663159140535,1.637432969669583
2008,2025,TX,48,48131,Duval,23.011407446606526,58.714903527772705,7.680809747828317,7.823286977034116,1.6013584294168903
2008,2025,TX,48,48159,Franklin,27.950021765909955,32.23750775699983,6.037074291218616,9.931645780655199,1.6596774940491081
2008,2025,TX,48,48137,Edwards,31.142857142857142,34.095238095238095,7.328571428571429,10.714285714285714,1.559047619047619
2008,2025,TX,48,48165,Gaines,19.97700726790752,59.50842209424701,7.932555026494831,5.439147000413857,1.5616235511333323
2008,2025,TX,48,48169,Garza,26.53660629474405,46.92465244163356,7.813067921447739,6.982111985465429,1.5846549529153637
2008,2025,TX,48,48369,Parmer,26.450431457571018,45.31857938896129,7.599726252791453,7.940690962862034,1.5714115704578457
2008,2025,TX,48,48445,Terry,21.47288547070277,58.05338778684399,7.922515655406207,5.348442276262261,1.5761757354838581
2008,2025,TX,48,48155,Foard,27.817189084563775,35.750634443074134,7.578635371165923,6.749312491471635,1.6391672488534772
2008,2025,TX,48,48385,Real,28.333333333333336,39.33333333333333,6.583333333333333,11.666666666666668,1.56
2008,2025,TX,48,48275,Knox,23.37637117346948,44.0035145581956,7.423430323315566,6.315814464471991,1.6071158565159642
2008,2025,TX,48,48345,Motley,23.675674583239505,43.89404402041799,7.848894112229482,7.04094090864473,1.55619377991812
2008,2025,TX,48,48457,Tyler,,,,,
2008,2025,TX,48,48377,Presidio,36.94444444444444,34.11111111111111,8.133333333333335,7.5,1.5508333333333333
2008,2025,TX,48,48371,Pecos,28.15936089286497,42.69639835909799,7.700787231248218,8.11978687844912,1.5338615920251957
2008,2025,TX,48,48239,Jackson,34.05864807695591,38.22487171850446,6.727910284513944,8.691143551736163,1.7053090295722866
2008,2025,TX,48,48437,Swisher,28.321641769154727,39.706782710287364,7.632882457457857,8.038786012371203,1.5873248982623063
2008,2025,TX,48,48431,Sterling,29.491973559962215,38.54863078375827,7.6901794145420075,7.771482530689329,1.5503021718602454
2008,2025,TX,48,48495,Winkler,20.92517006802721,51.204081632653065,7.757142857142859,6.1224489795918355,1.5444897959183679
2008,2025,TX,48,48163,Frio,28.454886692143226,45.176293581483804,7.336740393387086,8.32358846050576,1.6037584889756704
2008,2025,TX,48,48295,Lipscomb,23.22742857771383,42.39809549736086,7.373400675622794,8.26616703032623,1.5773769257103738
2008,2025,TX,48,48087,Collingsworth,21.428338750208948,47.60371217237093,7.5231309409565785,7.9458509891883,1.5727954342912553
2008,2025,TX,48,48089,Colorado,28.13072089586978,43.26709409237569,6.315727232254401,8.68718731783604,1.668581656086457
2008,2025,TX,48,48419,Shelby,,,,,
2008,2025,TX,48,48093,Comanche,25.23567258176316,43.61944245998844,6.991723755214389,9.52061477739348,1.5955393609768038
2008,2025,TX,48,48053,Burnet,32.346846846846844,33.49999999999999,7.107207207207208,11.21621621621622,1.6561261261261266
2008,2025,TX,48,48067,Cass,20.5,39.74999999999999,5.55,9.166666666666668,1.605
2008,2025,TX,48,48079,Cochran,23.46947651741154,55.6444994119725,7.878428118677182,5.636304152494347,1.5778279609778065
2008,2025,TX,48,48467,Van Zandt,25.710766710766706,37.41573741573742,5.995589995589996,8.734958734958735,1.6546386946386944
2008,2025,TX,48,48129,Donley,23.98627651793249,43.28903389620208,7.499688334817441,8.32584761070396,1.5608364438156066
2008,2025,TX,48,48185,Grimes,31.007779621639575,38.11703064498285,6.705721429361663,9.174775970793231,1.6995561898440097
2008,2025,TX,48,48047,Brooks,23.761509854225082,57.7642145456715,7.683423821172167,7.925143686733088,1.5758723624286537
2008,2025,TX,48,48111,Dallam,22.270156975705856,47.43661512054019,7.699852028144895,8.818312337823237,1.508254970431845
2008,2025,TX,48,48335,Mitchell,26.61484392533411,42.96752319566201,7.816963801029994,7.188780619594329,1.606646989031069
2008,2025,TX,48,48499,Wood,24.37207984658298,39.74247443049744,5.778582635983263,8.990222570897258,1.6229040271966528
2008,2025,TX,48,48075,Childress,24.689211776907662,41.660985794432534,7.620052023356362,6.986249034722834,1.5821348573045686
2008,2025,TX,48,48243,Jeff Davis,,,,,
2008,2025,TX,48,48337,Montague,24.69535235634633,36.425034853128224,6.90967489246302,8.398420500510749,1.622927288663305
2008,2025,TX,48,48207,Haskell,26.495790666019634,40.29590483062268,7.557304350018007,6.81615586671668,1.6184023493541853
2008,2025,TX,48,48151,Fisher,25.25524322770671,43.13895000079544,7.737964139316002,7.239523521005534,1.5938613532475703
2008,2025,TX,48,48095,Concho,30.432322449690997,36.307842023730366,7.707494371977493,8.404673520894464,1.602952806135968
2008,2025,TX,48,48081,Coke,28.708121672235677,37.1215659066804,7.5787714219638405,8.776078286473325,1.5714774055377894
2008,2025,TX,48,48475,Ward,23.666666666666668,46.0,8.077777777777778,6.111111111111111,1.518888888888889
2008,2025,TX,48,48193,Hamilton,31.224433881101184,35.433466230188806,7.0095844580728786,12.214543079497416,1.6396332757150973
2008,2025,TX,48,48429,Stephens,31.15434283354929,31.689998611023917,7.218446934453642,9.65723209410027,1.646265576035025
2008,2025,TX,48,48285,Lavaca,25.505189275589924,48.15488045312529,6.4803127767288835,8.730465377910754,1.66803670782443
2008,2025,TX,48,48035,Bosque,33.51492762596159,29.12137795960647,6.997106738049275,11.542908477292261,1.649600459697555
2008,2025,TX,48,48393,Roberts,25.891106210292918,40.23655039176657,7.397634159898089,9.072527626868357,1.5694800276716947
2008,2025,TX,48,48379,Rains,25.34743827753238,38.28777500373431,5.850278471288651,9.09235430936987,1.654149115506903
2008,2025,TX,48,48343,Morris,21.0,47.666666666666664,5.300000000000001,8.333333333333334,1.5866666666666667
2008,2025,TX,48,48483,Wheeler,22.943039660738886,45.78598287335871,7.446977248922547,7.827078689850736,1.5698909789768127
2008,2025,TX,48,48031,Blanco,29.676506884905173,35.94826578332036,7.046788126786179,11.415627435697584,1.600444271239283
2008,2025,TX,48,48365,Panola,22.333333333333332,36.833333333333336,5.283333333333333,8.333333333333334,1.6133333333333333
2008,2025,TX,48,48299,Llano,26.403100775193796,47.914728682170555,6.970542635658916,11.046511627906979,1.6427131782945736
2008,2025,TX,48,48319,Mason,27.946284537497856,40.09755526779727,7.149874409098714,10.348144218918204,1.5906538007499047
2008,2025,TX,48,48205,Hartley,23.370925717230858,43.724707336280986,7.628673556765651,8.703740476441466,1.5155083342564175
2008,2025,TX,48,48373,Polk,,,,,
2008,2025,TX,48,48101,Cottle,24.618405399110465,42.554111977521394,7.710211336848798,7.0748309756159475,1.579248965956168
2008,2025,TX,48,48503,Young,28.72466133061947,32.28901314320859,7.281821040636503,8.008268241161206,1.629138231306044
2008,2025,TX,48,48287,Lee,25.733973927229734,44.328409141933456,6.472241928965919,8.893104635325477,1.6355212308981786
2008,2025,TX,48,48191,Hall,22.43880305125083,47.367863822008665,7.805820813624554,7.120269103266713,1.5606064182400987
2008,2025,TX,48,48023,Baylor,26.921411706022017,36.368120498309636,7.443893748486031,6.600875329054917,1.6139630408113064
2008,2025,TX,48,48405,San Augustine,,,,,
2008,2025,TX,48,48313,Madison,26.779949302915078,42.93584283903676,6.032519645120407,9.399873257287705,1.6731290240811152
2008,2025,TX,48,48331,Milam,33.914419887860724,32.42462065119144,7.013572971284336,8.592973166866795,1.6975623214859095
2008,2025,TX,48,48063,Camp,22.94871794871795,37.96153846153846,5.81025641025641,8.397435897435896,1.6416666666666666
2008,2025,TX,48,48161,Freestone,24.762825904121108,43.95584524810765,5.908522567984301,6.546117185309783,1.6117143257639472
2008,2025,TX,48,48399,Runnels,27.90386242722136,39.99103756187667,7.6333226618178305,7.7190958372686485,1.6136426356176095
2008,2025,TX,48,48443,Terrell,,,,,
2008,2025,TX,48,48315,Marion,,,,,
2008,2025,TX,48,48241,Jasper,,,,,
2008,2025,TX,48,48195,Hansford,27.044689626834675,31.637249107811574,7.608800321834656,8.235745058287474,1.55552940311489
2008,2025,TX,48,48447,Throckmorton,30.3842723201185,30.98974450746376,7.451490419631071,8.305658743559968,1.64394548017299
2008,2025,TX,48,48293,Limestone,34.214820469420786,29.924247338970424,6.852176991697194,8.711448300867655,1.6952618105163213
2008,2025,TX,48,48387,Red River,30.819257046401237,28.414286373516987,6.558099602899929,10.194928777004561,1.6667672119202883
2008,2025,TX,48,48197,Hardeman,26.29527937477292,37.76314886609255,7.511737601571777,7.1052399413806775,1.6400227091900283
2008,2025,TX,48,48297,Live Oak,30.48217968042514,46.67339452853524,7.552561142551081,8.358650817289716,1.6318328715111359
2008,2025,TX,48,48421,Sherman,25.15375689077322,37.65156950831788,7.657078234560569,8.103748828990131,1.5290902748946087
2008,2025,TX,48,48017,Bailey,23.162411310200227,53.618772967950775,7.810923146287966,6.611659842455894,1.580920897564748
2008,2025,TX,48,48109,Culberson,30.627554332830172,43.271844719287145,7.999960437259587,7.212957101816232,1.5214370201749687
2008,2025,TX,48,48267,Kimble,29.24583333333333,35.72083333333332,7.290000000000001,10.187500000000004,1.574958333333333
2008,2025,TX,48,48307,McCulloch,28.899061836853175,37.02312466077095,7.439706868018383,8.154556931737437,1.6220686706691527
2008,2025,TX,48,48105,Crockett,30.629629629629626,36.111111111111114,7.722222222222221,8.333333333333334,1.5462962962962963
2008,2025,TX,48,48217,Hill,36.47731804546874,28.14148444491714,7.104641268564348,9.68048733227799,1.6693866083051592
2008,2025,TX,48,48263,Kent,26.127865095605454,41.42200105810473,7.656794826633102,6.901036203805203,1.590813665382957
2008,2025,TX,48,48301,Loving,,,,,
2008,2025,TX,48,48125,Dickens,25.692101619170852,44.642489348176575,7.7323185881235945,7.86151414450312,1.569187928587475
2008,2025,TX,48,48283,La Salle,28.94998524474858,46.862958106180116,7.618219740085682,7.239869355006903,1.5964606922320819
2008,2025,TX,48,48279,Lamb,24.19582116856087,51.419204845310354,7.71148360993617,7.065810869750679,1.5748049129609798
2008,2025,TX,48,48269,King,25.39143674199703,41.21370549452079,7.678189791414282,7.190102099781431,1.5862755423506971
2008,2025,TX,48,48501,Yoakum,21.274477587428567,57.92642776455104,7.938600051787628,5.517615451062064,1.5739272639605346
2008,2025,TX,48,48033,Borden,26.81765443122261,46.91914176658871,7.840795902792298,6.761110683926255,1.5897731805720567
2008,2025,TX,48,48411,San Saba,27.534518809522638,38.751733274986265,7.016636149620656,9.267950082557794,1.6516138225492711
2008,2025,TX,48,48069,Castro,26.823908143069296,42.93576895679215,7.494693225004899,8.470827047035147,1.5667466264526722
2008,2025,TX,48,48043,Brewster,,,,,
2008,2025,TX,48,48253,Jones,28.259844457387107,37.4194275863991,7.629788592045329,7.488903753072922,1.6147087947275005
2008,2025,TX,48,48059,Callahan,28.61119103825198,38.52167211567193,7.168208478532515,10.287942379406294,1.596826046528617
2008,2025,TX,48,48441,Taylor,27.64053426127051,38.42873854636856,7.47298603477432,8.61829029865747,1.5945011814712209
2008,2025,TX,48,48003,Andrews,20.82813410143076,57.96704506901823,7.956336200427225,5.475466584432539,1.5440783144711254
2008,2025,TX,48,48055,Caldwell,33.40421018177854,35.66592853453162,7.2506519605961515,8.939194344938095,1.6629101398208155
2008,2025,TX,48,48209,Hays,32.8158574737157,35.08592509217491,7.193353249325111,10.289226181912571,1.615129496260815
2008,2025,AR,05,05137,Stone,22.42028985507247,29.608695652173918,6.3014492753623195,13.985507246376812,1.5092753623188404
2008,2025,AR,05,05113,Polk,19.46666666666667,29.633333333333336,5.733333333333333,9.666666666666668,1.5606666666666666
2008,2025,AR,05,05049,Fulton,,,,,
2008,2025,AR,05,05083,Logan,24.170951264211592,28.578130077224877,6.55568194267275,9.91004666172756,1.6168324986955886
2008,2025,AR,05,05001,Arkansas,22.065105680367697,11.575660144542265,5.721806638494697,10.473316766897806,1.5251891872434087
2008,2025,AR,05,05015,Carroll,18.666666666666668,22.254901960784313,6.0392156862745106,12.058823529411766,1.5045098039215685
2008,2025,AR,05,05141,Van Buren,,,,,
2008,2025,AR,05,05071,Johnson,23.351655312150235,25.761688314025246,6.827855813836301,9.624185299949968,1.5991016796046975
2008,2025,AR,05,05129,Searcy,19.833333333333336,26.166666666666664,6.15,14.166666666666664,1.518333333333333
2008,2025,AR,05,05133,Sevier,22.36936936936937,35.81981981981982,6.188288288288288,10.675675675675675,1.577117117117117
2008,2025,AR,05,05121,Randolph,20.630245110572552,32.04211012910831,6.119266918732812,10.045137632910778,1.578677133813821
2008,2025,AR,05,05065,Izard,24.333333333333332,28.0,6.533333333333333,11.666666666666668,1.5333333333333334
2008,2025,AR,05,05127,Scott,,,,,
2008,2025,AR,05,05023,Cleburne,21.666666666666668,31.0,5.866666666666667,11.666666666666668,1.5466666666666666
2008,2025,AR,05,05095,Monroe,23.011579229008422,14.627730272158846,5.762169673332198,9.657663365341154,1.5680938447375024
2008,2025,AR,05,05037,Cross,26.454867777780464,18.28545937638456,5.8466997330673065,12.161909488076127,1.5811288299325097
2008,2025,AR,05,05047,Franklin,23.500132618959206,25.67638026865655,6.649615994435911,10.352442251811006,1.5809550333315658
2008,2025,AR,05,05067,Jackson,23.132056260705106,27.317494315671112,5.907812699819177,10.497917454296639,1.584882828632949
2008,2025,AR,05,05021,Clay,19.994282446501455,27.71186659010182,5.93575941543074,9.531869665293955,1.5652162894210884
2008,2025,AR,05,05003,Ashley,23.175346787137148,19.302620228265788,5.7141106499905625,10.343476314109514,1.5778088087385687
2008,2025,AR,05,05041,Desha,30.761054108207528,21.587144760140024,5.915897131954704,12.387918430929352,1.60707751703044
2008,2025,AR,05,05097,Montgomery,,,,,
2008,2025,AR,05,05135,Sharp,,,,,
2008,2025,AR,05,05017,Chicot,33.0428683702168,19.97309378447825,5.935407379803483,12.044071873437034,1.604134809275956
2008,2025,AR,05,05089,Marion,,,,,
2008,2025,AR,05,05117,Prairie,21.285181575054185,16.899948305262807,5.747027846861536,10.093124863233289,1.5524456473511339
2008,2025,AR,05,05011,Bradley,19.064102564102562,25.089743589743588,5.152564102564103,9.230769230769232,1.5583333333333338
2008,2025,AR,05,05043,Drew,23.721657696740618,17.12296234198879,5.644581558311664,9.528357808400623,1.5960170784809191
2008,2025,AR,05,05109,Pike,21.13888888888889,34.361111111111114,5.769444444444444,10.138888888888891,1.5494444444444446
2008,2025,AR,05,05075,Lawrence,24.97344509905596,27.545916824646266,5.990763366929274,10.90526543427746,1.5862540574515274
2008,2025,AR,05,05147,Woodruff,22.748395275150898,21.28274371511233,5.803601030845628,10.276533970256676,1.5745729214497854
2008,2025,AR,05,05077,Lee,22.095254737579744,18.59484589328374,5.935977137268963,9.491862125713666,1.5704195701013905
2008,2025,AR,05,05029,Conway,23.223223872927818,30.962463605905633,6.285143219250858,9.74960371387231,1.592799061574782
2008,2025,AR,05,05061,Howard,22.61111111111111,33.22222222222222,5.622222222222224,10.000000000000002,1.555
2008,2025,AR,05,05039,Dallas,15.839530332681017,40.0150032615786,5.199673842139596,14.986953685583824,1.5665818656229615
2008,2025,AR,05,05073,Lafayette,32.75727501606755,25.748289583360034,6.054135467247532,12.339990373027668,1.6156877835583559
2008,2025,AR,05,05019,Clark,22.80754917832174,32.657209920884185,5.869847960769394,9.940604146578135,1.5836465235327584
2008,2025,AR,05,05063,Independence,22.174872770635194,31.193680507136367,6.227747730723418,10.048849994244332,1.589478889048173
2008,2025,AR,05,05093,Mississippi,28.641280951578036,30.542709412974748,6.097644737032283,11.598727215435613,1.594693009908206
2008,2025,AR,05,05103,Ouachita,19.70833333333333,30.25,5.3125,8.958333333333334,1.56125
2008,2025,AR,05,05013,Calhoun,22.383333333333333,28.46666666666667,5.631666666666667,10.5,1.5796666666666668
2008,2025,AR,05,05139,Union,,,,,
2008,2025,AR,05,05143,Washington,,,,,
2008,2025,AR,05,05007,Benton,18.001493094438224,16.142590518850316,5.700055991041434,11.668533034714448,1.4881075027995523
2008,2025,AR,05,05087,Madison,19.928571428571427,22.142857142857142,5.783333333333334,13.214285714285714,1.5042857142857142
2008,2025,AR,05,05033,Crawford,24.39293424960409,28.935040598001816,6.817982592935286,9.492451336112698,1.6048939479000977
2008,2025,AR,05,05131,Sebastian,24.81760064753912,26.52207055347305,6.714062757856521,10.44131283840599,1.5815012062773577
2008,2025,AR,05,05101,Newton,23.282051282051277,33.23076923076922,5.969230769230769,17.82051282051282,1.4876923076923079
2008,2025,AR,05,05009,Boone,20.90196078431373,23.54901960784314,6.049019607843137,12.647058823529411,1.525686274509804
2008,2025,AR,05,05107,Phillips,26.25311939125975,19.267629943329034,5.963419922370697,12.016873356271581,1.575953879128627
2008,2025,AR,05,05057,Hempstead,25.021199938487232,28.683406928974712,5.996915573716469,8.991629868845976,1.585952679101035
2008,2025,AR,05,05099,Nevada,22.666666666666668,31.0,5.933333333333334,8.333333333333334,1.5666666666666667
2008,2025,AR,05,05027,Columbia,,,,,
2008,2025,AR,05,05005,Baxter,,,,,
2008,2025,AR,05,05149,Yell,23.707293398254368,30.36602832893845,6.385639038550476,9.620632469160526,1.582716072670683
2008,2025,AR,05,05115,Pope,22.527521011667105,30.15716157363535,6.271977841300423,9.327989145913941,1.5823042924389072
2008,2025,AR,05,05091,Miller,33.24452983587106,24.88117322586231,6.113546327272097,12.60269724474532,1.6122940566694748
2008,2025,AR,05,05081,Little River,32.47363915498623,26.38394487440321,6.540132361410702,9.510644461029331,1.662105868681394
2008,2025,AR,05,05031,Craighead,19.83746014426913,27.94877646772229,5.896908873318894,9.867074837514675,1.560358674433247
2008,2025,AR,05,05111,Poinsett,25.916960980572423,20.7102123926969,5.926622202801168,11.922623079528869,1.5796551156389043
2008,2025,AR,05,05055,Greene,22.963334056870693,22.377181380687023,5.904853571070544,10.11481594406444,1.5771102946789644
2008,2025,AR,05,05085,Lonoke,23.186691871294062,21.90633434570021,5.828073259137094,10.649484912471166,1.5735088264422359
2008,2025,AR,05,05105,Perry,24.974230924883745,30.637259299573955,6.230369670400646,11.027653012605443,1.5749934311385962
2008,2025,AR,05,05045,Faulkner,26.03616612805978,28.130226820352565,6.378819378747877,11.50931651164379,1.5871042753025413
2008,2025,AR,05,05119,Pulaski,24.63354732127153,26.12750052605536,5.963367349617755,10.048034629917781,1.5918004806401884
2008,2025,AR,05,05053,Grant,,,,,
2008,2025,AR,05,05125,Saline,,,,,
2008,2025,AR,05,05069,Jefferson,27.89077834944079,19.399202879425957,5.924828096802443,11.464031299671776,1.592880028548922
2008,2025,AR,05,05079,Lincoln,28.889720142768194,19.937138027422204,5.81649017411323,10.784725789128595,1.6124821952520794
2008,2025,AR,05,05025,Cleveland,,,,,
2008,2025,AR,05,05145,White,22.85831987079278,28.503714999204497,5.868807764022485,11.682894122470081,1.569681599277418
2008,2025,AR,05,05123,St. Francis,26.721988956242708,18.486559323262753,5.892493685012966,10.50438234467034,1.5840677398580283
2008,2025,AR,05,05035,Crittenden,31.529564134615597,23.70127954668608,5.9760590111595535,11.327357824347855,1.6114930103176845
2008,2025,AR,05,05051,Garland,,,,,
2008,2025,AR,05,05059,Hot Spring,20.423044016892188,33.23172693236962,5.893692805760317,9.738335284011963,1.5710805390717506
2008,2025,LA,22,22021,Caldwell,31.01719500633796,21.21999129198221,5.727867654107934,11.109336885778294,1.61409286155583
2008,2025,LA,22,22107,Tensas,34.0818608808374,22.722189506248704,5.73452664379554,11.227849650099504,1.6338655670734519
2008,2025,LA,22,22049,Jackson,17.666666666666668,39.666666666666664,5.0,10.0,1.5066666666666666
2008,2025,LA,22,22035,East Carroll,40.77992681829544,20.080511414926935,6.014377235825587,15.76853850484282,1.639646290814031
2008,2025,LA,22,22083,Richland,24.915221873570182,21.134458406781985,5.642824685298827,10.027470573845514,1.5957588983488225
2008,2025,LA,22,22027,Claiborne,18.276731550350792,28.329904520757502,5.301624729651316,9.357229519438729,1.5556116474125654
2008,2025,LA,22,22039,Evangeline,29.16587882503829,21.9596817123202,5.6961064006279045,30.04367318628661,1.5585910220370836
2008,2025,LA,22,22059,LaSalle,29.540408827612602,24.110038776389477,5.9775987361769305,14.503710086648478,1.586746421561587
2008,2025,LA,22,22009,Avoyelles,31.72169817652136,23.480527599834762,5.777675690952954,16.06831593603738,1.6167191619805952
2008,2025,LA,22,22127,Winn,33.0517746662325,24.484858352328228,5.870031477260392,14.34983175947031,1.5830565505264298
2008,2025,LA,22,22025,Catahoula,34.63392933020439,23.338529076248257,5.843766804024658,14.455856138629436,1.6349956133521988
2008,2025,LA,22,22007,Assumption,28.51102347916453,36.33468733318531,5.578798867148818,14.814835997637699,1.540239369918326
2008,2025,LA,22,22081,Red River,29.110748515964843,25.375169540329345,5.830571805902155,9.283955007431954,1.6070441922013012
2008,2025,LA,22,22085,Sabine,,,,,
2008,2025,LA,22,22065,Madison,38.9379929014517,20.350585374298774,5.858444095833153,14.11189763680567,1.6275965766610432
2008,2025,LA,22,22041,Franklin,24.268012799599493,18.868442685372965,5.571990789965117,9.348607146543257,1.588782541108558
2008,2025,LA,22,22013,Bienville,19.00574712643678,33.47126436781609,5.3005747126436775,11.034482758620692,1.5652873563218392
2008,2025,LA,22,22003,Allen,27.48688220741289,23.95244686124173,5.576024285746612,18.861987054123116,1.5652220560248253
2008,2025,LA,22,22123,West Carroll,25.116190340557267,20.326574599531337,5.619872803883441,11.53954828138878,1.5883928879775804
2008,2025,LA,22,22043,Grant,27.167520952368804,23.792444790987613,5.756299913222183,8.776731047000682,1.6157960479877103
2008,2025,LA,22,22079,Rapides,30.720779654858813,23.66424125015101,5.858636939035757,16.452267745177426,1.616892685047819
2008,2025,LA,22,22037,East Feliciana,18.390737855827787,18.534308171647076,5.080859651607422,9.506974932729076,1.551889840910164
2008,2025,LA,22,22047,Iberville,30.680354219623357,27.8319385070233,5.628373268772415,15.4985243102743,1.5761503145424638
2008,2025,LA,22,22077,Pointe Coupee,29.879937534867967,23.740298952614136,5.661619840681911,13.24304240861177,1.6030466981990135
2008,2025,LA,22,22121,West Baton Rouge,31.10611316100798,26.262034346663803,5.620053744161698,14.76937822774968,1.5916514683852296
2008,2025,LA,22,22005,Ascension,29.394522912596614,35.57997286071726,5.676554121213807,16.300231821198558,1.5403592215917754
2008,2025,LA,22,22091,St. Helena,20.199999999999996,27.166666666666668,5.136666666666668,8.5,1.5723333333333331
2008,2025,LA,22,22125,West Feliciana,31.357637327320504,25.97178806342241,5.954141946824874,15.829477756763017,1.5803195148647637
2008,2025,LA,22,22063,Livingston,,,,,
2008,2025,LA,22,22057,Lafourche,24.390097409870375,42.956596328089134,5.429364661178651,15.296553167852734,1.5062325665116059
2008,2025,LA,22,22029,Concordia,35.35959886688183,23.701699913360926,5.877309732822005,14.352759500165075,1.6382069212276538
2008,2025,LA,22,22069,Natchitoches,30.9123470421327,21.485930992555243,5.7979395888021745,9.51868781883799,1.6213848843521357
2008,2025,LA,22,22119,Webster,17.458344080474596,30.533058206517065,5.275315965953058,8.854354741638726,1.5546401857106014
2008,2025,LA,22,22031,De Soto,24.594195644538104,24.741666666666674,5.632187390235334,8.617623814541616,1.5863559887600986
2008,2025,LA,22,22017,Caddo,26.5342246958686,26.122245375534273,5.91869181616658,8.598220016318013,1.5977402801493668
2008,2025,LA,22,22015,Bossier,28.227948309166525,26.5043750509626,5.898047816270351,9.501494434181605,1.5971263844252679
2008,2025,LA,22,22117,Washington,19.95444631986193,36.50866379664574,5.223615088471238,13.40167017517242,1.5717297881621115
2008,2025,LA,22,22105,Tangipahoa,18.706045216510827,31.384783330960175,5.122494343980887,11.417089879285513,1.547569414780008
2008,2025,LA,22,22087,St. Bernard,,,,,
2008,2025,LA,22,22093,St. James,29.862086490308634,34.56615872980057,5.612825593925049,23.594349131843604,1.5054377593985269
2008,2025,LA,22,22075,Plaquemines,,,,,
2008,2025,LA,22,22089,St. Charles,29.630510518200794,35.27426815409977,5.667208715461731,21.34906661971756,1.4407766876337116
2008,2025,LA,22,22051,Jefferson,,,,,
2008,2025,LA,22,22103,St. Tammany,,,,,
2008,2025,LA,22,22095,St. John the Baptist,27.167391350547227,34.58455141146884,5.568068572238161,19.328990897177075,1.472845025324974
2008,2025,LA,22,22113,Vermilion,29.316765642436025,26.632569302963407,5.574916419866599,19.3940192013349,1.5539927875742445
2008,2025,LA,22,22099,St. Martin,27.487939746980913,27.789217007692496,5.4277991728232005,14.438787176022384,1.5814371056166923
2008,2025,LA,22,22001,Acadia,29.892615959895014,21.47887669259364,5.637258227612276,20.983391512146238,1.5627791102203816
2008,2025,LA,22,22045,Iberia,24.593132045817836,32.802372663406814,5.347391035527652,10.482466435425732,1.5848370534698664
2008,2025,LA,22,22101,St. Mary,28.12265345231417,32.30349289922115,5.478682281282467,14.14177038771988,1.5534804230141326
2008,2025,LA,22,22097,St. Landry,28.012145819149307,23.25599908716264,5.630465401993546,15.664624173580775,1.5862123080970219
2008,2025,LA,22,22053,Jefferson Davis,30.53457977560674,24.833610442773146,5.676754952012295,26.495130680306623,1.5699472760614628
2008,2025,LA,22,22019,Calcasieu,26.116154129107173,28.343895418406174,5.35017494526728,10.409193545527899,1.606905562794159
2008,2025,LA,22,22023,Cameron,32.15139824320496,30.11827425069918,5.707652928260254,18.340554596827012,1.6040785639351907
2008,2025,LA,22,22067,Morehouse,31.208215743917545,20.04033393091707,5.769141180233053,11.69132757912026,1.6131825626463967
2008,2025,LA,22,22111,Union,27.65555555555555,26.15960199004975,5.6650978441127675,15.054726368159201,1.5961220563847425
2008,2025,LA,22,22073,Ouachita,25.59160674616154,23.26040991826012,5.654453574169896,10.0534607432494,1.5972618360369706
2008,2025,LA,22,22061,Lincoln,,,,,
2008,2025,LA,22,22011,Beauregard,19.773936170212767,29.14627659574468,5.208067375886524,9.06028368794327,1.5893882978723406
2008,2025,LA,22,22115,Vernon,,,,,
2008,2025,LA,22,22033,East Baton Rouge,27.25581870151082,21.87101311192777,5.429441722244908,11.835726600426478,1.5657412322489905
2008,2025,LA,22,22109,Terrebonne,23.123579231904188,41.62537031945257,5.31840941098714,15.877116549132616,1.5104694392056452
2008,2025,LA,22,22071,Orleans,,,,,
2008,2025,LA,22,22055,Lafayette,23.992166837826776,25.281772121982943,5.363587490817704,13.220553462245853,1.5691932391161063
2008,2025,WA,53,53035,Kitsap,17.88888888888889,40.333333333333336,5.844444444444445,45.555555555555564,1.24
2008,2025,WA,53,53041,Lewis,21.66298342541436,35.817679558011044,5.851749539594842,28.80908532842235,1.2904481276856976
2008,2025,WA,53,53057,Skagit,20.801304662571358,38.308008353092085,6.756557017586953,20.79438388518399,1.3165926954366325
2008,2025,WA,53,53029,Island,18.140071853394915,41.304905956586055,6.292068955106727,39.211575038492896,1.3496591492316516
2008,2025,WA,53,53067,Thurston,18.637681159420286,38.69275362318841,5.777101449275364,27.79710144927536,1.3094492753623188
2008,2025,WA,53,53061,Snohomish,20.741374215605948,37.36906188609957,6.536846826391853,24.702409039904964,1.2837223993655742
2008,2025,WA,53,53053,Pierce,20.86008230452674,39.69135802469133,6.519341563786009,18.991769547325102,1.292962962962963
2008,2025,WA,53,53033,King,20.466365620234527,36.27907267181996,6.194680417521169,26.059019561445016,1.2803473865488773
2008,2025,WA,53,53045,Mason,18.074074074074076,42.35185185185184,5.553086419753089,29.475308641975296,1.2295061728395065
2008,2025,WA,53,53063,Spokane,21.478329669234824,20.626159542402277,6.840554613199588,15.072460123113178,1.433259700619475
2008,2025,WA,53,53065,Stevens,19.488525029808876,30.79829327303387,6.5880200153578405,22.210331364082464,1.312308602577905
2008,2025,WA,53,53051,Pend Oreille,25.421350594971067,20.862621046624124,6.476299429596875,25.657748967689358,1.3334233038213046
2008,2025,WA,53,53025,Grant,19.73786995638535,34.06931607393623,7.212394076699036,15.38972109746596,1.4157797601744415
2008,2025,WA,53,53001,Adams,14.55236512410543,29.296440152034016,7.403686651701996,10.324026148079062,1.4039937443425863
2008,2025,WA,53,53015,Cowlitz,20.559027777777782,35.3923611111111,6.379166666666659,18.923611111111114,1.3254513888888888
2008,2025,WA,53,53059,Skamania,23.749708187427057,31.79314657328665,5.777772219443056,28.33833583458395,1.2235692846423214
2008,2025,WA,53,53011,Clark,22.2993710691824,35.14465408805031,6.425031446540882,20.408805031446544,1.3389937106918235
2008,2025,WA,53,53075,Whitman,20.93764166681121,15.981714603655664,6.855563850834793,14.006393257382301,1.4466685362338936
2008,2025,WA,53,53069,Wahkiakum,24.0,34.333333333333336,5.383333333333334,55.0,1.1733333333333333
2008,2025,WA,53,53031,Jefferson,19.714285714285715,32.476190476190474,5.7,35.0,1.2266666666666666
2008,2025,WA,53,53047,Okanogan,18.25104828898092,38.41955342616919,6.9866165624317835,16.991700014627508,1.3331860594950729
2008,2025,WA,53,53019,Ferry,17.734767025089607,36.98556140217087,6.447470957573907,25.232110628129846,1.2867589415084268
2008,2025,WA,53,53043,Lincoln,16.89377548167631,28.14267060157406,7.2989833133710835,11.40547678669374,1.3961925696273545
2008,2025,WA,53,53023,Garfield,21.879477320461792,25.17916293056387,6.994606799859745,13.39602843389633,1.4361059016748845
2008,2025,WA,53,53049,Pacific,15.649127820822217,44.34820483509037,4.936302341335365,63.96084719928871,1.1223753122486135
2008,2025,WA,53,53039,Klickitat,20.3267261726801,34.034011185617494,7.171645481249833,11.656804247953335,1.4144925242336164
2008,2025,WA,53,53055,San Juan,,,,,
2008,2025,WA,53,53027,Grays Harbor,17.496809414747275,40.20015700848421,5.68265272316091,38.23203405211531,1.304446509082004
2008,2025,WA,53,53073,Whatcom,18.342349893847434,38.98723172795463,6.328843673595506,23.687295499806346,1.320348939912897
2008,2025,WA,53,53037,Kittitas,19.69562575941666,35.05056028081535,6.841946807074288,17.260361819900446,1.3693337383556112
2008,2025,WA,53,53005,Benton,19.901682774521603,35.100615143383365,7.30175462749091,14.082701831617733,1.4146759638067503
2008,2025,WA,53,53021,Franklin,17.96430959910357,37.361576698181985,7.087559514019886,16.27807113804948,1.4433702627855265
2008,2025,WA,53,53003,Asotin,22.349800045761107,30.448353283178452,7.169774199537371,12.406875654625626,1.4152528757950082
2008,2025,WA,53,53009,Clallam,20.81904761904762,35.93333333333333,6.62857142857143,25.619047619047628,1.3355238095238096
2008,2025,WA,53,53013,Columbia,21.89823572434633,23.465004393840243,6.989269807836639,15.545447202719227,1.4171668153133454
2008,2025,WA,53,53071,Walla Walla,20.098020404707796,26.79209455650802,7.10975985385348,13.748765546799905,1.4262179425720751
2008,2025,WA,53,53007,Chelan,16.82790697674418,42.211240310077486,6.5571963824289385,19.55426356589143,1.2940219638242905
2008,2025,WA,53,53017,Douglas,15.701144710920076,37.07569898072017,7.298364393557415,11.092521671297746,1.3625229037673976
2008,2025,WA,53,53077,Yakima,21.579470284995878,37.27584589867725,7.1905217347047286,15.520363846517222,1.4152321086529513
2008,2025,OR,41,41043,Linn,27.18509583553342,19.4797382646517,6.6921547448439584,17.085033816910812,1.4256052372212276
2008,2025,OR,41,41003,Benton,28.052231039152744,22.73887859823502,6.700308516341862,15.259376564242935,1.3972839026224668
2008,2025,OR,41,41005,Clackamas,26.25290956245897,28.811078840458176,6.612738242758844,14.027694325838599,1.402670978568616
2008,2025,OR,41,41051,Multnomah,23.200762064652057,33.726538942655836,6.853178945289388,16.112713147672657,1.3360620679439061
2008,2025,OR,41,41009,Columbia,22.990092663809854,34.71505878474894,6.687589275903742,18.680364795077466,1.3335723180602868
2008,2025,OR,41,41067,Washington,25.47889978588064,25.76288354786916,6.393573901314544,17.173833854651917,1.40397686329239
2008,2025,OR,41,41071,Yamhill,25.792130342601283,24.526811474059823,6.445514699190271,17.114474305390154,1.4186567303708153
2008,2025,OR,41,41047,Marion,26.69214796152315,27.0609156203638,6.59178510384498,15.960257581207589,1.4123068020435552
2008,2025,OR,41,41053,Polk,25.136472518259474,22.956284605588365,6.4203856651690145,16.52886788700291,1.4227172371129055
2008,2025,OR,41,41017,Deschutes,20.06324031890658,43.96443694877632,7.112206573798279,15.417619443957726,1.3954654298814324
2008,2025,OR,41,41013,Crook,19.724620614950254,43.605220263579525,7.003654454988956,17.222316676713177,1.4158759054750962
2008,2025,OR,41,41045,Malheur,22.384210983426513,32.249870491623895,7.36805620798332,13.243240904392032,1.451808073007543
2008,2025,OR,41,41033,Josephine,22.41269841269841,39.08465608465609,6.4777777777777805,18.54497354497354,1.3932275132275134
2008,2025,OR,41,41029,Jackson,23.546712802768152,36.591695501730094,6.968627450980401,14.953863898500588,1.4701499423298738
2008,2025,OR,41,41063,Wallowa,22.92288260063472,31.781937819862865,6.800956463727346,22.520836892131946,1.33708283308235
2008,2025,OR,41,41001,Baker,23.539736702828854,31.84262646796426,6.956354542748085,19.579492863390005,1.3887056533955184
2008,2025,OR,41,41023,Grant,23.578045222465363,37.4651714077316,6.871024799416498,18.53756382202772,1.4031838074398255
2008,2025,OR,41,41037,Lake,23.38828501299758,38.153305020264774,7.123346090170705,20.38875461130135,1.3643334671443554
2008,2025,OR,41,41069,Wheeler,21.716655503772124,41.24181155173535,6.97204973999758,15.493690638982688,1.38520144373436
2008,2025,OR,41,41057,Tillamook,25.08587570621469,29.326553672316404,5.822033898305089,40.0621468926554,1.2448135593220335
2008,2025,OR,41,41025,Harney,22.981277476136988,34.09850500712931,7.136508989354176,18.720405369628498,1.3697035552091341
2008,2025,OR,41,41021,Gilliam,19.45597874321903,34.17612632778749,7.408482785697903,9.518774902292442,1.4302445140495925
2008,2025,OR,41,41031,Jefferson,22.367950794899343,35.36924974366516,6.97028766957224,14.772300074614662,1.4345072475198817
2008,2025,OR,41,41055,Sherman,19.200412923387635,31.374416549752528,7.243452201023771,9.881766274806589,1.4373406336822845
2008,2025,OR,41,41007,Clatsop,22.666666666666668,30.0,6.033333333333334,38.333333333333336,1.3166666666666667
2008,2025,OR,41,41015,Curry,24.944444444444443,32.22222222222222,5.7138888888888895,26.11111111111111,1.23
2008,2025,OR,41,41011,Coos,25.0448717948718,33.544871794871796,5.9125000000000005,26.201923076923073,1.2968269230769232
2008,2025,OR,41,41039,Lane,27.752124213592783,24.168388200792837,6.706817190439434,15.512470852500329,1.425842168283174
2008,2025,OR,41,41049,Morrow,20.605834537784677,35.22235675952947,7.293895528722202,12.948030399908806,1.4315451375564257
2008,2025,OR,41,41059,Umatilla,21.784672073293958,28.239126092750414,7.193609759067726,12.77529276654883,1.4312098830302336
2008,2025,OR,41,41027,Hood River,18.086322188449863,38.10334346504556,5.9312664640324435,19.94123606889565,1.3210942249240107
2008,2025,OR,41,41035,Klamath,22.199085336718195,38.8336865701078,7.112060753028162,19.008736926218866,1.3728348350979473
2008,2025,OR,41,41061,Union,24.301998510994018,29.662611482088504,6.906865050962131,17.351478387119865,1.3978275999687706
2008,2025,OR,41,41041,Lincoln,23.05568929545819,33.85299309902102,5.451773391108972,41.236559139784944,1.171364147006901
2008,2025,OR,41,41019,Douglas,25.723999999999997,33.761999999999986,6.493400000000003,17.396666666666675,1.3882666666666668
2008,2025,OR,41,41065,Wasco,20.47235621512868,34.54173513619597,7.132259375293126,11.228155468798064,1.4441684899547764
2008,2025,ID,16,16055,Kootenai,21.075324229824297,22.353729293360274,6.558166528485173,18.44521331071182,1.4050560138510995
2008,2025,ID,16,16057,Latah,22.961000554204062,15.980361867518686,6.789485724170096,17.18935895557457,1.41514954992057
2008,2025,ID,16,16033,Clark,23.65109154037326,32.55364333056679,7.3799360802884255,19.569516899957918,1.3948979278110603
2008,2025,ID,16,16037,Custer,22.788401649324808,36.79477527271964,7.5494145124318,20.27439196341092,1.375197917664048
2008,2025,ID,16,16049,Idaho,26.194264804437083,19.97311241445946,6.876414521756982,16.15790331086248,1.3817240971912208
2008,2025,ID,16,16077,Power,22.64534260349795,33.831783421751155,7.378609311251075,15.05060114020365,1.441827076233162
2008,2025,ID,16,16009,Benewah,22.202026556598685,16.27134140474809,6.683650815100738,18.36297793918299,1.3989961396631174
2008,2025,ID,16,16003,Adams,24.217584124279323,27.267569129572124,6.855357876987779,17.339382853601983,1.3712523460262043
2008,2025,ID,16,16085,Valley,21.960937499999996,31.341145833333336,6.936197916666663,27.2265625,1.3607812499999994
2008,2025,ID,16,16059,Lemhi,21.994482514700035,38.256977467321,7.393085518074793,21.569073198048862,1.3537184726704692
2008,2025,ID,16,16071,Oneida,23.424952460956025,31.102032387372333,7.544808415070614,13.236268187916098,1.415868972410713
2008,2025,ID,16,16035,Clearwater,23.795644521486345,19.7414916408126,6.562039315546961,18.83736230339672,1.350555635404221
2008,2025,ID,16,16079,Shoshone,18.18414796776251,32.74830405287876,6.1697918478575975,24.615295413695137,1.2477474343364063
2008,2025,ID,16,16047,Gooding,20.921243230724407,39.06666485689284,7.29288198884186,14.363456626146098,1.4777966553804993
2008,2025,ID,16,16029,Caribou,22.2960115481875,29.036305854660153,7.267010744817786,18.777754150118987,1.391690735541967
2008,2025,ID,16,16021,Boundary,22.06003200925734,26.429542848699157,6.3532275169882695,27.27649632679118,1.2748590913086832
2008,2025,ID,16,16007,Bear Lake,23.944388764646153,30.286893518717232,7.235553999310707,22.726346087567396,1.3601590893324922
2008,2025,ID,16,16061,Lewis,25.809442220321124,14.311344819389433,6.855489075085557,18.652462420075956,1.3605059979703118
2008,2025,ID,16,16087,Washington,23.34853843762109,29.137148771418705,7.095781700549131,14.26893237585341,1.3981183390620247
2008,2025,ID,16,16067,Minidoka,23.32507325947301,37.470218276233595,7.337048368301649,17.919902120753612,1.502738563430151
2008,2025,ID,16,16031,Cassia,22.731993887348207,34.978579994111314,7.426265678703918,15.065693166058695,1.45135478614356
2008,2025,ID,16,16013,Blaine,23.251193759534658,33.42834637187784,7.241592005030045,18.60718034273454,1.4094026117169036
2008,2025,ID,16,16063,Lincoln,22.632949281998236,32.26495776264796,7.294186325449909,15.329895949461164,1.4452622498274699
2008,2025,ID,16,16025,Camas,23.695319903495633,33.95367904746254,7.081174675889736,11.105933724362849,1.4282054161891562
2008,2025,ID,16,16081,Teton,20.355545957216275,27.949380320356894,7.177932367088714,24.612936459519425,1.3507805621719267
2008,2025,ID,16,16069,Nez Perce,23.602084212854546,17.66174266461036,6.95877596105176,16.10956917578524,1.4065964958705979
2008,2025,ID,16,16041,Franklin,23.416380317516772,30.5045904429418,7.413112059679138,14.557131920960341,1.413855547850119
2008,2025,ID,16,16005,Bannock,22.963830833649332,33.34244650054517,7.364521607341331,14.812730850810167,1.4140975533460594
2008,2025,ID,16,16017,Bonner,16.429256594724226,34.110311750599536,6.177937649880094,25.74340527577938,1.268920863309352
2008,2025,ID,16,16053,Jerome,22.236507800615705,35.217657836483895,7.336088984674247,15.72333369902191,1.484308650380193
2008,2025,ID,16,16083,Twin Falls,22.001469550972597,33.916207660896156,7.33916605619873,15.502316607740859,1.459704961526171
2008,2025,ID,16,16045,Gem,21.288932368071492,36.42926072989832,7.229904157801795,14.94548202493796,1.473287740190486
2008,2025,ID,16,16001,Ada,21.368812246687757,37.16682987925077,7.296314589804087,12.771509387175264,1.4923811973499341
2008,2025,ID,16,16015,Boise,20.202895000102078,41.45928012902962,6.877713807394703,15.545925971294984,1.402178804026051
2008,2025,ID,16,16027,Canyon,22.41346624425317,35.852973927240754,7.329630372520626,13.33156529230682,1.5091853152983894
2008,2025,ID,16,16073,Owyhee,20.892197129003083,39.62222149241455,7.395323680189897,13.973302752181976,1.4713400329673982
2008,2025,ID,16,16039,Elmore,21.822609607640302,36.6062541037493,7.283353103882077,13.660276271754201,1.4549470548331436
2008,2025,ID,16,16075,Payette,21.229898958488466,35.26837594551473,7.293642019539465,13.10058655464119,1.49820470959886
2008,2025,ID,16,16065,Madison,22.968574782700653,30.698331527433208,7.278336635136758,20.05018793764051,1.4071644276931414
2008,2025,ID,16,16043,Fremont,22.26456573888169,27.348245174926294,7.120495748624305,19.45054579805464,1.414827010544558
2008,2025,ID,16,16011,Bingham,22.934690240998766,34.74778047747334,7.246478757182003,18.60403682280667,1.453857071351775
2008,2025,ID,16,16051,Jefferson,23.643709866060952,36.392295611932255,7.388206994671503,21.269101683914364,1.431888983562755
2008,2025,ID,16,16019,Bonneville,23.08978446722979,34.011937619606,7.302524353049572,18.044768935793268,1.4249534880985166
2008,2025,ID,16,16023,Butte,23.02239180278753,34.88102529312743,7.508296002441131,18.76824194022027,1.4041934299609886
2008,2025,KS,20,20035,Cowley,27.94789431874648,26.482398654669463,6.913674310935675,10.872164681660655,1.6142979871230503
2008,2025,KS,20,20015,Butler,31.34052984182294,19.551622629542564,6.952438854618686,11.472425538966577,1.6084612321478415
2008,2025,KS,20,20191,Sumner,24.99994427010873,30.946693338899042,7.093406200749506,9.148212771243887,1.6356171428176698
2008,2025,KS,20,20173,Sedgwick,23.10502674007846,35.602581164579966,7.060321577409865,9.176079888154009,1.6272045699430926
2008,2025,KS,20,20095,Kingman,20.821746787673025,41.982206855513944,6.953931526535223,8.861382977827292,1.6187143600723186
2008,2025,KS,20,20079,Harvey,23.53852006385547,35.07224653230864,7.070154656795622,9.560248720440967,1.6293814709608936
2008,2025,KS,20,20073,Greenwood,29.113017111588626,19.652884523885906,6.732915151689504,13.54010789071658,1.5715158623548715
2008,2025,KS,20,20157,Republic,27.507969167295645,22.72874651217876,6.919247456234718,10.429836618200902,1.5556113505476759
2008,2025,KS,20,20039,Decatur,24.16678568790289,30.63950243024646,7.48201514855094,8.513308934963048,1.5441849460169832
2008,2025,KS,20,20147,Phillips,24.141420952594824,30.377936920545583,7.2999645937451945,8.487442159443141,1.5644489286795118
2008,2025,KS,20,20075,Hamilton,24.198748766780465,33.894802992037725,7.817849869099387,7.499955244693601,1.5102867566354448
2008,2025,KS,20,20199,Wallace,22.03788746846157,38.897809851672655,7.746710424783572,8.310305672544924,1.5040404648349925
2008,2025,KS,20,20151,Pratt,19.69093463023054,47.322547348418695,6.961920210727595,8.565744835849486,1.6015846280272286
2008,2025,KS,20,20101,Lane,25.21084445664695,28.51600277606216,7.529777625247168,8.227605341631936,1.553278586954033
2008,2025,KS,20,20195,Trego,24.687645080654445,29.54085409272627,7.44550055389481,8.629713117975879,1.5530549454247264
2008,2025,KS,20,20115,Marion,31.274150156143893,21.68866188030504,7.030633461438661,11.615992685095087,1.6069014789637686
2008,2025,KS,20,20165,Rush,24.558324150087333,30.539635921933353,7.369408324906129,8.465315534365574,1.5873331153195727
2008,2025,KS,20,20187,Stanton,24.927095258382586,36.067990858986946,7.74655191284335,7.7876700326882675,1.5192180113548224
2008,2025,KS,20,20181,Sherman,22.978436145904055,34.617412442360774,7.719164167824444,8.72642529321916,1.4932166052863025
2008,2025,KS,20,20001,Allen,30.56338713867311,12.025935743967006,6.59560198115525,12.908836645759209,1.5877181986029159
2008,2025,KS,20,20021,Cherokee,23.241716624292632,18.98683343827922,6.108318750190804,9.629958409781487,1.5837156622574375
2008,2025,KS,20,20023,Cheyenne,21.58723359253303,38.81203721298747,7.702370475733808,8.216549569210306,1.493789561363883
2008,2025,KS,20,20029,Cloud,26.836609471809282,24.175444253502373,7.087991336163824,9.852036039152738,1.5801539259888862
2008,2025,KS,20,20167,Russell,25.862592136997712,30.153367840058593,7.225749984298827,9.232207339386491,1.5902063724544357
2008,2025,KS,20,20089,Jewell,26.428442863363216,25.837295564916857,7.084636344597524,9.2761137265924,1.567744851024539
2008,2025,KS,20,20123,Mitchell,26.39911447462108,25.87036153663583,7.218774081985512,8.822874309158706,1.5937791801444396
2008,2025,KS,20,20171,Scott,24.511408471813837,29.920723068421548,7.676503826959479,8.048050001124837,1.5399477288006174
2008,2025,KS,20,20189,Stevens,22.67159765848303,41.475841634199284,7.584643847397541,7.968923121358372,1.5452327000222104
2008,2025,KS,20,20033,Comanche,21.734182303006552,39.174487950204295,7.398789593878082,8.03051910755965,1.5820393387650686
2008,2025,KS,20,20145,Pawnee,21.549931865384217,39.18214430420942,7.28468425267803,8.19900006102892,1.5912602291970763
2008,2025,KS,20,20065,Graham,24.87030696501545,29.805620694510612,7.372926247315532,8.60804586229468,1.5486685883410602
2008,2025,KS,20,20129,Morton,24.724232319235316,36.85375999979498,7.79878105587088,7.4445317112115195,1.5206838894608803
2008,2025,KS,20,20063,Gove,24.123176750955476,30.838885536634972,7.542979492818249,8.419874778446838,1.5499230451922381
2008,2025,KS,20,20133,Neosho,29.04200991489314,14.504194557664922,6.525281853272727,12.35128030146386,1.5916143929531432
2008,2025,KS,20,20013,Brown,29.011167784348405,16.72538062706108,6.689022066310604,11.339124927009648,1.5487279174329123
2008,2025,KS,20,20011,Bourbon,28.52810489292687,14.606445404983816,6.2573799304663815,12.800378307340596,1.580235102565854
2008,2025,KS,20,20027,Clay,30.087462297551788,19.00464152443714,7.0583785769809175,11.037526371571778,1.5846936695379106
2008,2025,KS,20,20105,Lincoln,27.2550225930785,27.33080073046608,7.180258668785552,9.354375215554692,1.5949529235789606
2008,2025,KS,20,20183,Smith,25.263399358271542,27.787702535093562,7.2330523776169615,8.698476017933384,1.5679328889309196
2008,2025,KS,20,20127,Morris,33.176246431302246,16.694270732068723,6.956904994670701,13.963674209196704,1.5767307442455825
2008,2025,KS,20,20007,Barber,22.959832503707254,36.345073784440046,7.147885973752124,8.590653826377103,1.6139641104156963
2008,2025,KS,20,20109,Logan,22.90739517274317,33.54131874924048,7.762187663498678,8.064498301250087,1.5184290093414903
2008,2025,KS,20,20003,Anderson,29.14969188619545,13.535833202716988,6.463296005799347,12.538377825872026,1.5851279110404244
2008,2025,KS,20,20117,Marshall,31.294075763559785,18.402574358382253,7.016834423962961,11.651950692376916,1.5697741975646624
2008,2025,KS,20,20203,Wichita,23.466348027968735,31.978190845569962,7.7713120554763595,7.555217455536987,1.510798885067864
2008,2025,KS,20,20067,Grant,24.148867900721612,37.53524208928315,7.739638246603083,7.38929163896715,1.5349633424055071
2008,2025,KS,20,20019,Chautauqua,28.1561070255357,20.867195641170685,6.7257463205009955,11.610444517223929,1.5893499841208403
2008,2025,KS,20,20163,Rooks,25.12301447975992,29.146981593870603,7.295561001880083,8.610711529680241,1.5682042059434256
2008,2025,KS,20,20069,Gray,23.94486740930101,34.527797986372,7.420598912800023,8.540478857957364,1.5641819320333266
2008,2025,KS,20,20017,Chase,30.18612250345496,21.927235263613298,6.932595884887739,12.666462741536657,1.5808647022003408
2008,2025,KS,20,20207,Woodson,29.07271524208173,13.826652770296462,6.599334343402664,12.286482783386216,1.58602498276962
2008,2025,KS,20,20153,Rawlins,24.395316828467532,30.26962663904069,7.641886878675445,8.312433175192321,1.5178913299663928
2008,2025,KS,20,20193,Thomas,23.451839990946684,31.33800193746492,7.633064981306112,8.438011863740153,1.512004348319725
2008,2025,KS,20,20159,Rice,21.98824575584355,38.40655310754999,7.0400491745167235,8.677296439726401,1.6151475038029062
2008,2025,KS,20,20135,Ness,24.927338519662197,30.397585342295095,7.4702596624929045,8.316609955902543,1.571954837357618
2008,2025,KS,20,20205,Wilson,29.88203954737375,16.07220629059298,6.793257949362522,11.48066951119276,1.5971548267296791
2008,2025,KS,20,20141,Osborne,25.258243386459885,27.435783441881135,7.258375266511935,8.806828159579954,1.584153800123299
2008,2025,KS,20,20025,Clark,23.538483238410098,35.39516286158557,7.469145956187578,7.900475105423224,1.5682906661230305
2008,2025,KS,20,20081,Haskell,23.898315466247357,34.82240011589938,7.502457495326666,8.291363591757396,1.5564233853968321
2008,2025,KS,20,20185,Stafford,17.256010676049307,52.48319020645405,7.033987991273705,7.799607076185046,1.608493112071336
2008,2025,KS,20,20041,Dickinson,31.62374873078063,19.74569250319054,7.10260514276364,11.184491286951417,1.616804148612938
2008,2025,KS,20,20047,Edwards,20.282876520780082,46.053168324358495,7.158522026905519,8.29658116611061,1.5858373160995638
2008,2025,KS,20,20179,Sheridan,24.32487648887562,31.70482547789302,7.420832916760894,8.522277233526564,1.540661627715248
2008,2025,KS,20,20097,Kiowa,21.02055100054837,46.30679643853982,7.0310992283732805,8.805461158188468,1.5748014991422101
2008,2025,KS,20,20077,Harper,22.584636297137735,35.115041501352074,7.0173297163610115,9.026792726954184,1.621597844199413
2008,2025,KS,20,20201,Washington,29.891507910484613,20.712680746081265,6.981919905591932,11.697290983386306,1.565723552728595
2008,2025,KS,20,20049,Elk,28.399820839206114,19.508782313059378,6.720819039560786,12.849708790642726,1.577881788948293
2008,2025,KS,20,20131,Nemaha,30.496877594310682,19.043815813011097,6.844482807611084,11.582127552176287,1.576285057817227
2008,2025,KS,20,20137,Norton,24.19549636084531,31.4312304217368,7.336677423556205,8.581290878861722,1.558270025623444
2008,2025,KS,20,20031,Coffey,30.79696214489884,14.571954920433692,6.725228326706864,12.667189626065671,1.5894539634575824
2008,2025,KS,20,20053,Ellsworth,25.45259734972355,30.958473398736604,7.017339227506234,9.522720144990402,1.5885412521177238
2008,2025,KS,20,20083,Hodgeman,23.73228186328311,33.35989319006743,7.463495208367139,8.274481616203515,1.5770782900972173
2008,2025,KS,20,20119,Meade,23.79642226284113,36.16050767489971,7.3612751648642645,8.28641577322561,1.5726701879556775
2008,2025,KS,20,20125,Montgomery,29.24917946431852,16.332222408585938,6.681912542053417,11.691194915342198,1.5989332087830987
2008,2025,KS,20,20057,Ford,24.114730727514843,34.99982167914726,7.325915513070163,8.34417673170618,1.5726031394358597
2008,2025,KS,20,20111,Lyon,29.9263086500715,19.689517242088655,6.814085824603928,13.11987171069937,1.5757555908974512
2008,2025,KS,20,20055,Finney,23.09912712420064,36.73267992442204,7.561685891299621,8.426244539473482,1.5595508361703014
2008,2025,KS,20,20093,Kearny,23.88886098292228,32.858815146864245,7.709492995153865,8.068627037111765,1.5200643225756354
2008,2025,KS,20,20009,Barton,23.46087525403849,34.5104098624883,7.162898471789702,8.701155314390066,1.6020014245366079
2008,2025,KS,20,20051,Ellis,24.535226836262137,29.376151113811723,7.375138704375006,8.453552637214063,1.571959410272034
2008,2025,KS,20,20155,Reno,19.069161304508746,45.88923393742615,7.027108284987162,8.5813494231491,1.6297092805865654
2008,2025,KS,20,20175,Seward,22.70469969237418,40.81873563431026,7.4948627028807,8.125491164158493,1.573369058272966
2008,2025,KS,20,20113,McPherson,24.44783579360384,32.04748681291378,7.011664263942858,9.942301804912967,1.6134888546496848
2008,2025,KS,20,20099,Labette,27.79319448234965,15.844692636495635,6.422550516858305,10.923759829658362,1.5995712045478667
2008,2025,KS,20,20037,Crawford,26.606304818534166,15.562280735749757,6.175853889830471,11.471472546211146,1.584163982174918
2008,2025,KS,20,20143,Ottawa,28.92076200634233,24.25076735704708,7.138173034591067,9.965775841009167,1.598591687729137
2008,2025,KS,20,20169,Saline,28.362107663556298,24.751223980991423,7.134782047869817,9.897553547711782,1.6225325707304792
2008,2025,KS,20,20139,Osage,30.73702087583624,14.204005746853994,6.682461896682219,13.223691470590742,1.5842048948120901
2008,2025,KS,20,20177,Shawnee,27.304716654899618,18.91433167314258,6.817024260078409,11.191283958266249,1.5735582295513946
2008,2025,KS,20,20197,Wabaunsee,29.82925098197028,18.692436942807195,6.816991029939462,13.021595477779723,1.5674882655745015
2008,2025,KS,20,20085,Jackson,28.679075865227063,19.987841130668766,6.570018190492428,12.22777248830214,1.5739725156481532
2008,2025,KS,20,20087,Jefferson,27.627018217906123,20.174918342669468,6.623368748284777,11.791120202511658,1.575176199184696
2008,2025,KS,20,20005,Atchison,28.364603103106795,18.964710767869203,6.55484862918147,11.366618859885659,1.5662379534982824
2008,2025,KS,20,20091,Johnson,29.205906383469525,15.927492241699401,6.339815630666068,12.70421232022056,1.5940544556693734
2008,2025,KS,20,20121,Miami,30.255691857180427,12.987686855208867,6.3508570754491505,13.738831903854145,1.5809810675151172
2008,2025,KS,20,20107,Linn,29.93667507838957,13.52378344113366,6.368770386838364,13.22001610455253,1.580161139586899
2008,2025,KS,20,20103,Leavenworth,27.61033335407984,18.880453867668965,6.408381318664837,12.49721888965916,1.577153714502241
2008,2025,KS,20,20045,Douglas,28.90510998722831,16.444541023614786,6.600489423820207,12.176197139749384,1.5813471468354061
2008,2025,KS,20,20059,Franklin,29.145833719547422,14.48067384419392,6.515901035745995,12.321658048838591,1.5889219867201618
2008,2025,KS,20,20043,Doniphan,25.868827823494467,18.564204772747317,6.591326586015622,11.299974539701035,1.5288879438376588
2008,2025,KS,20,20061,Geary,30.47099271464662,19.560658106717423,6.982632608738553,12.949603829546582,1.5841466345971713
2008,2025,KS,20,20161,Riley,30.997698663102565,18.298886295931453,6.9977725918627955,12.504046781997523,1.5862340674299484
2008,2025,KS,20,20149,Pottawatomie,29.655578273642227,18.628317072524958,6.82856521705585,12.023568869494083,1.5641948008323336
2008,2025,KS,20,20071,Greeley,23.668971968193134,33.00111499512022,7.787610290812349,7.900019557488428,1.5041631040345176
2008,2025,KS,20,20209,Wyandotte,28.913271465733636,21.599120277356374,6.7785524895103,11.529093261534111,1.594082145411638
2008,2025,ND,38,38099,Walsh,29.822199062888338,32.948471240531184,7.309053136511527,29.474771961687004,1.345999070233857
2008,2025,ND,38,38013,Burke,26.63799373044308,35.29752942017209,7.279850076646861,21.802005100038993,1.4137814921113876
2008,2025,ND,38,38071,Ramsey,25.571727540382145,40.949085499692416,7.284529599633466,29.609419066446033,1.3284466074604684
2008,2025,ND,38,38081,Sargent,26.701237469750918,36.51616723572572,7.157599249355297,23.625702439199618,1.4640608021227988
2008,2025,ND,38,38057,Mercer,25.294438884192473,37.144370542977555,7.314874945431665,15.948943685962973,1.4735050167586263
2008,2025,ND,38,38021,Dickey,26.181312498571945,34.25677801323885,7.190912028476695,21.74915226983812,1.4564092976770229
2008,2025,ND,38,38003,Barnes,25.828755614439384,36.736681407998596,7.252023052233837,22.604852577692473,1.4140721596534016
2008,2025,ND,38,38009,Bottineau,24.66564283294564,42.1942944396324,7.509377928112312,21.690350194108575,1.4211643024305953
2008,2025,ND,38,38005,Benson,24.266452465768893,41.95950961770998,7.326599879353997,25.393163124729902,1.3958273686956342
2008,2025,ND,38,38011,Bowman,24.993570117659182,39.458737999473,7.222402832572152,12.385132469318814,1.4927267589071398
2008,2025,ND,38,38047,Logan,27.559989116896187,35.09766038051735,7.130053823447447,22.41850876692892,1.443932134814997
2008,2025,ND,38,38029,Emmons,25.39881990514111,36.81761935852681,7.291103326242354,16.289365510720415,1.4616923609695622
2008,2025,ND,38,38083,Sheridan,28.125015872602063,34.86565685765189,7.282058060033634,22.850952827037894,1.4169561273797622
2008,2025,ND,38,38097,Traill,31.63570084979322,31.34534609633688,7.199249330398683,28.49344013277349,1.4556731820151996
2008,2025,ND,38,38045,LaMoure,26.963145124914632,32.48097793184873,7.165605572679081,22.51015899544094,1.450277984215663
2008,2025,ND,38,38043,Kidder,25.562166014204397,38.235449599707906,7.243282707052796,22.12776264103583,1.4377623779049844
2008,2025,ND,38,38063,Nelson,24.90887035587129,40.75653072646072,7.227211312578193,26.7739889333621,1.3333813834710833
2008,2025,ND,38,38091,Steele,25.62753355238414,39.018815835790356,7.279071606835391,23.21762930299294,1.3617531799278784
2008,2025,ND,38,38103,Wells,26.026963604626445,37.31566147322803,7.358087374509587,22.559634927753557,1.4171492354105775
2008,2025,ND,38,38039,Griggs,23.51845923167626,43.47673748290774,7.327879558779718,22.72549839841441,1.4123026552306148
2008,2025,ND,38,38087,Slope,28.318530294949337,32.48872484924537,7.154178290095601,13.273730788956408,1.4858373999495353
2008,2025,ND,38,38023,Divide,27.192420835141757,35.563291293901024,7.317017754070142,19.837519448065553,1.4422546296401213
2008,2025,ND,38,38051,McIntosh,28.048733367876693,32.37932178339422,7.101095414730324,21.88990411314643,1.45217664297681
2008,2025,ND,38,38001,Adams,25.529347771780944,37.9528116639452,7.172041844792876,12.25287798459524,1.4976533976732105
2008,2025,ND,38,38019,Cavalier,25.8091926974222,36.43532813915002,7.345290566484927,27.36562958669181,1.2652522183595603
2008,2025,ND,38,38007,Billings,24.900236174899806,38.45209819058684,7.0868330777117565,13.609178947214957,1.4750248525150278
2008,2025,ND,38,38061,Mountrail,28.395077757510244,33.45686963335231,7.275540923744252,20.517863051994848,1.4385526359880811
2008,2025,ND,38,38055,McLean,27.200894805706078,34.33926521684662,7.319627167158685,19.804834868280516,1.4517161612737193
2008,2025,ND,38,38031,Foster,25.482005271163324,38.72745505828105,7.312398580472773,23.150685581364677,1.4142609985251016
2008,2025,ND,38,38067,Pembina,32.3954591355969,31.46366526421118,7.290624418384168,35.910446463521126,1.3585065911139012
2008,2025,ND,38,38069,Pierce,23.076402900704768,45.08004157267697,7.4156806524544185,24.366693314288298,1.411570123295036
2008,2025,ND,38,38027,Eddy,22.792459184346978,44.34835064730464,7.3401599480869555,24.07515598108253,1.4148451160633335
2008,2025,ND,38,38041,Hettinger,29.925496623679013,30.02661587680365,7.151451733976774,13.222441409423533,1.5019754305236312
2008,2025,ND,38,38037,Grant,25.389904340399152,37.46127200925349,7.177487940400383,13.267832420555163,1.490306134478931
2008,2025,ND,38,38053,McKenzie,27.27540024487151,33.11704611437989,7.330513080194439,14.574548419536352,1.4793340374512514
2008,2025,ND,38,38073,Ransom,24.83259467783772,39.988832820423454,7.204316731463783,22.20351643812441,1.4686331825928858
2008,2025,ND,38,38095,Towner,25.021719644361834,40.22440237967045,7.371158658285984,26.083128377874264,1.3158891485512054
2008,2025,ND,38,38033,Golden Valley,26.9914754694548,32.939503491042046,7.216884307211725,13.190366821694843,1.4807585550931879
2008,2025,ND,38,38025,Dunn,25.614801888679388,36.47352600473768,7.205746162617243,13.57035508711079,1.4844952904781312
2008,2025,ND,38,38079,Rolette,26.18186591365505,38.12934505708982,7.3177276270957865,25.700994648933694,1.300929370809128
2008,2025,ND,38,38085,Sioux,25.17202481377403,37.965068069448066,7.237737024845287,13.03102535543945,1.4836995499356183
2008,2025,ND,38,38015,Burleigh,25.48660814092145,38.17063603593276,7.290883739205455,19.125531388578942,1.44929212167004
2008,2025,ND,38,38059,Morton,26.42389364737725,35.44303756138463,7.261051272413411,14.605407656359334,1.4735099000530592
2008,2025,ND,38,38065,Oliver,26.57603051864482,34.2871535880249,7.249627065233004,17.650978775501944,1.4583698453459537
2008,2025,ND,38,38089,Stark,27.284902478030176,34.121083653872546,7.126110778819797,13.510635116197934,1.4924903873317878
2008,2025,ND,38,38035,Grand Forks,27.254776101189062,37.42896252658784,7.265645699324821,28.895148781586556,1.385760108549779
2008,2025,ND,38,38093,Stutsman,27.762555181135465,33.926680182143045,7.222782819156736,23.5833964501817,1.417449528549923
2008,2025,ND,38,38101,Ward,27.87478106577941,33.65751762542005,7.2672864785824665,21.771516679718736,1.4259807228657175
2008,2025,ND,38,38049,McHenry,21.970898831943117,46.48240296341816,7.429545161119809,20.562881429074636,1.4511721515122549
2008,2025,ND,38,38075,Renville,24.45040758500113,37.654883251613526,7.460157080795113,20.891129237676658,1.444625203378793
2008,2025,ND,38,38105,Williams,27.61924885222132,34.1081592821125,7.326508769865675,17.947975897200358,1.4586075653391963
2008,2025,ND,38,38017,Cass,30.786171107909144,34.2583358608939,7.243862173318719,24.579009318781225,1.4611240327071318
2008,2025,ND,38,38077,Richland,26.452042307958042,39.96748945009853,7.1341077324909,23.265134793889352,1.4895451916082874
2008,2025,SD,46,46127,Union,26.156484033296483,24.381441086498867,6.853990805005629,14.462366935842756,1.5092677776351149
2008,2025,SD,46,46027,Clay,27.212874829259217,26.76253518652412,7.045665626220937,15.484573083789787,1.5172129719284126
2008,2025,SD,46,46033,Custer,24.215894210171758,38.48819704642309,7.618845667658268,11.179712514476476,1.4841688529595067
2008,2025,SD,46,46093,Meade,29.474541638094284,30.846609784828946,7.4416162408428255,11.03525893486836,1.509155580527967
2008,2025,SD,46,46103,Pennington,29.034372299706973,30.22255855505493,7.435885837464695,10.683176205373677,1.5108217692943016
2008,2025,SD,46,46081,Lawrence,24.99672249407861,34.96766178126717,7.24752223277585,16.013113229854305,1.4556425923476792
2008,2025,SD,46,46067,Hutchinson,24.606703210963214,31.031332205194627,7.2461982257886834,15.060996396535364,1.4975275196707691
2008,2025,SD,46,46101,Moody,27.305109229211922,23.8952635140233,6.943544161202919,18.606353400434944,1.466700911159703
2008,2025,SD,46,46043,Douglas,25.08410943246996,30.00528487601901,7.262441777907073,14.495978941696698,1.5010355705508576
2008,2025,SD,46,46039,Deuel,28.0336652854963,28.559821503762986,6.834423222976273,23.975097535655465,1.4459757035843177
2008,2025,SD,46,46025,Clark,28.086498846426338,26.902228217189926,6.983395981980171,19.94241585910279,1.4518812225291924
2008,2025,SD,46,46097,Miner,26.172400866636057,28.556137082569155,7.128550031382352,15.394947836267225,1.4919677679251069
2008,2025,SD,46,46073,Jerauld,27.867470726357556,26.75001669087581,7.215474017935506,15.047160289773148,1.4961349384375888
2008,2025,SD,46,46137,Ziebach,32.29228687235247,28.111372888354705,7.3019999703742435,11.481988466266909,1.5263146579666849
2008,2025,SD,46,46015,Brule,26.282030477741575,28.32558488473764,7.226336745829236,13.770388383508648,1.5116556769629705
2008,2025,SD,46,46129,Walworth,26.180804731852216,31.049376623473112,7.231455362819924,14.955724335092,1.4785530503403248
2008,2025,SD,46,46077,Kingsbury,28.22889211505477,25.15005870746594,6.966579992584577,19.677540529974184,1.4666286186520197
2008,2025,SD,46,46055,Haakon,34.40781487533595,24.5195701969736,7.3455397873153565,11.189025279925211,1.533772169722549
2008,2025,SD,46,46041,Dewey,30.12836956424762,31.462849464620426,7.240159822495319,13.024800299156936,1.5075961636475246
2008,2025,SD,46,46079,Lake,29.281010723948405,23.072368740932397,6.849644885865558,19.73603553200068,1.4527664078762093
2008,2025,SD,46,46085,Lyman,32.20354259214549,26.794011987494347,7.225427352878187,12.742742978363157,1.5300778658117187
2008,2025,SD,46,46071,Jackson,28.979203696274336,30.14078993322658,7.290142267265823,10.927540333871228,1.53616885977155
2008,2025,SD,46,46075,Jones,34.810111134874745,23.71538246937923,7.20823026087766,12.629258937376168,1.5282957797263865
2008,2025,SD,46,46021,Campbell,24.615200889910227,36.920954065313346,7.309750882655516,15.548541477946571,1.4722241206450601
2008,2025,SD,46,46063,Harding,23.999721467864322,41.28168939930477,7.261808283184575,11.904817005906391,1.4943419495050578
2008,2025,SD,46,46009,Bon Homme,24.928134108208905,29.12613870744226,7.192497533908527,14.15320672564199,1.5183804169843345
2008,2025,SD,46,46007,Bennett,21.822411324400175,39.81871135941487,7.27547980806791,12.79323930246829,1.488109233510139
2008,2025,SD,46,46109,Roberts,27.323872898605657,32.023896421371845,7.031560959206988,22.276884373608933,1.4612887315154208
2008,2025,SD,46,46121,Todd,19.770137844280853,48.445450301529675,7.116053294045449,14.650458596210541,1.4912611297206768
2008,2025,SD,46,46089,McPherson,26.024811722530025,34.10130758412204,7.197920062677294,17.417062790567662,1.472336703865501
2008,2025,SD,46,46102,Oglala Lakota,24.862153821288338,33.24901109145252,7.415349075057238,10.746626781332614,1.4769915320945108
2008,2025,SD,46,46023,Charles Mix,26.127889846291637,27.16447395163618,7.1889390760849965,13.98186071176671,1.5210881219406083
2008,2025,SD,46,46037,Day,27.816521082325053,28.17780070105986,6.972923153128345,22.3818640219082,1.441671724360535
2008,2025,SD,46,46123,Tripp,26.13131887745765,37.67900237621975,7.151702508519584,13.645097671045523,1.5128804073026079
2008,2025,SD,46,46111,Sanborn,23.147812400433654,37.35901321662828,7.2597468643163445,15.222744360245038,1.492737471348379
2008,2025,SD,46,46031,Corson,28.460440908865383,34.46253263230019,7.258271764416378,12.786644837439674,1.5021692243894347
2008,2025,SD,46,46053,Gregory,25.079668688898266,37.31653355472695,7.060625863064695,15.557769822269233,1.5068460032816071
2008,2025,SD,46,46051,Grant,27.676257350410395,29.234219601923673,7.04570373080382,21.23962133531009,1.4657429744372843
2008,2025,SD,46,46091,Marshall,26.045449048482393,33.38435948860681,6.986447748687128,22.22953675906977,1.4547316351688135
2008,2025,SD,46,46003,Aurora,25.967390166021037,28.65827417140988,7.253010204208862,14.61311250959346,1.5096494072659021
2008,2025,SD,46,46105,Perkins,25.685647468740154,37.753337629698706,7.273508192093797,11.52664371043926,1.504183625451969
2008,2025,SD,46,46017,Buffalo,29.707396585683366,27.618257011217402,7.284110507855477,14.2638115270765,1.5065565219808903
2008,2025,SD,46,46095,Mellette,25.328659516596886,35.368368066808415,7.223527827607173,11.285148719727715,1.5188653625827921
2008,2025,SD,46,46107,Potter,26.2305454103015,30.015529291660865,7.287586748339113,14.02726107581948,1.4886176362520283
2008,2025,SD,46,46047,Fall River,28.581140198772204,32.03767615523712,7.598890310423262,9.50303638372653,1.491132280756933
2008,2025,SD,46,46069,Hyde,28.16085534794907,28.59424800282486,7.27163713642597,14.194825389873436,1.4959865289028076
2008,2025,SD,46,46057,Hamlin,26.58876149671404,27.349277112867014,6.973444633618415,21.46996398647804,1.467470901601192
2008,2025,SD,46,46059,Hand,27.909368360378746,28.07473185635169,7.254273868207772,14.565247272773929,1.488035440609987
2008,2025,SD,46,46115,Spink,25.336953170863683,29.19422920996824,7.340552781551003,16.32597478525798,1.4569858379050098
2008,2025,SD,46,46049,Faulk,27.050040691308975,29.60894386074488,7.2681903343485,15.461589160805067,1.4839252909392489
2008,2025,SD,46,46019,Butte,26.9131033991375,35.15455058304147,7.550253540317747,11.301266794277439,1.5066404159971927
2008,2025,SD,46,46013,Brown,24.394268866650737,31.411894559558583,7.232346153723133,19.354286753535025,1.4429739191983246
2008,2025,SD,46,46045,Edmunds,26.571287658734114,29.76842340304355,7.254900656503738,15.937740684802723,1.4779534665963507
2008,2025,SD,46,46011,Brookings,26.68983096579836,27.785675372758604,6.8704965460651,21.625577465843048,1.4599163444559162
2008,2025,SD,46,46005,Beadle,24.573620322263448,33.01385431342151,7.317237725703548,15.583930215994155,1.4749338952909627
2008,2025,SD,46,46061,Hanson,24.171169487518878,31.626538983841886,7.222091644129097,15.15820004061778,1.4871682830477746
2008,2025,SD,46,46035,Davison,25.054096692341272,31.40016384887859,7.293558974568235,15.107938591217454,1.492627745956923
2008,2025,SD,46,46119,Sully,26.651275417550043,30.067218270929796,7.347337161718864,13.801377421425817,1.5009084593770703
2008,2025,SD,46,46117,Stanley,35.59024536610319,23.480616858173853,7.272309874817555,12.250181287712326,1.5332499256402061
2008,2025,SD,46,46065,Hughes,27.304419160927992,28.513839496247822,7.280495430213566,14.395403623102203,1.5073586351589554
2008,2025,SD,46,46099,Minnehaha,26.97089305620376,22.053567486023187,6.777639111967982,16.222856111350332,1.4720175237661257
2008,2025,SD,46,46087,McCook,26.158243062183303,26.276989564060834,7.021130689452315,16.04416817691412,1.4824355892120666
2008,2025,SD,46,46125,Turner,25.877763715548856,27.37552343232817,7.0785444205171615,15.577060270628804,1.4902813221863926
2008,2025,SD,46,46083,Lincoln,25.530461408793276,24.682141150519627,6.969642114738585,15.06769788088669,1.4867135160168852
2008,2025,SD,46,46029,Codington,26.48147029207654,29.33141753577114,6.996604890203972,21.708900187083447,1.466155682906671
2008,2025,SD,46,46135,Yankton,25.042055180948225,29.093746842857065,7.036609430042642,14.695439631144751,1.5090221249804945
2008,2025,IN,18,18039,Elkhart,17.047896727597614,46.82699906590548,6.171748635303935,19.840977761307148,1.6154009758905021
2008,2025,IN,18,18099,Marshall,17.985529960082772,45.36149119955786,6.175549101768003,18.02783067280374,1.5894311460117447
2008,2025,IN,18,18141,St. Joseph,17.658214732912253,47.228288261456115,6.259633214503205,31.561284282814643,1.5666339884073972
2008,2025,IN,18,18041,Fayette,23.046657809123754,20.609345558614617,6.185081081403041,10.653986170831363,1.5469945786902508
2008,2025,IN,18,18177,Wayne,23.64199838275519,24.90716508063181,6.369597515516806,13.136848594126212,1.5954282216746916
2008,2025,IN,18,18123,Perry,20.639121711666416,20.326713952606656,5.861612147897912,9.978415416583317,1.545922620936311
2008,2025,IN,18,18117,Orange,21.516766157237644,16.246150076091144,5.990361943828338,10.484467408327149,1.5479834296440746
2008,2025,IN,18,18171,Warren,24.81088939930503,19.515328053927895,6.122566841339461,15.362691891788206,1.542859757418035
2008,2025,IN,18,18137,Ripley,20.57625150411226,15.310155434993312,5.939267625333761,8.966602410722396,1.517708760644301
2008,2025,IN,18,18047,Franklin,22.864903635212205,17.743767358521943,5.991897122997231,11.057049424102384,1.5186197173357183
2008,2025,IN,18,18051,Gibson,21.63154893687739,17.97070199177586,5.9856135962016745,9.388259674870486,1.5598150047557986
2008,2025,IN,18,18049,Fulton,19.469892727369746,41.3784703580431,6.288279877855832,13.726178247705882,1.5745906898910145
2008,2025,IN,18,18055,Greene,21.575623542684276,22.391464900600397,5.999562551069625,9.837029636222443,1.581183038251213
2008,2025,IN,18,18139,Rush,23.571684780428814,20.378878229928173,6.311025344137288,10.257339460082544,1.566146269789649
2008,2025,IN,18,18135,Randolph,27.74161161156375,23.66583536580023,6.538844317944406,15.427628584222282,1.639464201111107
2008,2025,IN,18,18087,LaGrange,16.57109983348193,52.2082124861824,6.310696680769902,16.35739288289742,1.6164587232730394
2008,2025,IN,18,18131,Pulaski,18.759400364553517,46.20107026414126,6.3234390877207,15.828907491250026,1.5495780592679784
2008,2025,IN,18,18149,Starke,19.03644545118209,50.04425317175534,6.288900367675613,26.489070338609515,1.549742135888315
2008,2025,IN,18,18045,Fountain,23.152035354332572,18.082596822086426,6.071432058243636,12.406223274660551,1.5537319480011003
2008,2025,IN,18,18159,Tipton,25.677716834912,20.738397698855767,6.376984296246718,13.674245241760008,1.6003646767454403
2008,2025,IN,18,18025,Crawford,20.700328596245214,14.995248958747565,5.684615044731414,9.307343300520234,1.5242298452830272
2008,2025,IN,18,18155,Switzerland,21.478195506592748,15.36263674230946,5.933662079374419,9.633536552756805,1.5239738904635416
2008,2025,IN,18,18121,Parke,21.593832307817213,19.535880282066046,6.0254753825238625,11.078402900387168,1.5527656493913826
2008,2025,IN,18,18009,Blackford,29.811226287232337,21.14949590033363,6.4045125877191245,15.427768527785314,1.6489685871745756
2008,2025,IN,18,18147,Spencer,19.93064914295812,17.923801899878445,5.885407229315434,9.083445728363422,1.5604969927326682
2008,2025,IN,18,18075,Jay,30.490571585286588,21.95458088957864,6.500136177769955,15.688257178945479,1.6376416048689553
2008,2025,IN,18,18181,White,21.539916563237192,33.389021348279385,6.271494335586709,15.800764057604447,1.5396733912318255
2008,2025,IN,18,18101,Martin,19.67024112202579,19.300109147054364,5.854112837100367,8.721228388858535,1.5567936540259693
2008,2025,IN,18,18173,Warrick,20.534211280102014,16.126221952538906,5.84247140798613,9.369058789361542,1.5669479989978627
2008,2025,IN,18,18129,Posey,21.08380305883107,16.20034567139669,5.997295608062122,9.212497814813652,1.5535482822286317
2008,2025,IN,18,18163,Vanderburgh,22.165582587137905,16.398761506869228,6.062885729055321,11.442422832360904,1.5572633251388635
2008,2025,IN,18,18037,Dubois,19.140752368029663,17.692504444566598,5.768268495589901,9.249506961213989,1.555146651294228
2008,2025,IN,18,18125,Pike,20.059418970291457,17.105258678681512,5.830187032952122,8.827900064141623,1.5604512173881304
2008,2025,IN,18,18017,Cass,21.427841405138164,30.05618136595883,6.247934183610745,13.450479571313494,1.5791426064563319
2008,2025,IN,18,18053,Grant,27.727972545952777,21.8746820181709,6.366475909359754,14.374830319619027,1.6333831430687786
2008,2025,IN,18,18165,Vermillion,23.775930456981364,17.37858741478757,6.099429727311262,12.108125286940012,1.5526905452996835
2008,2025,IN,18,18167,Vigo,21.49595619149806,21.15274592912459,5.997801952405386,10.923159239595769,1.5746586113747223
2008,2025,IN,18,18153,Sullivan,20.536336228927034,22.291443743267575,5.970162601120244,9.559501704907198,1.575620054138172
2008,2025,IN,18,18021,Clay,20.895849169294276,20.678749986634998,6.009337466907714,9.74949343573743,1.5698939789407538
2008,2025,IN,18,18083,Knox,21.767745708198238,21.725478801463932,6.105855708324539,9.8140634595667,1.5687390309134608
2008,2025,IN,18,18169,Wabash,24.959769801116796,28.563366479154546,6.280688681275951,13.0268213293496,1.6082844111444339
2008,2025,IN,18,18085,Kosciusko,19.845881198278466,41.845312292879754,6.210089063931525,17.959435627609356,1.6078374877958177
2008,2025,IN,18,18027,Daviess,20.95960572413606,21.51160087932003,6.020215933118512,9.280656864283332,1.570110894396492
2008,2025,IN,18,18093,Lawrence,21.06496803016191,16.205480499100716,6.0560609322183385,9.654214496632962,1.5442292804407578
2008,2025,IN,18,18119,Owen,19.967574439909146,18.416998174722334,5.991003324423734,8.962162070683576,1.5561006754972362
2008,2025,IN,18,18105,Monroe,20.887755875814666,16.8095819647378,5.979763810010334,9.90521270269517,1.5420903226493083
2008,2025,IN,18,18073,Jasper,20.575930007684175,43.447873506753744,6.326092174983021,18.54577728532471,1.5472901179752894
2008,2025,IN,18,18111,Newton,23.23145071324528,35.99214250479579,6.306569162484873,18.328429773573585,1.5365710417078924
2008,2025,IN,18,18089,Lake,22.15814828017772,40.22777703019414,6.2700539545464125,22.4893784118336,1.546481698761608
2008,2025,IN,18,18127,Porter,19.085050712114835,44.711557892468605,6.127866924558613,20.371477947910176,1.5524013808429127
2008,2025,IN,18,18091,LaPorte,18.637119151262414,45.48612032825958,6.171300947364937,26.343721815494533,1.5507956028177534
2008,2025,IN,18,18115,Ohio,23.5461189889441,20.303727494310447,6.350284477302415,10.77807067156845,1.5383434667851705
2008,2025,IN,18,18161,Union,23.9611697599993,19.56862419219075,6.0476496854359,12.650670974982285,1.524128315049148
2008,2025,IN,18,18029,Dearborn,23.867045335966164,15.711522021817116,6.028640402629605,11.665312126247127,1.5056934143248206
2008,2025,IN,18,18005,Bartholomew,21.582713880394166,22.180940891947426,6.2099352243675625,10.108376651319409,1.5748308159428646
2008,2025,IN,18,18107,Montgomery,23.23272269156833,18.90696792359733,6.119602598477157,11.760299330803681,1.533610507353188
2008,2025,IN,18,18031,Decatur,21.136505977503777,18.11083984110348,6.112700669869973,9.617027526179616,1.5398441041669368
2008,2025,IN,18,18057,Hamilton,24.24477964004779,24.397964428871767,6.368600248410998,11.479176324521404,1.5915965622180333
2008,2025,IN,18,18081,Johnson,22.93466104655577,21.941550846813954,6.240710594668496,10.195683147262125,1.5600596081111844
2008,2025,IN,18,18059,Hancock,24.870033296719523,22.22805726418253,6.36090847638774,10.108666597592812,1.5870109334020037
2008,2025,IN,18,18013,Brown,18.965292887921837,19.80027731558513,5.832174580826826,9.273049191518423,1.5496548914202821
2008,2025,IN,18,18109,Morgan,21.193889192550266,24.767032649911915,6.270975000956381,9.708961130591613,1.5579137749693046
2008,2025,IN,18,18095,Madison,25.407530334099537,23.633750715005878,6.409375965218486,12.460763961329615,1.620959732724112
2008,2025,IN,18,18133,Putnam,21.56559189515165,18.93152245816993,6.084346254778826,9.661479808081156,1.5440263058296502
2008,2025,IN,18,18063,Hendricks,23.260474638899982,19.326044135441183,6.1738258450584995,9.712113852688939,1.5410527999079335
2008,2025,IN,18,18011,Boone,24.408463834519495,19.980495207993936,6.2010969505511975,12.826121874738783,1.5639648214291983
2008,2025,IN,18,18145,Shelby,23.047525451607985,22.267767574872636,6.30446530049287,9.936401558725892,1.5746308531944817
2008,2025,IN,18,18035,Delaware,26.67377213149118,24.8128013604887,6.453710773841379,12.595155222347852,1.6397625642770874
2008,2025,IN,18,18065,Henry,25.28442331150438,22.860419858677037,6.3102949981334095,11.03887950874444,1.5978847123223292
2008,2025,IN,18,18079,Jennings,19.58225769138063,18.616122039079414,5.9114143410671325,8.562771310973984,1.549105635550808
2008,2025,IN,18,18071,Jackson,20.994436362180277,23.178334712508644,6.117645135959972,9.362862700870354,1.5641090293719864
2008,2025,IN,18,18067,Howard,24.492164146227903,22.07468368842304,6.34079777387318,13.448344930702987,1.5973854516981905
2008,2025,IN,18,18103,Miami,24.246752222655743,25.369862409220904,6.268664566299604,12.739458267131853,1.6080451057088994
2008,2025,IN,18,18023,Clinton,23.999705471280194,22.082720944462093,6.214409996010679,13.303386548586282,1.5751636831117228
2008,2025,IN,18,18007,Benton,25.67986316436666,22.769320296496197,6.220976007028202,17.3996723422569,1.498761278155721
2008,2025,IN,18,18157,Tippecanoe,23.318981980457476,23.0484092643239,6.169396292777422,13.618728557863882,1.5510698260418654
2008,2025,IN,18,18015,Carroll,20.955797042749584,27.045514121227693,6.2636968595511,12.651357439865729,1.560975771876352
2008,2025,IN,18,18143,Scott,20.52476808096659,17.311926146518093,5.919994868258897,9.589297248673542,1.5620323378944414
2008,2025,IN,18,18043,Floyd,21.881600678818728,16.500428049759837,5.937903238025967,10.449982574965539,1.5266650378047488
2008,2025,IN,18,18061,Harrison,21.512218987599443,14.35451351449921,5.957472118912757,10.031687977458834,1.5361664919471614
2008,2025,IN,18,18019,Clark,21.09060777407069,15.852669468555861,5.90557754375778,9.357867630770642,1.5424622981086122
2008,2025,IN,18,18175,Washington,22.089214821224697,15.112129528124612,5.97051318138104,11.041155304273078,1.5391143061554708
2008,2025,IN,18,18077,Jefferson,20.399637092567033,14.916976618525792,5.85917189373447,8.85970794869852,1.5335514042116152
2008,2025,IN,18,18151,Steuben,18.080105827585157,47.68853253495109,6.243073461601622,16.56563202421935,1.616391355916853
2008,2025,IN,18,18033,DeKalb,22.39093244144452,41.11412328515548,6.336080862131933,17.796370326684155,1.6329755568888231
2008,2025,IN,18,18001,Adams,29.978187456731256,23.675363667110098,6.4179876024919995,16.292388739739444,1.6373858011627642
2008,2025,IN,18,18003,Allen,27.874352825087602,29.55401071781467,6.39940454209223,14.79677104953314,1.630360131289956
2008,2025,IN,18,18179,Wells,29.259409583745658,22.92613590437982,6.37896493650421,15.153263684363347,1.6423771655674149
2008,2025,IN,18,18183,Whitley,24.292144446894554,35.08724969957105,6.315132545551529,14.493783728805479,1.6305036307878542
2008,2025,IN,18,18069,Huntington,27.132166799190475,26.74630746566015,6.313180146042111,14.005095618376801,1.6289559786984782
2008,2025,IN,18,18113,Noble,18.480972124113134,46.19282510829085,6.196473361378116,17.263603237647324,1.6263941406725062
2008,2025,IN,18,18097,Marion,23.91078553540981,23.059054152940437,6.164399231421779,10.728280588404534,1.5662899634305532
2008,2025,OH,39,39123,Ottawa,25.296900388395112,36.905803569317804,6.554533351815948,14.306195090536741,1.535600363797233
2008,2025,OH,39,39051,Fulton,22.51755392712364,42.665826990313306,6.465844443559899,15.003789355660322,1.6076777630758095
2008,2025,OH,39,39095,Lucas,24.588338156837064,39.241132632557495,6.531807067333131,14.746728645065328,1.577070989910161
2008,2025,OH,39,39173,Wood,27.54939006627546,35.39203663985881,6.564404665551627,14.183728711298366,1.5705738335423558
2008,2025,OH,39,39167,Washington,22.060211594907223,24.190434130831928,5.800203906624651,11.037461735366236,1.5396505945562329
2008,2025,OH,39,39081,Jefferson,22.932571924244606,26.363471639920974,5.57640113729459,17.374391595585756,1.4835815141438962
2008,2025,OH,39,39087,Lawrence,20.30084247648904,24.672756661441998,5.998675875130615,9.217198928944608,1.539514841300941
2008,2025,OH,39,39145,Scioto,22.48416851846412,25.266417367412938,6.140603408612563,10.92177093836366,1.5434998221621803
2008,2025,OH,39,39029,Columbiana,20.972953958104153,27.89696312735606,5.629706670636386,18.693733812215175,1.4916741356485745
2008,2025,OH,39,39155,Trumbull,19.27667152218803,34.316478249828606,5.73864730303499,19.03633341687805,1.4929599407080436
2008,2025,OH,39,39099,Mahoning,19.70160075399447,30.049533247412278,5.660462910052502,16.900265596693757,1.4802170166589563
2008,2025,OH,39,39107,Mercer,29.77374248335453,23.709875387838157,6.609331779643833,17.37764505785432,1.6130250878796961
2008,2025,OH,39,39003,Allen,27.062663414407226,25.852317322860486,6.521716739905912,14.998707128267332,1.5647715236722313
2008,2025,OH,39,39161,Van Wert,29.8562025854587,26.875615725604007,6.544946397360727,15.510544019568123,1.6563666982474925
2008,2025,OH,39,39011,Auglaize,27.293205566157145,24.681925493382973,6.559424274039111,16.220661084290686,1.5598821071967535
2008,2025,OH,39,39005,Ashland,21.45789119213009,28.48856259854123,5.773356554421006,19.022934041968874,1.515370941136389
2008,2025,OH,39,39033,Crawford,22.46576077849414,30.275762853401606,6.385674280694896,17.481021018456456,1.5008845016176142
2008,2025,OH,39,39139,Richland,21.902989987741098,28.95655811990604,5.939907285614282,18.719576576277927,1.5171731706061637
2008,2025,OH,39,39115,Morgan,21.928693354834838,24.22696093989013,5.701759863671325,11.258080933714185,1.519187374729443
2008,2025,OH,39,39163,Vinton,20.36399510864051,26.550993490647137,5.937754246565097,9.837773470248688,1.5349787738493823
2008,2025,OH,39,39125,Paulding,30.23613606483682,30.99039361730427,6.6056680809953905,15.684601965050264,1.6348761483319048
2008,2025,OH,39,39069,Henry,26.639440143197373,36.881785505917364,6.555933598496091,15.061503689163407,1.6245697690656105
2008,2025,OH,39,39131,Pike,22.427824251863065,25.69012410187211,5.976806923145017,11.223801608358471,1.5453547615786423
2008,2025,OH,39,39111,Monroe,22.234031344659552,25.951007506914266,5.810931120769129,18.61912287633347,1.4688713288555246
2008,2025,OH,39,39001,Adams,22.336843889889533,17.912855760765737,5.94671983052271,10.967977253708924,1.5345311066107963
2008,2025,OH,39,39067,Harrison,22.68849510142403,24.987318242316906,5.640697459145179,16.605246830186044,1.503401307954807
2008,2025,OH,39,39135,Preble,24.332670151761473,21.030045267371612,6.180227430054581,13.53823823369108,1.5408496837743324
2008,2025,OH,39,39071,Highland,23.061963274044338,21.380894458850893,6.12343560665278,12.402445512414886,1.5479869513011906
2008,2025,OH,39,39171,Williams,22.97863771333256,40.39309474338181,6.397895501904904,15.49983433391531,1.61027778533268
2008,2025,OH,39,39175,Wyandot,25.564108195488746,30.87302967533463,6.469303700684526,15.792374707569772,1.513765168097701
2008,2025,OH,39,39075,Holmes,22.12322835053865,26.296040421774414,5.711439165544416,18.799477447649753,1.5027252018995905
2008,2025,OH,39,39065,Hardin,25.22026091303642,27.63827191709249,6.467106231524553,18.778790933775834,1.5138997608467353
2008,2025,OH,39,39121,Noble,23.81238696342229,22.603440002952798,5.661502971247185,13.572694053814638,1.520457682796295
2008,2025,OH,39,39137,Putnam,28.958276090782743,30.556141827340124,6.6090739179751425,14.19749405960765,1.6073914046342432
2008,2025,OH,39,39105,Meigs,21.69468624780403,23.44067099609826,6.034140660468608,9.803547107242265,1.5547119085687218
2008,2025,OH,39,39009,Athens,21.482957700383537,25.76384215693845,5.84620156578081,10.60901077807317,1.5509318933150946
2008,2025,OH,39,39031,Coshocton,22.238475037708643,26.78353928052465,5.937689682750156,15.582165125170523,1.5268948868188255
2008,2025,OH,39,39039,Defiance,26.567365462612077,36.148814928608594,6.439829693656988,16.73315029847252,1.6239532807665873
2008,2025,OH,39,39143,Sandusky,25.501491546926765,36.10456821193318,6.564334716840505,13.81652472251301,1.5130678875775099
2008,2025,OH,39,39079,Jackson,22.04187975010944,21.952218375711258,5.8805405276351985,11.656010504954038,1.5564323743583623
2008,2025,OH,39,39053,Gallia,21.315093443909436,23.812547028751727,6.0460043726647115,10.748746169074227,1.557825422814717
2008,2025,OH,39,39013,Belmont,24.27052030497336,24.0953041758382,5.552520177369445,18.399049350815076,1.5033432226369348
2008,2025,OH,39,39169,Wayne,21.310866149653204,28.107523241478727,5.7807528926843315,18.81921380118384,1.5161987665661456
2008,2025,OH,39,39017,Butler,23.923647713210645,21.43405295627626,6.178500738364478,11.939973309949242,1.5433391936332002
2008,2025,OH,39,39015,Brown,21.920841481518238,18.73605653161601,5.960241596909918,9.356380558198513,1.5495740888237408
2008,2025,OH,39,39165,Warren,22.87147941113506,20.174718313970494,6.051768492031046,11.338053641971628,1.5454762658843644
2008,2025,OH,39,39061,Hamilton,23.301043584321715,23.12095166986788,6.429188443628772,11.22131473006066,1.5657815103380024
2008,2025,OH,39,39025,Clermont,21.91657505824969,17.960760404998926,5.9308619068098976,9.157697233788282,1.5447706040169038
2008,2025,OH,39,39027,Clinton,24.631946251797665,23.964140359509656,6.260908481389483,14.603277618278947,1.539660742557876
2008,2025,OH,39,39133,Portage,19.74610850608755,29.94474045738731,5.6299881128660845,18.25853282329715,1.4749608177031928
2008,2025,OH,39,39153,Summit,20.524491035787538,30.009606406445588,5.699981243858379,16.52104153669884,1.501331849151692
2008,2025,OH,39,39007,Ashtabula,19.360682410159956,33.499273573013234,5.595884954663255,22.048704999546747,1.4674646804194564
2008,2025,OH,39,39151,Stark,21.393773352614364,27.909154370337838,5.74178703288894,18.15846452439968,1.5037362593323695
2008,2025,OH,39,39019,Carroll,22.828391033754933,25.27834481544346,5.61798606257562,17.78040450953299,1.4934068961370932
2008,2025,OH,39,39085,Lake,19.18770226537216,31.91909385113268,5.551132686084144,21.553398058252423,1.4286731391585759
2008,2025,OH,39,39035,Cuyahoga,20.142823831176408,32.52990556138511,5.801434067855895,15.817885041389768,1.5185018071586809
2008,2025,OH,39,39103,Medina,20.523992094974517,30.094508463346514,5.889285292026087,16.838943673837797,1.5125195612253939
2008,2025,OH,39,39093,Lorain,20.268614472401108,32.92948016639974,6.07284288985708,15.659823185088532,1.5355339474784282
2008,2025,OH,39,39055,Geauga,19.552319245728828,31.02533597801921,5.470374161024159,22.372590565689286,1.454512544636123
2008,2025,OH,39,39157,Tuscarawas,21.926975028881227,27.07122503957797,5.8792225776829525,16.197335031645842,1.5147683374968344
2008,2025,OH,39,39077,Huron,21.28427979653213,33.40816348518879,6.254312054546144,16.529905779076245,1.522847737016298
2008,2025,OH,39,39043,Erie,22.596412329611653,36.19826642156951,6.351658379948456,14.094593133065448,1.5228709785487362
2008,2025,OH,39,39091,Logan,24.244453533366563,26.39781804669006,6.2836656003044995,17.237143439002708,1.5294609084831043
2008,2025,OH,39,39059,Guernsey,22.443325820781027,24.836826967485905,5.744003932692287,15.379938908479673,1.5234806705398933
2008,2025,OH,39,39141,Ross,22.897131708369024,25.88682634030034,6.101902183242187,12.164235374418837,1.5536883075962977
2008,2025,OH,39,39129,Pickaway,23.794982345762456,26.0769284195315,6.193983387639584,12.485669652431097,1.557821570725416
2008,2025,OH,39,39073,Hocking,21.06435857127189,26.383475304354175,5.896075750374731,10.162297858857656,1.543398969034475
2008,2025,OH,39,39041,Delaware,23.846231889133584,28.13981991401856,6.183380853916758,16.716950508428226,1.546139501706037
2008,2025,OH,39,39117,Morrow,23.01123585614706,27.91151481925352,6.061258336996591,18.032974698319464,1.5290961818213242
2008,2025,OH,39,39127,Perry,22.294250788607165,23.516169853591396,5.786054515470475,11.838017594860373,1.5327593640155308
2008,2025,OH,39,39159,Union,25.16152131499482,26.17853785235871,6.376248215993836,16.548726032265307,1.5380049545204353
2008,2025,OH,39,39045,Fairfield,23.02342639144561,25.636578577079927,6.011631747159241,12.066708060165146,1.549620495396604
2008,2025,OH,39,39089,Licking,23.1029543934325,26.32600747104105,5.941618730231356,16.744619363621908,1.5310937192495204
2008,2025,OH,39,39097,Madison,24.853952583060174,25.365678111118495,6.417035770944588,15.435790767265045,1.5388831929611981
2008,2025,OH,39,39049,Franklin,24.64739973186976,25.500645584374183,6.208393494075542,13.037216872032895,1.5416030068000481
2008,2025,OH,39,39101,Marion,25.276306008085523,29.81902526653113,6.480297110542508,16.97335145350562,1.5303129031764215
2008,2025,OH,39,39083,Knox,23.022766854464276,26.045688389365342,5.891236889454232,18.085434743532332,1.5322707639684325
2008,2025,OH,39,39047,Fayette,24.46066552274586,24.391599362768947,6.419220206805547,12.876252271611788,1.5441924924445676
2008,2025,OH,39,39119,Muskingum,21.97535098222663,26.016051463155097,5.87477686270782,13.580544605182602,1.5323525213262437
2008,2025,OH,39,39109,Miami,24.82404534433466,23.769948883581016,6.266428744616963,13.829372489414887,1.5517209839684432
2008,2025,OH,39,39057,Greene,23.92537376851315,23.152781812827943,6.1974804241990515,12.4434356913881,1.5273876420246657
2008,2025,OH,39,39113,Montgomery,23.738312314139574,21.63253309373935,6.208765700557126,11.417925556596106,1.545246924456388
2008,2025,OH,39,39037,Darke,27.718249106177623,24.904545464626104,6.560625622669339,22.0161258884321,1.5862405505191703
2008,2025,OH,39,39149,Shelby,26.694295158437953,23.81602917269783,6.440057224572087,16.756560479159706,1.551818573463008
2008,2025,OH,39,39023,Clark,24.729365559378316,22.68988203278732,6.212092328355656,14.495331971624827,1.530723452255243
2008,2025,OH,39,39021,Champaign,24.960768474592836,23.446092624974003,6.231968151994266,17.360939436917153,1.5170759092533852
2008,2025,OH,39,39063,Hancock,26.408374910221045,32.147008923837234,6.5018386503688195,14.320846482057998,1.5311678682736811
2008,2025,OH,39,39147,Seneca,24.337137776929843,32.762089412919636,6.506886963737947,15.319226581446632,1.503513220318171
2008,2025,MO,29,29510,St. Louis,,,,,
2008,2025,MO,29,29187,St. Francois,19.962245511725083,16.980138860673268,5.87612480730393,10.563130619057288,1.531683974458559
2008,2025,MO,29,29071,Franklin,21.071110657322627,18.120622984853767,6.316972857108974,9.31601563034408,1.55697694787872
2008,2025,MO,29,29183,St. Charles,24.66974816712944,24.548220129495228,6.688194034316587,10.906776093645883,1.5712523903830728
2008,2025,MO,29,29219,Warren,24.016641331400574,16.32377029907375,6.442047783134829,9.4379715092881,1.5570224096600853
2008,2025,MO,29,29189,St. Louis,22.873264618696776,27.10370739687103,6.785538208531431,10.487498085527257,1.5744202324740202
2008,2025,MO,29,29099,Jefferson,20.322406785961014,16.686389505465034,6.172813200223024,9.126086605862314,1.5477645988280972
2008,2025,MO,29,29113,Lincoln,23.84752147231813,12.790850075385329,6.200511656256548,9.835314322120942,1.550023032191643
2008,2025,MO,29,29209,Stone,18.916666666666664,16.416666666666668,5.683333333333334,14.166666666666664,1.4858333333333331
2008,2025,MO,29,29213,Taney,20.0,21.666666666666668,6.300000000000001,10.0,1.5166666666666666
2008,2025,MO,29,29043,Christian,19.648550724637687,20.007246376811594,5.890942028985506,11.974637681159418,1.5148188405797103
2008,2025,MO,29,29225,Webster,21.155555555555548,18.088888888888896,5.895555555555557,11.492063492063494,1.5267301587301583
2008,2025,MO,29,29059,Dallas,21.30976386309366,17.12659193420005,5.926825196780754,12.292993278500042,1.5012746528699035
2008,2025,MO,29,29167,Polk,20.391578395001474,16.694012577695332,5.959361881284774,12.083902827947547,1.5000632545803632
2008,2025,MO,29,29077,Greene,20.25586226181441,17.575723378473754,5.922718678011689,13.148826881849288,1.5081698491324786
2008,2025,MO,29,29173,Ralls,25.31785277196434,9.312858527971,6.048159242069876,9.971552938962825,1.5450917293726754
2008,2025,MO,29,29127,Marion,24.393547666746944,13.674054098006236,6.2187415266662605,9.51794183597874,1.5535644883665074
2008,2025,MO,29,29111,Lewis,25.306537459759205,13.02682910236462,6.120978200537085,9.975500157198368,1.5540488465185749
2008,2025,MO,29,29017,Bollinger,17.771928516678827,22.291243148193676,5.836286048067138,8.877955976266538,1.5478840628072066
2008,2025,MO,29,29031,Cape Girardeau,19.88037792253818,17.82803276833628,6.036911491353755,10.005367652001997,1.555572206504033
2008,2025,MO,29,29201,Scott,19.125472645551167,38.09449113048297,6.093374603625278,9.909178196011098,1.564166450306613
2008,2025,MO,29,29145,Newton,20.781793758866037,14.92311587920617,5.847226262050059,12.710815474156533,1.512164158521904
2008,2025,MO,29,29097,Jasper,21.687035316965154,16.26952843503731,6.02277851876781,11.667859562273177,1.539825803496178
2008,2025,MO,29,29037,Cass,27.17034259893283,13.31926617011831,6.1185266636305045,12.66673449524761,1.5562342217800793
2008,2025,MO,29,29165,Platte,28.997178147265195,15.508478190349198,6.604150181717586,12.601496757581021,1.5705019593298815
2008,2025,MO,29,29177,Ray,28.637162489571256,18.086991360717324,6.5215140512092376,12.023533350139452,1.5774884673293637
2008,2025,MO,29,29107,Lafayette,25.805729071536078,13.626680763505519,6.171159642248913,11.318025197036768,1.5529709180333746
2008,2025,MO,29,29025,Caldwell,28.82456503788431,13.720021153505515,6.116728891404899,13.15771274818328,1.5544337873577023
2008,2025,MO,29,29095,Jackson,26.716938666718306,16.507626383332568,6.31693673020054,12.324520563935364,1.5634906969150764
2008,2025,MO,29,29049,Clinton,29.798741780164395,13.120159246414275,6.13240810654635,14.08645522406296,1.5541895452867953
2008,2025,MO,29,29013,Bates,25.634232038163567,15.579848573507412,6.050627493810759,12.216619150671086,1.5565160577652646
2008,2025,MO,29,29047,Clay,28.11330269537051,17.119472365213642,6.438548383875968,13.248490566845067,1.5709117361369636
2008,2025,MO,29,29021,Buchanan,28.247334275890143,14.79140552101486,6.545257855336754,12.225287792957564,1.5561112159462331
2008,2025,MO,29,29003,Andrew,29.5567636908784,11.342383892694455,6.439682096700557,13.342207561077144,1.5531280358568085
2008,2025,MO,29,29063,DeKalb,30.254537194018663,12.857967586967792,6.1719338096501275,13.682154537929899,1.5544759310245235
2008,2025,MO,29,29101,Johnson,25.98450161347845,14.33958220845226,6.006369381129768,12.491031558684389,1.5614515230474613
2008,2025,MO,29,29019,Boone,25.22076666654275,12.45569996154769,6.1168146108740755,11.138697487963467,1.556196035161329
2008,2025,MO,29,29007,Audrain,26.209843306632145,7.846442549894468,5.980326996784857,10.460902797444703,1.54408069803481
2008,2025,MO,29,29175,Randolph,26.879252306861066,10.143510318498711,5.949637972426253,11.206873734886758,1.557807711556551
2008,2025,MO,29,29083,Henry,24.63360829113885,16.957974731764455,5.894690105722773,12.28244252171181,1.5680858277419238
2008,2025,MO,29,29011,Barton,22.1494831119007,19.524483075787376,5.827338602416884,10.937194631455405,1.5613788070823393
2008,2025,MO,29,29103,Knox,26.840276542456884,11.790982198068667,6.0182364720769,10.874194217851386,1.5564382613862302
2008,2025,MO,29,29117,Livingston,28.13270744253217,14.787763743658843,6.142187621168475,12.265960445724083,1.5751996969149165
2008,2025,MO,29,29123,Madison,19.107650273224046,18.154644808743168,6.000616120218579,10.104781420765027,1.532143442622951
2008,2025,MO,29,29125,Maries,20.745229210877152,18.951488759686853,5.965043927811656,10.077902509446917,1.534423547726299
2008,2025,MO,29,29109,Lawrence,20.315104505180372,17.341834012372505,5.873199989105662,12.427441229376633,1.5030903772040913
2008,2025,MO,29,29179,Reynolds,18.09375,25.614583333333336,6.062499999999999,9.583333333333334,1.5215625
2008,2025,MO,29,29005,Atchison,29.7289470070487,8.89228584559201,6.567035525839649,12.385924930853463,1.5429070921992978
2008,2025,MO,29,29081,Harrison,29.765129124496248,15.249204363043242,6.139746731986842,12.906652209963507,1.5446236175804544
2008,2025,MO,29,29067,Douglas,18.199999999999996,30.266666666666662,5.88,9.0,1.5353333333333334
2008,2025,MO,29,29093,Iron,20.534735886181323,20.27612128550528,5.973245547651482,10.15211139700318,1.5178134302002928
2008,2025,MO,29,29079,Grundy,27.94190119401087,17.760097022789655,6.172687051133835,12.361543337434721,1.5617676032060939
2008,2025,MO,29,29163,Pike,24.754234418694217,12.47836732115386,6.139193185688207,10.520168980196003,1.5458050317974383
2008,2025,MO,29,29089,Howard,24.225501042387734,17.099585512631922,6.2952557512516485,10.275266792053,1.5652683434258792
2008,2025,MO,29,29221,Washington,20.551613718715764,16.87770006460493,6.008173927698659,9.587371141260077,1.5152619308446387
2008,2025,MO,29,29131,Miller,21.039112265716735,18.944843526882863,6.1324365458923005,10.382856730497966,1.5447744473528269
2008,2025,MO,29,29139,Montgomery,25.23519649260934,10.623029577987118,6.077025250554267,9.92563438815229,1.550768171043236
2008,2025,MO,29,29153,Ozark,18.523809523809522,25.380952380952383,5.814285714285715,9.285714285714286,1.5395238095238093
2008,2025,MO,29,29041,Chariton,27.04070814946505,15.239661366307104,6.288103698064953,11.06648001617958,1.5812038563708404
2008,2025,MO,29,29223,Wayne,18.234250959578127,21.71613951563609,5.968188324088734,9.691701120362039,1.548820183980835
2008,2025,MO,29,29039,Cedar,21.472357880159397,21.909866191596386,5.875574348956543,12.199435510127348,1.547517551462124
2008,2025,MO,29,29149,Oregon,17.866666666666667,25.12222222222222,5.983333333333334,10.111111111111112,1.5226666666666668
2008,2025,MO,29,29073,Gasconade,21.407467122788354,18.142034850934827,6.201564568943217,9.644609103116537,1.5549249066103368
2008,2025,MO,29,29087,Holt,29.666240480611776,11.777621291458273,6.778947397770658,12.219238969405952,1.546230889938488
2008,2025,MO,29,29055,Crawford,20.524366388234455,18.357735418005287,5.81726279717284,9.043335475119585,1.5410124937531233
2008,2025,MO,29,29186,Ste. Genevieve,22.573791791052454,19.480681993044605,6.162807527775225,10.494262866874042,1.547815462817631
2008,2025,MO,29,29227,Worth,29.747965141194474,15.116638121262039,6.292309628299618,13.542176016920937,1.5529385387658226
2008,2025,MO,29,29085,Hickory,22.252042429468496,18.615238347926063,5.819697421951006,11.805960909171318,1.5423249701512345
2008,2025,MO,29,29009,Barry,19.171073285522784,17.20382644291118,5.807279515818255,12.261553549680077,1.4989639448766234
2008,2025,MO,29,29181,Ripley,18.160431758985133,38.188359493965386,5.979725418242609,10.082739576410436,1.5800559791156545
2008,2025,MO,29,29207,Stoddard,20.672126793157155,25.535754229592325,5.97259317896176,9.543119921212334,1.5608055112651271
2008,2025,MO,29,29075,Gentry,30.177743353895515,14.141766534983514,6.33458592993605,13.89372354848977,1.5616080029996726
2008,2025,MO,29,29171,Putnam,28.628861727068504,17.143633560860337,6.01223980490219,14.192127991047535,1.5481949686839733
2008,2025,MO,29,29033,Carroll,28.53185684161668,16.857176995040284,6.419273701749427,11.603820963614895,1.5815401295951805
2008,2025,MO,29,29217,Vernon,23.819822443043208,18.392467028438286,5.913243160468912,11.258923086104009,1.5631316595510714
2008,2025,MO,29,29015,Benton,25.55563632212481,13.015784635250137,5.913149087274753,11.398086323712535,1.556276348675706
2008,2025,MO,29,29065,Dent,20.639178719627736,20.73063730781223,5.814669832817633,9.862440334844454,1.548013719987527
2008,2025,MO,29,29185,St. Clair,23.604940286332912,18.18686818822349,5.844157297350353,11.907474210751172,1.5609625692448177
2008,2025,MO,29,29129,Mercer,28.39045210788465,18.21660363132566,6.019441537272936,12.733664002351796,1.5527701231083169
2008,2025,MO,29,29137,Monroe,25.44022375956557,11.228197361100266,5.995357583450578,10.025284965640873,1.5578554569500167
2008,2025,MO,29,29155,Pemiscot,27.532686234306624,29.66143531221332,6.091530091274759,10.043624964508297,1.5981121214066971
2008,2025,MO,29,29143,New Madrid,24.641624431913616,30.91243365135337,6.106242333323521,10.65442800415915,1.5762718676439995
2008,2025,MO,29,29029,Camden,19.14533511238838,25.01885114099011,5.96560949741695,9.14964589962024,1.5413927948270556
2008,2025,MO,29,29229,Wright,19.73809523809524,19.5,5.934523809523811,11.011904761904761,1.5029761904761907
2008,2025,MO,29,29053,Cooper,24.16723283888314,10.130627860386246,6.096708236875642,10.42739974595063,1.5519865482412665
2008,2025,MO,29,29211,Sullivan,28.103682511306374,18.26846306668969,6.036699734780886,12.862646079835397,1.5583211249900781
2008,2025,MO,29,29115,Linn,27.611511089432366,14.23938223803795,6.016641895051212,12.116208528143606,1.566701459500181
2008,2025,MO,29,29215,Texas,20.361788617886177,18.597560975609753,5.7593495934959344,10.792682926829269,1.5132520325203254
2008,2025,MO,29,29141,Morgan,23.85264916782381,12.27895315516931,5.999141535110793,11.73951484975002,1.5491303830062608
2008,2025,MO,29,29035,Carter,17.444444444444446,26.222222222222225,6.211111111111111,8.333333333333334,1.53
2008,2025,MO,29,29133,Mississippi,26.472787402511806,29.75647078574968,6.218232253965941,12.034969771759318,1.5777984793045692
2008,2025,MO,29,29121,Macon,27.588935063359404,14.425869580948268,6.011555074107078,11.631919351030064,1.5637357758838002
2008,2025,MO,29,29061,Daviess,29.317544263180004,14.825590772884432,6.196180936845013,12.440223218145965,1.5538071307543442
2008,2025,MO,29,29205,Shelby,25.963886714415892,10.284527085009707,6.010075707966816,10.048014634241412,1.5605020977047082
2008,2025,MO,29,29203,Shannon,18.51111111111111,24.11111111111111,5.657777777777778,8.777777777777779,1.5395555555555556
2008,2025,MO,29,29157,Perry,24.03044623510317,14.590954771338254,6.1987996348946455,10.504441197858661,1.5659093152609294
2008,2025,MO,29,29057,Dade,21.94969579397917,18.61146648170886,5.918024861900638,11.974101088170375,1.5288266692905514
2008,2025,MO,29,29199,Scotland,27.520089638073134,14.552569368063862,6.021836244984472,11.916756404519536,1.5657575461027466
2008,2025,MO,29,29119,McDonald,18.199191929861612,15.025245589944017,5.752580014788213,11.975282560473222,1.4985128164501254
2008,2025,MO,29,29169,Pulaski,18.348785871964687,23.916114790286965,6.119646799117,9.326710816777041,1.542538631346579
2008,2025,MO,29,29045,Clark,27.081746754385513,15.10291471408564,6.178942421868238,12.389223979024884,1.5624379091461458
2008,2025,MO,29,29051,Cole,21.054639882918252,17.985319881018725,6.2735938316215805,9.614053265294631,1.562363307473456
2008,2025,MO,29,29151,Osage,21.62728350104215,18.780953593045908,6.414898300469011,9.559437741111191,1.5609730735386895
2008,2025,MO,29,29135,Moniteau,23.725782800637244,12.325579497951386,6.055289652553417,11.614913857811223,1.5444146165804795
2008,2025,MO,29,29027,Callaway,25.488715619310412,14.043497343756352,6.173826508600563,10.69517240347972,1.5600849220324295
2008,2025,MO,29,29069,Dunklin,19.127682800452366,40.35687034274753,6.049568252461924,9.827891508849667,1.5764591546420554
2008,2025,MO,29,29001,Adair,27.851595906649113,17.28997539924544,5.9834113879423425,12.995100063344127,1.560558207605226
2008,2025,MO,29,29197,Schuyler,28.24527563936589,18.47130283680445,5.991215017060698,13.978002214790946,1.5623258891072869
2008,2025,MO,29,29105,Laclede,19.80118326425054,21.849186948666166,5.942264498529777,10.166152974102811,1.5444779820739012
2008,2025,MO,29,29195,Saline,25.06998350144859,13.641284916057108,6.218175628456283,10.794119065701668,1.5588562521368468
2008,2025,MO,29,29147,Nodaway,30.261767010050125,9.942055225629518,6.343188909172588,13.759587007674583,1.553864123722381
2008,2025,MO,29,29023,Butler,18.005652040231762,32.39868008516867,5.932375441449472,8.980896889228218,1.5645078694094092
2008,2025,MO,29,29161,Phelps,19.63388534752798,20.70677531707958,6.030720028038818,10.05498236621322,1.5330262206742464
2008,2025,MO,29,29159,Pettis,26.04848976266094,10.938870848197494,6.019139214319446,12.194416189268102,1.5711776619352322
2008,2025,MO,29,29091,Howell,18.728682170542637,24.77519379844961,6.036434108527131,10.968992248062019,1.517906976744186
2008,2025,WI,55,55069,Lincoln,12.914315509356577,41.47954748899321,5.80638161700679,22.268449673298022,1.4343686128719915
2008,2025,WI,55,55097,Portage,15.754352229396613,48.678046109927394,6.127668773005733,25.259123488368957,1.4555322073687902
2008,2025,WI,55,55073,Marathon,14.687699403529203,36.4321405851748,5.892902688595547,23.159469921371056,1.4571039722890202
2008,2025,WI,55,55141,Wood,16.182948835554146,32.57373910908571,5.874385112991874,20.25140153277932,1.4757510501571411
2008,2025,WI,55,55053,Jackson,14.30932068796928,39.839024240235105,6.150722460624666,15.811555321651284,1.510134722901272
2008,2025,WI,55,55047,Green Lake,18.804194478729034,40.545155966090576,6.3945467336307065,25.1313270490388,1.5084825100546642
2008,2025,WI,55,55123,Vernon,19.17114710161711,22.391960724228674,6.097289336854998,17.379113135045113,1.4641000637243236
2008,2025,WI,55,55003,Ashland,19.060020353368326,41.59875616259873,5.925479895988045,26.635961788667256,1.338758223699345
2008,2025,WI,55,55085,Oneida,13.155610564803665,55.80969575848419,5.977777273105774,24.591139978349577,1.3542885260297197
2008,2025,WI,55,55137,Waushara,15.259169340994605,54.71268383148538,6.235917825083164,21.637505395187787,1.5152650324327999
2008,2025,WI,55,55129,Washburn,12.319324878011676,46.96208414308037,6.002679963042489,18.939264100011645,1.4390221876367972
2008,2025,WI,55,55065,Lafayette,21.54862827573611,22.19700011669674,6.070722487103885,20.143975101500086,1.4680161284134077
2008,2025,WI,55,55135,Waupaca,14.182146446130703,49.00537699047724,6.1473986564862,24.60282181931479,1.4788073770021433
2008,2025,WI,55,55125,Vilas,12.557046979865769,53.82774049217003,5.9543624161073785,24.686800894854592,1.3316331096196867
2008,2025,WI,55,55007,Bayfield,23.917607176632057,40.637515304594736,5.869838312329335,24.57684833554196,1.3952041699647486
2008,2025,WI,55,55067,Langlade,14.165466003302496,39.6117677984063,6.076211616051394,28.625586579727923,1.396624499930951
2008,2025,WI,55,55023,Crawford,19.301411375700372,21.75647549812594,6.032724752400585,16.811117686680934,1.4473289212410478
2008,2025,WI,55,55041,Forest,11.78152443225967,43.52295966156311,5.7530990533996,28.25019018343946,1.3140511434626576
2008,2025,WI,55,55113,Sawyer,13.37155538393291,47.41074894134107,5.9575492131791075,22.822575887476827,1.409105156417959
2008,2025,WI,55,55121,Trempealeau,14.185552949102513,40.74550317050569,6.2155737367284445,16.608640653335364,1.5034263217421802
2008,2025,WI,55,55095,Polk,13.74507376463654,43.25816508724324,6.143003886145567,17.300386438254716,1.49286709431989
2008,2025,WI,55,55001,Adams,13.368972212984971,57.832415936275915,6.156318474369092,24.20625891913812,1.5271009787894119
2008,2025,WI,55,55119,Taylor,14.475626312093036,31.104231082368,5.863147523526203,23.604700871984193,1.4613283367570233
2008,2025,WI,55,55005,Barron,13.636964158334024,41.4635986478793,6.149414938015852,19.431233390468304,1.4905577904356553
2008,2025,WI,55,55051,Iron,15.685228347520594,41.13826678827183,5.889582066612623,28.847579718956894,1.3191420500608029
2008,2025,WI,55,55081,Monroe,17.219824156623744,30.814421953047937,6.075086064799674,17.71698374347183,1.4526288812227808
2008,2025,WI,55,55019,Clark,15.490231690470276,30.51134328446512,6.011577911418294,20.36519181768699,1.4899471084919274
2008,2025,WI,55,55057,Juneau,15.747131712858305,42.666122026327805,6.155617468983402,19.6441376592366,1.4961552147689647
2008,2025,WI,55,55107,Rusk,14.20295193974549,40.08063860600888,6.035952315844977,21.76967744590934,1.4639473720607574
2008,2025,WI,55,55011,Buffalo,16.602455236032657,34.44604633389467,6.138367218812646,18.87626012495895,1.4538498239828062
2008,2025,WI,55,55029,Door,22.82391130305209,38.28212532568925,6.6687290727480635,39.11614872060387,1.465225787442175
2008,2025,WI,55,55013,Burnett,14.374893584682694,49.803299664679756,6.0364399347974,16.25430677838888,1.48672248934566
2008,2025,WI,55,55077,Marquette,13.816208737346805,56.7024975245205,6.236634070484264,26.17551392678452,1.5168744308781377
2008,2025,WI,55,55103,Richland,18.692030006890974,25.048761832684058,6.135463830208713,17.554248126156583,1.4698746975692112
2008,2025,WI,55,55091,Pepin,15.221392902457588,38.504927791238714,6.210368925104622,16.834748182808244,1.4799466034743913
2008,2025,WI,55,55099,Price,12.896248811559515,39.587503298315156,5.726591215687519,25.503262904550482,1.3810201455180422
2008,2025,WI,55,55031,Douglas,24.181924882629104,40.349765258215974,5.803521126760565,22.75234741784037,1.3457629107981228
2008,2025,WI,55,55039,Fond du Lac,22.872905726011595,33.547669401144724,6.669608598590758,30.348864276870472,1.4911081840858385
2008,2025,WI,55,55037,Florence,13.073039138938386,46.97567764366145,5.8026544098094615,20.59667683101094,1.3927691998001919
2008,2025,WI,55,55063,La Crosse,16.821869374262363,31.245508747724227,6.200809178789999,16.69601928043916,1.468404561444965
2008,2025,WI,55,55071,Manitowoc,23.149006183249515,36.22600789288775,6.674769207878835,34.48666418836205,1.4943306708140531
2008,2025,WI,55,55075,Marinette,15.21870854242375,48.27476714143367,6.3635586868558685,27.20523311050254,1.3887183613015537
2008,2025,WI,55,55043,Grant,21.50753030214288,18.636961548957174,6.0874339886443,17.920352289855153,1.4776247031780108
2008,2025,WI,55,55117,Sheboygan,19.97312240475318,39.977355083371705,6.560228571909223,27.246078946920612,1.4591251269488192
2008,2025,WI,55,55087,Outagamie,24.534954719465237,34.896667185525104,6.67570690893715,41.14895206624141,1.5025271498512114
2008,2025,WI,55,55015,Calumet,24.114017852794856,33.67862750666649,6.646064372646795,36.16842652732515,1.5109649877957814
2008,2025,WI,55,55139,Winnebago,25.985496648960464,33.34672905885664,6.679325380510287,42.52362332952545,1.493815755287164
2008,2025,WI,55,55059,Kenosha,23.081256335429288,34.75190505269322,6.535377220788492,21.790826247369843,1.5156705075605776
2008,2025,WI,55,55111,Sauk,17.44131404020863,33.401333672948425,6.194984732371215,18.68022719187344,1.4822513685600924
2008,2025,WI,55,55105,Rock,21.33506309890928,27.40722176878718,6.218084848136776,21.435649350966504,1.4994506242199657
2008,2025,WI,55,55045,Green,20.656562183130806,28.64072389875637,6.27113574842618,20.493339044750822,1.4952728481934798
2008,2025,WI,55,55025,Dane,19.94041559122899,31.20758175579272,6.343790442068436,22.57220977273221,1.4988727324055438
2008,2025,WI,55,55021,Columbia,18.586808238187547,36.52564661981362,6.265244458775605,22.9770019282332,1.4926271942700382
2008,2025,WI,55,55049,Iowa,20.499953284987036,25.743045501058234,6.166906470400137,18.484872174588986,1.4796347182586846
2008,2025,WI,55,55027,Dodge,22.442816524114253,30.310504371008914,6.5194330260646005,30.087472747326636,1.4864445520025749
2008,2025,WI,55,55079,Milwaukee,22.905532045021825,38.60789362058932,6.621356771526928,21.95143184082546,1.5022810067769528
2008,2025,WI,55,55089,Ozaukee,19.46953405879431,41.32212239255777,6.569124858654778,25.949041469637955,1.4677139540933124
2008,2025,WI,55,55131,Washington,19.87954041211659,37.91638583488397,6.506687912908963,21.123154661840164,1.5069318395555595
2008,2025,WI,55,55133,Waukesha,20.20141669713065,37.951690106699424,6.453216193203784,24.441268610180135,1.5070582969745225
2008,2025,WI,55,55101,Racine,23.877321811675632,34.90872267690195,6.575328716157808,25.093741306817616,1.5074645448297597
2008,2025,WI,55,55055,Jefferson,21.489729614145983,34.16826101741721,6.490231589366222,32.1396023020587,1.4850391876205475
2008,2025,WI,55,55127,Walworth,21.561423887858986,29.807120201205095,6.325999759236514,23.424506529949465,1.5026658095179306
2008,2025,WI,55,55093,Pierce,16.17625828206782,29.197784550514225,6.1915387197889045,16.228089946621772,1.4920896250667426
2008,2025,WI,55,55109,St. Croix,16.36210660150003,38.504065434467265,6.199587590488877,18.733762592966315,1.5020452270603928
2008,2025,WI,55,55035,Eau Claire,13.337678516930684,45.456117043539166,6.065522055102354,16.116884806317028,1.5174894018021856
2008,2025,WI,55,55017,Chippewa,13.63728983316168,42.682089219328496,6.010215011335255,17.70297628966651,1.4931804524370151
2008,2025,WI,55,55033,Dunn,13.846119561010532,44.897292236223656,6.1290992848428525,16.329988063186683,1.5127127613871048
2008,2025,WI,55,55061,Kewaunee,23.077244621475685,35.88223192557425,6.716881984424614,31.880992584271063,1.4976351310784821
2008,2025,WI,55,55083,Oconto,16.46308851050098,45.33786788454131,6.465585542299493,31.059304668548453,1.4176703765334149
2008,2025,WI,55,55009,Brown,23.003612060932618,36.223741997048634,6.730233172495428,35.86876717431683,1.4937033881812647
2008,2025,WI,55,55115,Shawano,15.025867936720948,44.8012311931709,6.208138203052745,25.897317032241546,1.4474855374546816
2008,2025,WI,55,55078,Menominee,9.123509218954595,60.30771136355594,5.7374951339491105,21.024701843790922,1.383934246381428
2008,2025,MS,28,28109,Pearl River,18.363143631436312,40.41192411924119,5.088888888888888,13.414634146341458,1.5371002710027097
2008,2025,MS,28,28085,Lincoln,19.58536585365854,26.520325203252035,5.131707317073172,13.008130081300813,1.553739837398374
2008,2025,MS,28,28127,Simpson,20.704391217564865,30.24972911320218,5.344340842125273,10.256011785951902,1.557484459652125
2008,2025,MS,28,28121,Rankin,21.686218708416497,24.010206150199608,5.399319849883573,10.140818623170315,1.5792528744594165
2008,2025,MS,28,28163,Yazoo,23.49499337792597,21.011245257921544,5.696976032633753,9.41429282148395,1.5821015972849766
2008,2025,MS,28,28029,Copiah,21.416951715400803,27.417319520219053,5.521477758025297,11.204192974927983,1.5431889086413701
2008,2025,MS,28,28049,Hinds,22.448751765751016,19.07505759525087,5.610274605266687,9.337271406828336,1.5560249960254566
2008,2025,MS,28,28089,Madison,20.73605313700833,20.112820505678073,5.576836078717573,9.948585849722754,1.5599243168108885
2008,2025,MS,28,28149,Warren,26.48739196586373,24.091776821923144,5.88788520973826,11.608957896001218,1.568565469687523
2008,2025,MS,28,28021,Claiborne,21.313602506723985,23.783066067077687,5.6386242961869755,10.183254285261059,1.5477242175844976
2008,2025,MS,28,28009,Benton,18.758447201344577,18.994695029949064,5.5195054636766985,8.64212837476052,1.5485363463870372
2008,2025,MS,28,28143,Tunica,31.73161554632378,23.222078460669206,5.971262969104519,11.72275900887916,1.6057174567492742
2008,2025,MS,28,28137,Tate,19.267379790508013,15.631261510547313,5.659770561472385,8.960663840524326,1.5556986940072455
2008,2025,MS,28,28033,DeSoto,21.282734798176076,21.931032530526032,5.72548369903395,9.418213371280876,1.5629535223551705
2008,2025,MS,28,28093,Marshall,18.607276989618565,18.528927716726756,5.433911118421083,8.954969738001354,1.548862789747856
2008,2025,MS,28,28011,Bolivar,34.01036245226399,20.54037500231333,5.9638986411362716,12.21130861586225,1.6066981382031
2008,2025,MS,28,28133,Sunflower,28.45767033271513,19.5727749047752,5.852858179377314,10.5546474427138,1.5901368487887169
2008,2025,MS,28,28087,Lowndes,31.176657749495604,20.78654823376956,5.687832314862894,14.13839898055622,1.584425316470695
2008,2025,MS,28,28025,Clay,28.56938699397929,18.36283547461094,5.72342891561557,11.318034731089401,1.5816957508319167
2008,2025,MS,28,28017,Chickasaw,25.02838396589191,17.666661622657685,5.650259673546423,10.016359844910026,1.5800406759502952
2008,2025,MS,28,28145,Union,19.665430390423026,19.088588255461183,5.624718471429066,9.130513494946905,1.555597787869188
2008,2025,MS,28,28055,Issaquena,35.91424701460212,19.932735244121414,5.929396553585991,13.633375281402365,1.6330458635147835
2008,2025,MS,28,28097,Montgomery,19.44162764838577,20.631123772098586,5.486101738514126,9.166906112575141,1.556620136625555
2008,2025,MS,28,28019,Choctaw,21.528575787676342,23.005641794726966,5.446258821390776,12.213933739750303,1.5537031338254486
2008,2025,MS,28,28139,Tippah,18.059981526244645,18.020168909737663,5.656365196975021,8.767869054706289,1.5401347038022615
2008,2025,MS,28,28101,Newton,24.179514430752114,26.102948034942322,5.3351073561857625,12.201250246641205,1.5733336472403097
2008,2025,MS,28,28135,Tallahatchie,26.401727972591967,18.5149192626879,5.852638350073149,10.219074377585105,1.5900849129589958
2008,2025,MS,28,28125,Sharkey,34.103317471358054,19.50254237973203,5.951072771658435,13.610256543636423,1.6163288800536344
2008,2025,MS,28,28161,Yalobusha,18.354766475743233,17.436418254610448,5.4228043008022935,8.852560542836226,1.5519821452181857
2008,2025,MS,28,28131,Stone,16.592920353982297,47.094395280235986,5.055752212389379,14.808259587020656,1.5143952802359884
2008,2025,MS,28,28091,Marion,21.309262841177738,33.072175657282045,5.261991069083269,16.55807483821668,1.5461786899730166
2008,2025,MS,28,28039,George,15.743124599134541,54.321475022529626,5.015635660991627,10.560708283605749,1.5034545469306928
2008,2025,MS,28,28095,Monroe,30.415616520990625,20.35640788785179,5.763291948788688,11.288709724475916,1.6112634113567474
2008,2025,MS,28,28123,Scott,22.667328871668428,24.63207467418105,5.387227192673475,12.922930609369532,1.5687998121404259
2008,2025,MS,28,28051,Holmes,22.771978602695736,22.16411061788825,5.750294623658192,9.409985231639146,1.577191131123282
2008,2025,MS,28,28031,Covington,20.897986125814192,33.52140286201787,5.239065256830191,16.873762345409936,1.550504278081526
2008,2025,MS,28,28077,Lawrence,23.506837765027658,32.21193986879716,5.4993666070290175,13.592654286713142,1.558169124149135
2008,2025,MS,28,28007,Attala,21.72678585702486,21.989750694981026,5.615557361470078,11.053773325162322,1.5547167674722215
2008,2025,MS,28,28117,Prentiss,18.771720905042976,23.256649558579102,5.707293577652624,8.832803413009673,1.5544316133787417
2008,2025,MS,28,28013,Calhoun,19.77510057900723,17.009994831782652,5.613841030934213,10.277961013088344,1.5588371216415808
2008,2025,MS,28,28041,Greene,18.169507164567957,47.48062310030396,5.008416558112607,12.672962802142134,1.518397018381821
2008,2025,MS,28,28129,Smith,21.36541797552628,28.923453201431542,5.267660618563145,11.17055026802319,1.549713379280166
2008,2025,MS,28,28147,Walthall,18.90276529414146,37.95548807644034,5.185001821936112,14.080529576096197,1.55529211708976
2008,2025,MS,28,28065,Jefferson Davis,20.607726221451298,32.79333622434232,5.156353714946516,13.69998554495519,1.5490114917606241
2008,2025,MS,28,28155,Webster,18.523567706423226,22.18545449211013,5.579499404246722,9.135945845945269,1.5567106106022903
2008,2025,MS,28,28153,Wayne,18.42857142857143,41.419913419913414,5.185714285714286,10.584415584415584,1.5612987012987014
2008,2025,MS,28,28159,Winston,20.642471942865466,25.79000874508089,5.320268546859059,9.631249089054094,1.565942829033669
2008,2025,MS,28,28053,Humphreys,27.529049015375776,18.679943148918774,5.814795113922037,11.285166294765368,1.588051110347752
2008,2025,MS,28,28103,Noxubee,35.44232916176178,17.44907701631184,5.7213356403456395,15.541397060860858,1.6139184974833856
2008,2025,MS,28,28107,Panola,20.285525587197476,19.10320304934759,5.78330399122816,8.940076960715514,1.5673092758663598
2008,2025,MS,28,28141,Tishomingo,17.12604824024061,32.374063486437414,5.728647747615856,8.585257729046065,1.5825142868884257
2008,2025,MS,28,28119,Quitman,29.417374663085297,22.091891703532156,5.920312120230902,10.170337978504806,1.6035016421556605
2008,2025,MS,28,28157,Wilkinson,28.37285797518679,27.93509664815956,5.92780176845569,17.294408458427593,1.5640493693878954
2008,2025,MS,28,28079,Leake,23.430347051959455,24.385353979013427,5.389833619593294,11.987867822195415,1.543475239606141
2008,2025,MS,28,28037,Franklin,22.76810816087466,25.70704802811402,5.524451711571,11.035728231159705,1.5312784719510604
2008,2025,MS,28,28099,Neshoba,20.69202898550725,33.47644927536232,5.451992753623189,12.038043478260871,1.5635869565217393
2008,2025,MS,28,28063,Jefferson,24.85331630780976,29.818917201859392,5.7487477224168675,12.563966276044148,1.552245167539959
2008,2025,MS,28,28027,Coahoma,28.34173781949587,23.596272982841395,5.890602251543624,10.21078940405827,1.587825935042411
2008,2025,MS,28,28003,Alcorn,19.99784089163496,17.49661270318093,5.723252729465721,9.255253403653592,1.5430414127794203
2008,2025,MS,28,28151,Washington,34.24703201834706,21.664300731823303,5.983671985286601,14.69274835290394,1.6017779713349363
2008,2025,MS,28,28015,Carroll,18.94794000079554,24.777625720447137,5.749896253599401,9.192427041432449,1.562127317300852
2008,2025,MS,28,28083,Leflore,27.82476688212992,19.747878447625126,5.8472931889694095,11.160471378317485,1.597073356774302
2008,2025,MS,28,28043,Grenada,22.0706947492525,19.86777871291699,5.601424193353643,10.422748030880953,1.5698182426721772
2008,2025,MS,28,28045,Hancock,15.777777777777777,55.0,5.1000000000000005,8.333333333333334,1.551111111111111
2008,2025,MS,28,28047,Harrison,,,,,
2008,2025,MS,28,28059,Jackson,16.906106260500728,54.595899780574925,5.098676104699739,16.332387693833148,1.5183825892160372
2008,2025,MS,28,28073,Lamar,19.656726071933136,35.88520655670734,5.147990604095387,15.559669100750648,1.5493766702411953
2008,2025,MS,28,28111,Perry,18.05347126344785,43.33792878057237,5.033629469555994,12.29485563359145,1.5461438928573805
2008,2025,MS,28,28035,Forrest,19.248417517116653,42.0616137942065,5.171271707236051,10.824490498951178,1.5471092697510473
2008,2025,MS,28,28061,Jasper,23.574655254398476,26.789824060865428,5.318259629101284,14.545886828340466,1.5521302900618164
2008,2025,MS,28,28067,Jones,20.70967741935484,35.17562724014336,5.232258064516129,12.258064516129032,1.555483870967742
2008,2025,MS,28,28113,Pike,20.171418922178805,31.663192936749162,5.227716263810491,11.841559318762965,1.5463167607468524
2008,2025,MS,28,28005,Amite,19.976190476190474,30.066666666666677,5.212857142857142,11.833333333333332,1.5530476190476188
2008,2025,MS,28,28069,Kemper,23.671976733277045,25.18097382493667,5.517481940144479,11.167088845107422,1.555297119804859
2008,2025,MS,28,28023,Clarke,20.5,31.20833333333333,5.179166666666667,11.458333333333332,1.5545833333333332
2008,2025,MS,28,28075,Lauderdale,22.25,30.64583333333333,5.560416666666668,13.85416666666667,1.5666666666666667
2008,2025,MS,28,28001,Adams,25.37932007600699,27.69013664954628,5.791548454461646,13.545111909644469,1.5395558262625502
2008,2025,MS,28,28071,Lafayette,19.283793419381187,18.751132679509016,5.430151478651056,9.041104438710555,1.5454516447677125
2008,2025,MS,28,28105,Oktibbeha,23.48846197881504,23.887063598283397,5.6466637451489,9.251084712171293,1.5640404195931192
2008,2025,MS,28,28115,Pontotoc,19.884755046671756,16.962575380350287,5.587521180216974,8.819511228912646,1.5617916332046184
2008,2025,MS,28,28081,Lee,23.15519894509284,23.080070192956967,5.749422213974628,8.73577074424498,1.5924069905272933
2008,2025,MS,28,28057,Itawamba,18.480907825572405,28.587785205112137,5.669538116415914,8.867573043002938,1.5627635571497143
2008,2025,GA,13,13183,Long,12.812964518839276,74.63419433134422,5.119245711167125,9.346747380742086,1.5860563562334384
2008,2025,GA,13,13179,Liberty,11.878565607171968,76.4718826405868,5.039690301548492,13.895680521597386,1.5950855745721273
2008,2025,GA,13,13029,Bryan,13.97445912125146,72.28369904054917,5.081965317451647,9.951966813434726,1.59029159540531
2008,2025,GA,13,13051,Chatham,11.927536231884057,72.91304347826086,5.00144927536232,10.434782608695654,1.5518840579710147
2008,2025,GA,13,13103,Effingham,16.263390088835123,66.68474226377263,5.06229875062972,9.93992217684018,1.5818231558898257
2008,2025,GA,13,13031,Bulloch,17.002020955681395,66.47862617594053,5.353722453591919,8.93505151662755,1.6078801223283063
2008,2025,GA,13,13087,Decatur,15.729536960680786,70.6831336299545,5.594591051114798,9.882554249928571,1.5833537864879075
2008,2025,GA,13,13115,Floyd,22.750431747641997,30.442085431687286,5.925704785253355,9.581771728614251,1.5684167777066578
2008,2025,GA,13,13193,Macon,18.08043622394784,62.72275133681776,5.761161488355488,8.89972926652416,1.619364479460148
2008,2025,GA,13,13049,Charlton,7.444444444444444,85.68599033816426,5.145893719806763,9.323671497584542,1.567584541062802
2008,2025,GA,13,13119,Franklin,26.110670446589012,38.09863051259076,5.865268780877122,12.541238854859788,1.5645904023267088
2008,2025,GA,13,13265,Taliaferro,20.35342002325827,47.49607780949361,5.4693202241251715,10.879268421609051,1.5264070197695316
2008,2025,GA,13,13075,Cook,13.676984911954097,73.3679059033433,5.327209972073449,8.97099559123977,1.595665257414734
2008,2025,GA,13,13251,Screven,17.446952951171966,65.46696612287901,5.397758126342829,9.225217314973017,1.6005565933126291
2008,2025,GA,13,13147,Hart,25.585904434321513,39.78447198320824,5.844354825542477,11.774554037113829,1.5638478075116613
2008,2025,GA,13,13291,Union,23.093427329338507,43.088041358242315,5.381547644225126,18.347926213135956,1.4632601104453065
2008,2025,GA,13,13319,Wilkinson,21.850863355961806,56.22856633146483,5.599614095377595,9.271593288451962,1.5860237739781982
2008,2025,GA,13,13019,Berrien,13.579818161366273,73.55670002012671,5.281657385535156,9.521401121148731,1.6023179038563498
2008,2025,GA,13,13061,Clay,19.34360093440445,56.66593480567422,5.5126867545791445,9.528540349688411,1.595067910756053
2008,2025,GA,13,13283,Treutlen,17.860144279421704,65.21213400014277,5.335159081079487,9.539689438124881,1.605576571810085
2008,2025,GA,13,13037,Calhoun,19.95509670220754,57.42766391855476,5.545140663844547,11.038553639428454,1.5981771818779487
2008,2025,GA,13,13099,Early,20.49083890839825,61.511721015081825,5.562701816671831,10.450695392815394,1.5922820610263033
2008,2025,GA,13,13043,Candler,16.952180328766016,66.50636507921756,5.362509125792951,8.90858872645736,1.6110204830810082
2008,2025,GA,13,13023,Bleckley,21.42964804834127,60.283463972426816,5.697361757245742,9.682946952852282,1.6031839026798513
2008,2025,GA,13,13003,Atkinson,12.713322095868609,76.1958315520324,5.256963441595712,10.055071720268671,1.595395212677162
2008,2025,GA,13,13263,Talbot,20.87334615608789,53.85297546191058,5.653604942589031,11.380194672728335,1.564264440170193
2008,2025,GA,13,13303,Washington,18.547803036963945,61.50981276506128,5.489133013984303,8.683358136616514,1.6024621682085942
2008,2025,GA,13,13091,Dodge,18.150652407564895,64.46899902771571,5.3972794460382305,9.095373160148137,1.6072142613442515
2008,2025,GA,13,13311,White,23.4872239256988,42.69301870861662,5.63107585655246,15.032884504288315,1.4835879660489713
2008,2025,GA,13,13163,Jefferson,18.190078975247264,61.7351239624698,5.6477470395923355,8.574967084208575,1.610389268407358
2008,2025,GA,13,13309,Wheeler,17.684657906120712,64.9341443702742,5.227815251431802,9.36966550878262,1.604150496439571
2008,2025,GA,13,13109,Evans,15.720667749782963,68.35559739020566,5.232009846902355,9.038573123243264,1.604622585553294
2008,2025,GA,13,13259,Stewart,20.425995281361647,58.00808334131807,5.694305000673491,9.702328629970165,1.5788751643816397
2008,2025,GA,13,13107,Emanuel,17.74531898200757,65.3537162385903,5.380462805376552,9.120147325700595,1.60613624648847
2008,2025,GA,13,13011,Banks,24.568791036684548,40.283567254984646,5.7119360279501254,14.683553199606452,1.5191425215348477
2008,2025,GA,13,13105,Elbert,22.552701018909183,39.284971823023966,5.860059894412134,9.060839186828716,1.5709151404545487
2008,2025,GA,13,13315,Wilcox,18.699858112984273,63.16199592448718,5.5447122749943265,8.845771696232466,1.6029068483734097
2008,2025,GA,13,13281,Towns,22.477829457364336,44.073527131782946,5.410263565891473,16.655038759689923,1.460413178294574
2008,2025,GA,13,13093,Dooly,22.483870558355523,60.32157024959455,5.888792384566402,8.957465785912143,1.583040471797734
2008,2025,GA,13,13131,Grady,14.093329016971884,71.60418478204116,5.313097905984559,8.90520945375975,1.588986917479756
2008,2025,GA,13,13005,Bacon,12.23405047019823,76.72259340107064,5.172866262396986,9.981158588866988,1.5953479128611094
2008,2025,GA,13,13267,Tattnall,15.996856459405437,68.61245173871765,5.314766903251876,8.996819411002448,1.6088310212507002
2008,2025,GA,13,13317,Wilkes,21.140503963249863,46.77461268239957,5.445950429352067,10.901864528913714,1.5485678631477806
2008,2025,GA,13,13125,Glascock,17.205778154950732,62.82345948421599,5.530084257743833,9.371771298485257,1.5968614832326413
2008,2025,GA,13,13187,Lumpkin,23.46666666666667,43.583333333333336,5.508333333333334,17.749999999999996,1.4646666666666668
2008,2025,GA,13,13111,Fannin,22.3815684395464,44.212106692221695,5.266698610445617,19.022520364159078,1.4502443699089602
2008,2025,GA,13,13123,Gilmer,23.148867313915854,42.8673139158576,5.606796116504853,20.825242718446596,1.3961812297734626
2008,2025,GA,13,13001,Appling,13.156627425086166,75.31734104706247,5.2683374644734915,9.997311904364347,1.6085360677327274
2008,2025,GA,13,13065,Clinch,8.586719096358832,81.94971761213594,5.093757782532431,12.060525453459011,1.5446012066539447
2008,2025,GA,13,13287,Turner,16.158639351288254,67.479878788689,5.409377337426513,9.057730365493793,1.617606997653072
2008,2025,GA,13,13243,Randolph,19.598106989514562,59.15781265700403,5.686169182804947,9.85287448095357,1.6173934545098994
2008,2025,GA,13,13161,Jeff Davis,14.185062308382776,71.51937796533115,5.161862723383446,10.045521839991626,1.5914308895701945
2008,2025,GA,13,13155,Irwin,15.429422523136125,70.13464316013354,5.364470042538199,9.650835454268288,1.6212789668208112
2008,2025,GA,13,13269,Taylor,19.156929468266675,62.61517625215542,5.813177566383973,9.218417721798135,1.6033281381615805
2008,2025,GA,13,13133,Greene,21.106102228170265,46.564415017257154,5.536852856237235,10.710243948251978,1.544189382733442
2008,2025,GA,13,13301,Warren,19.03530305734481,58.06850767175597,5.413226950929971,10.78932281948521,1.5757860778046395
2008,2025,GA,13,13165,Jenkins,17.620901939796056,63.5756077707405,5.41433796524012,9.083898327732049,1.6078426459000077
2008,2025,GA,13,13241,Rabun,19.549999999999997,49.83333333333333,5.848333333333334,18.083333333333336,1.3843333333333334
2008,2025,GA,13,13271,Telfair,16.938989889208973,65.04973035200832,5.199675561688229,9.293804686091926,1.6001340520360094
2008,2025,GA,13,13201,Miller,18.114452147912203,66.568148653754,5.668043916086295,10.740701240278954,1.5817399742562361
2008,2025,GA,13,13253,Seminole,18.055925392091996,67.26737525597854,5.635428476309316,11.041921785056765,1.587171320413213
2008,2025,GA,13,13237,Putnam,21.61095704850936,46.87249720943209,5.498479431189239,13.882726384819357,1.5610922457095031
2008,2025,GA,13,13205,Mitchell,16.71681854532443,68.48117906968507,5.570884074329928,9.551561775383643,1.5885452607474446
2008,2025,GA,13,13273,Terrell,19.291021891880916,60.83139541795076,5.63626192591889,8.880717036121442,1.6174743427432998
2008,2025,GA,13,13095,Dougherty,17.969420312982624,66.14250565296808,5.562401300532601,9.94466950551576,1.6052520341819072
2008,2025,GA,13,13321,Worth,16.010312121955245,67.9646177124286,5.446433198580415,9.284822916329059,1.6143516152101665
2008,2025,GA,13,13177,Lee,20.186971180542173,59.50313672290919,5.6409213714074,10.565872326466451,1.6008869116668778
2008,2025,GA,13,13007,Baker,18.32364781663249,65.84442428054548,5.688372816461449,10.952256180560127,1.5849971592227101
2008,2025,GA,13,13261,Sumter,18.750508477481933,63.670479572295655,5.750314999820175,8.926731912037491,1.6130722120946
2008,2025,GA,13,13249,Schley,18.58524696476791,61.15838223724781,5.684524037337072,9.959135995407284,1.5854855839765265
2008,2025,GA,13,13189,McDuffie,19.324278487191254,56.74834228890297,5.445070713839559,11.482756909025456,1.5897263277200737
2008,2025,GA,13,13073,Columbia,20.163740850269516,53.6663101155645,5.351007781203466,13.696281381740388,1.5652287170452395
2008,2025,GA,13,13181,Lincoln,21.463433635212773,49.380674151051025,5.477677615013285,10.284281401722248,1.5636302046380923
2008,2025,GA,13,13033,Burke,17.682960370157183,61.845230007394264,5.520990766038509,8.842721053660053,1.603748468882956
2008,2025,GA,13,13025,Brantley,9.65438052766764,81.57930858587035,5.111235544013951,9.9929024296619,1.5712924276266813
2008,2025,GA,13,13191,McIntosh,,,,,
2008,2025,GA,13,13127,Glynn,10.0,71.66666666666667,4.866666666666667,28.333333333333336,1.5466666666666666
2008,2025,GA,13,13081,Crisp,18.938546636075287,62.30675639218226,5.717204661903925,9.151996163437254,1.6020068969847279
2008,2025,GA,13,13137,Habersham,23.70175438596491,43.2280701754386,5.754385964912282,15.789473684210527,1.43
2008,2025,GA,13,13069,Coffee,13.798506081783946,74.07703349032198,5.233783303451483,9.473484432688908,1.6128005843948814
2008,2025,GA,13,13167,Johnson,18.401530433037276,64.24873902353349,5.458653821064782,8.737302423603847,1.6095388930704007
2008,2025,GA,13,13175,Laurens,19.517713399676552,62.13462399110581,5.480026300399301,9.144538797463344,1.6046997898256208
2008,2025,GA,13,13017,Ben Hill,16.626385938806944,66.53434670377817,5.28812359288706,9.095564386887489,1.6130463722434152
2008,2025,GA,13,13305,Wayne,11.916570070980582,77.10427911979917,5.23650045575478,9.844297150993675,1.5975501288771625
2008,2025,GA,13,13141,Hancock,19.05692998052663,57.0137752942173,5.41928287189908,11.397468461603601,1.5646373719414102
2008,2025,GA,13,13009,Baldwin,19.20612729396692,54.723028224742805,5.606055067767017,9.014143774101562,1.5790442903618842
2008,2025,GA,13,13071,Colquitt,13.982728274849167,71.79351381267438,5.3117604589109035,8.781059927373958,1.6006968075586994
2008,2025,GA,13,13275,Thomas,13.267227273936722,74.0862828925928,5.247766932275225,9.351901282737927,1.5914251790923701
2008,2025,GA,13,13277,Tift,14.398350900178627,71.43337637272387,5.387973478042659,9.636317149916607,1.6122849896063864
2008,2025,GA,13,13257,Stephens,23.85986534291909,42.82528814332991,5.607942485450188,15.27787287458633,1.4961394499600595
2008,2025,GA,13,13185,Lowndes,11.786446255492487,76.89601683503332,5.180425960238412,9.704132111989521,1.5805800296916295
2008,2025,GA,13,13173,Lanier,13.401015759726464,74.1968512113026,5.234247417405133,10.001482769963827,1.5796836757410537
2008,2025,GA,13,13027,Brooks,13.332393072883459,74.32396924232768,5.249908516225002,9.290292133381987,1.587783556066541
2008,2025,GA,13,13279,Toombs,17.762576517685606,65.38927911130342,5.300131169671471,9.425475367424589,1.6115405078336356
2008,2025,GA,13,13209,Montgomery,17.414826721186884,65.62543238438546,5.234863015694743,9.587494647737065,1.5988037944461997
2008,2025,GA,13,13229,Pierce,11.57542272004733,78.97005360245477,5.208809692802497,9.941016967949608,1.5962197774573965
2008,2025,GA,13,13299,Ware,11.45881031424043,78.94406002810875,5.1805269676718675,10.357518569167297,1.578057937773854
2008,2025,GA,13,13055,Chattooga,22.39690671311876,32.116061601805306,5.9222033070720705,12.219710466236442,1.4989757050292312
2008,2025,GA,13,13221,Oglethorpe,21.01046854065386,43.47253817157968,5.552737411546974,11.911089767626478,1.5531206952128458
2008,2025,GA,13,13219,Oconee,20.397870243167915,47.93191608261344,5.544846749093839,8.650817674498036,1.5593579683485843
2008,2025,GA,13,13195,Madison,22.33779557823827,39.51309448269118,5.744512143810741,9.73830366463564,1.5605071311768095
2008,2025,GA,13,13171,Lamar,22.49393279600698,49.08259482791548,5.540777595273568,10.78030100462202,1.5519601907381235
2008,2025,GA,13,13063,Clayton,19.888888888888886,49.22222222222222,5.577777777777778,8.333333333333334,1.5433333333333334
2008,2025,GA,13,13089,DeKalb,19.2403549382716,43.33564814814814,5.586998456790123,12.081404320987655,1.5206481481481482
2008,2025,GA,13,13227,Pickens,22.984848484848484,41.83333333333333,5.421212121212121,15.833333333333336,1.4878787878787878
2008,2025,GA,13,13045,Carroll,21.11172754465006,37.11659281875614,5.562543595090045,20.300170036365436,1.5245403432996982
2008,2025,GA,13,13297,Walton,20.70656891981446,46.10003865694723,5.4923934172741316,10.26834824387011,1.5587856472277448
2008,2025,GA,13,13013,Barrow,20.819968370621886,39.97633998480549,5.62295300556615,12.821138967703924,1.524033753507915
2008,2025,GA,13,13223,Paulding,19.630506868782568,35.93494394441813,5.576535607137219,15.001973788094116,1.52316042949629
2008,2025,GA,13,13199,Meriwether,21.113520617709863,48.1614506324955,5.538339904714967,11.21313865615246,1.5526455971743063
2008,2025,GA,13,13113,Fayette,21.037505451373743,42.16615787178369,5.4277220526239285,10.002907399331297,1.5781436255269665
2008,2025,GA,13,13143,Haralson,19.350649350649352,37.30303030303028,5.607359307359308,11.385281385281392,1.518874458874459
2008,2025,GA,13,13015,Bartow,21.60350866092742,27.562204321697987,5.950296254994157,10.060588924610874,1.5614817758690913
2008,2025,GA,13,13077,Coweta,20.91648339930958,41.846895117757605,5.495934796806484,11.85026723712797,1.5321502925613444
2008,2025,GA,13,13159,Jasper,21.116468208751144,44.6916543223944,5.470093151777575,9.193491719841989,1.54381637420237
2008,2025,GA,13,13151,Henry,20.60034979901052,50.42560490105133,5.464797850958564,9.65160211811997,1.5443416628014845
2008,2025,GA,13,13085,Dawson,22.90909090909091,42.95454545454545,5.62878787878788,17.95454545454546,1.4551515151515153
2008,2025,GA,13,13097,Douglas,21.797245179063356,36.9853994490358,5.75275482093664,10.968319559228652,1.5159889807162532
2008,2025,GA,13,13211,Morgan,20.48429754379536,48.58727517024459,5.534865789232597,8.924188984232709,1.5653690668865345
2008,2025,GA,13,13135,Gwinnett,21.349139543583988,44.91816311260755,5.444407033295923,13.028900112233446,1.5380078563411896
2008,2025,GA,13,13231,Pike,21.41565714622572,47.67827983611873,5.543216317387335,11.548176968196431,1.5594942081527987
2008,2025,GA,13,13247,Rockdale,20.513309290743607,49.46316331787739,5.303623561737936,10.168298128112658,1.5516795466254507
2008,2025,GA,13,13255,Spalding,20.63536611294453,48.600136812816025,5.577339915139076,11.365955794669853,1.5562669513852299
2008,2025,GA,13,13035,Butts,20.373510686675758,49.141757617098676,5.520519554342881,9.241928149158706,1.573570259208731
2008,2025,GA,13,13117,Forsyth,22.357649553897907,39.707839695772996,5.623793330408073,14.697052800936083,1.5129929062454295
2008,2025,GA,13,13121,Fulton,20.601893004115226,42.79366255144032,5.4136131687242806,12.50946502057613,1.5092543209876546
2008,2025,GA,13,13149,Heard,20.58220980996405,40.60214432460195,5.488629943502824,12.311408577298412,1.5251788007190552
2008,2025,GA,13,13067,Cobb,20.333333333333332,40.0,6.0,8.333333333333334,1.4933333333333334
2008,2025,GA,13,13057,Cherokee,19.990287894554285,37.126083940339925,5.590097121054458,11.8877904960111,1.4893461671869583
2008,2025,GA,13,13217,Newton,19.571782061108426,49.54628078841041,5.401280741098211,10.223833990972857,1.5614706522459099
2008,2025,GA,13,13129,Gordon,22.45919070356461,27.87020406971265,5.894605619649525,10.529024147740472,1.5542192770412608
2008,2025,GA,13,13233,Polk,20.60587946421012,29.520758188971502,5.919124910391232,10.043887129640597,1.5482128483452717
2008,2025,GA,13,13139,Hall,24.083382655015146,41.77206419942206,5.659433206837726,15.76999849133679,1.491902540356741
2008,2025,GA,13,13157,Jackson,22.552215731397887,37.89707912904941,5.683615979229357,11.4662182097126,1.5355684486929835
2008,2025,GA,13,13285,Troup,20.184449428601948,46.63419844067073,5.497119868987861,9.124568336359427,1.551396632133576
2008,2025,GA,13,13293,Upson,22.038414302173933,49.862308656512305,5.498662969574961,11.357858219065344,1.5526710221445656
2008,2025,GA,13,13047,Catoosa,20.526056909316825,26.602743805386982,5.824851360093651,11.749175934197956,1.5321922717517433
2008,2025,GA,13,13083,Dade,21.734362654024387,38.502765498537165,5.561893779229931,17.83746556473829,1.4733903517201616
2008,2025,GA,13,13295,Walker,21.996495171368732,31.324666602543676,5.870705234968636,14.500127402292568,1.4916249951485896
2008,2025,GA,13,13313,Whitfield,21.02188025270968,26.47103885314631,5.791317452037328,10.283815375103849,1.5409508491276878
2008,2025,GA,13,13213,Murray,23.991991441234916,32.33612766824597,5.908126496510267,12.598884303836158,1.513786362015386
2008,2025,GA,13,13039,Camden,8.333333333333334,84.16666666666666,4.8500000000000005,10.0,1.528333333333333
2008,2025,GA,13,13079,Crawford,18.496413025527765,62.74600129994685,5.607340305775366,9.150148403019914,1.5947257157661747
2008,2025,GA,13,13289,Twiggs,21.388978737193,58.72143005563814,5.7194444323355125,9.646540162191926,1.5901331740766076
2008,2025,GA,13,13169,Jones,21.76147181101138,51.97810545129578,5.416581186618492,9.522283094377755,1.554432723316625
2008,2025,GA,13,13207,Monroe,22.33455044860567,49.37902861043264,5.51388416023158,11.874583672563086,1.5445913206523085
2008,2025,GA,13,13225,Peach,18.477453836617208,64.7375858082024,5.638917221154282,8.88406437005,1.616830438943382
2008,2025,GA,13,13235,Pulaski,21.748170329711144,61.28203219330806,5.824474185846035,8.97810692089493,1.5959827162825837
2008,2025,GA,13,13153,Houston,20.66512995718176,61.14647702610627,5.761462770016703,9.421261901997543,1.5950494212553796
2008,2025,GA,13,13145,Harris,21.0,51.422222222222224,5.601111111111112,10.0,1.5523333333333333
2008,2025,GA,13,13197,Marion,18.480146040628707,61.653459245195,5.83105540407428,9.672800468243727,1.591066907926357
2008,2025,GA,13,13307,Webster,18.22616950387349,63.90542382248856,5.80723919521929,9.045653593847712,1.602240349257491
2008,2025,GA,13,13245,Richmond,18.952673395980554,60.37009774564352,5.556889924540216,9.052850884356719,1.6020797717695476
2008,2025,GA,13,13239,Quitman,19.565435403639846,57.82193632592178,5.5510957508440395,9.857595674264683,1.593270072117786
2008,2025,GA,13,13101,Echols,12.492899491917546,76.60956132324603,5.378426209020511,10.48637922441175,1.5730083986103984
2008,2025,GA,13,13059,Clarke,20.825556761225645,42.96994006097245,5.635725727277425,8.768666356637205,1.5509349971580637
2008,2025,GA,13,13021,Bibb,19.958892690385966,58.97368784424432,5.823119921037964,8.74412515278437,1.6108739522443325
2008,2025,GA,13,13053,Chattahoochee,16.72222222222222,63.666666666666664,5.683333333333333,7.5,1.595
2008,2025,GA,13,13215,Muscogee,28.056949596334274,42.67263073678085,6.073758091497563,10.673503527529274,1.5546170630591316
2008,2025,NC,37,37037,Chatham,21.04481693952619,35.038691100141655,5.571044966234037,11.630510396615216,1.5150622113374888
2008,2025,NC,37,37115,Madison,22.568627450980394,44.64705882352941,5.749019607843138,24.11764705882353,1.3456862745098042
2008,2025,NC,37,37087,Haywood,23.13333333333333,43.36153846153844,5.714615384615383,18.41025641025641,1.4223333333333334
2008,2025,NC,37,37021,Buncombe,22.5727470956211,43.691395889186786,5.889452725647898,18.821805183199288,1.401809615728329
2008,2025,NC,37,37089,Henderson,22.976048060746603,43.52756672577639,5.976976992679485,17.65045127995271,1.4209674214522798
2008,2025,NC,37,37175,Transylvania,24.02330968582598,41.94710679986488,6.127065537377545,20.192859900583947,1.3621002847352939
2008,2025,NC,37,37167,Stanly,21.893532734284932,34.358844817545155,5.667176534850902,9.23675707536679,1.5578999821394515
2008,2025,NC,37,37109,Lincoln,26.264571328398475,40.58264955863308,5.917246861987781,10.785214632684362,1.5549876722631595
2008,2025,NC,37,37159,Rowan,28.14564989517813,35.88574856953707,5.897050527261541,11.25692178559615,1.5669543079396613
2008,2025,NC,37,37025,Cabarrus,22.619436638315836,35.66859659043612,5.79465716344264,9.804672960686815,1.5498747606731849
2008,2025,NC,37,37097,Iredell,28.10966268372343,39.29437615928429,5.851131029888245,10.495252177078878,1.5525333057663404
2008,2025,NC,37,37071,Gaston,25.931700030464736,40.836200457953765,5.803109368397262,12.088713798559308,1.549476375089674
2008,2025,NC,37,37179,Union,20.851899946166114,35.50452002494988,5.660910272177166,9.46638054241982,1.5747067905227987
2008,2025,NC,37,37119,Mecklenburg,24.12769682796666,38.17087006056244,5.840492894405468,10.428104575163397,1.5377099598249087
2008,2025,NC,37,37045,Cleveland,26.566988560279977,40.22824101792168,5.948450812225779,11.062607772663611,1.555548216993942
2008,2025,NC,37,37005,Alleghany,22.600900099294613,40.58485660309231,5.395479676841141,20.40729331889048,1.4494325699253352
2008,2025,NC,37,37173,Swain,22.256410256410255,43.61538461538461,5.902564102564103,20.83333333333333,1.3532051282051283
2008,2025,NC,37,37011,Avery,21.333333333333336,46.99999999999999,5.606666666666668,25.0,1.36
2008,2025,NC,37,37033,Caswell,21.722127641829807,33.37135827717433,5.745046132870645,9.899031653911907,1.5298561894557063
2008,2025,NC,37,37075,Graham,20.75,44.083333333333336,5.175000000000001,25.83333333333333,1.3783333333333332
2008,2025,NC,37,37007,Anson,20.281191918765,38.20074585488035,5.568388160509731,9.597228804971849,1.5707290600638582
2008,2025,NC,37,37149,Polk,25.778269846185605,40.44269639723342,5.995971921131414,12.652524001238772,1.485121709507588
2008,2025,NC,37,37039,Cherokee,23.532908499887366,38.664027549805304,5.940341154130863,18.05629043159216,1.4131960992565424
2008,2025,NC,37,37113,Macon,22.374999999999996,44.35500000000001,5.5968333333333335,17.89999999999999,1.4323333333333335
2008,2025,NC,37,37009,Ashe,21.92357597690596,43.33716233653219,5.3801804072667005,21.08229356091296,1.4144474052201677
2008,2025,NC,37,37123,Montgomery,20.506773836565923,38.45782514997961,5.584264896033552,10.713285572834737,1.5441777389481042
2008,2025,NC,37,37043,Clay,23.578153975676074,41.48846945857084,5.752965402687236,18.098342378010635,1.4226474168629193
2008,2025,NC,37,37121,Mitchell,23.066666666666666,45.166666666666664,5.723333333333334,22.166666666666668,1.3666666666666667
2008,2025,NC,37,37199,Yancey,21.562500000000004,44.99999999999999,5.645833333333335,18.22916666666667,1.416666666666667
2008,2025,NC,37,37189,Watauga,21.60927030648857,45.59753382613582,5.378611723511866,24.90235810314269,1.3838089525785673
2008,2025,NC,37,37099,Jackson,21.866666666666667,44.90370370370371,5.747407407407407,18.51851851851852,1.3831111111111116
2008,2025,NC,37,37161,Rutherford,25.141099259120033,40.96598844039284,5.9495293140986485,12.406465861566648,1.4995558479394762
2008,2025,NC,37,37193,Wilkes,24.025391270149036,40.43342469506503,5.951277683322802,16.136464820209618,1.4499867983954826
2008,2025,NC,37,37125,Moore,17.990434788725455,50.55313341915155,5.581727618685858,11.69676634238644,1.5532337842305555
2008,2025,NC,37,37153,Richmond,19.182810223720853,46.79145606631606,5.631908660433571,10.432907686941281,1.563118059307794
2008,2025,NC,37,37093,Hoke,15.07561697893383,63.499957706960686,5.6562006908854965,8.573859586259339,1.6200618966069087
2008,2025,NC,37,37165,Scotland,15.695800663031855,63.15264385415103,5.547214846935948,8.406092805522745,1.6173265425093766
2008,2025,NC,37,37155,Robeson,15.804433645483053,61.878796242212566,5.425441638789046,8.491811636156644,1.6171421989970327
2008,2025,NC,37,37001,Alamance,21.597349469182436,34.33869632716943,5.7440758920538615,9.882613371497003,1.5199937816722549
2008,2025,NC,37,37151,Randolph,22.287964602294807,32.69918297019249,5.7170225120626945,10.397672577158081,1.5217283427788493
2008,2025,NC,37,37081,Guilford,22.063398640113977,35.971650483945915,5.793832598104142,10.792051078272051,1.528606013138143
2008,2025,NC,37,37157,Rockingham,25.187674439015826,34.87927015983534,5.798384872687549,11.265903084559666,1.5373024584808317
2008,2025,NC,37,37171,Surry,24.564596787044973,39.00483806642601,5.993058538242899,12.98897522872891,1.4775464645774798
2008,2025,NC,37,37057,Davidson,24.724247156788692,36.19170044462172,5.79562540938733,12.169922719623958,1.5397574111708872
2008,2025,NC,37,37169,Stokes,23.638912563648688,39.13038965012346,5.915078090284608,13.798515046220412,1.487316848415976
2008,2025,NC,37,37067,Forsyth,26.046490124479625,39.64750887313716,5.882731596550985,13.860494850000524,1.5227464686448395
2008,2025,NC,37,37197,Yadkin,27.41062056377173,38.35259220900746,5.8358576894118634,10.456637909137994,1.5507520375751946
2008,2025,NC,37,37059,Davie,29.73150260790586,35.5947536311892,5.926173346602892,11.807102755457867,1.5595658273590822
2008,2025,NC,37,37027,Caldwell,24.177885572847035,40.57694860925395,6.059950496457934,13.51645850522063,1.4552656784925129
2008,2025,NC,37,37003,Alexander,25.042779420784314,40.797818319067716,5.882018638398677,12.089668427208185,1.5233847093616606
2008,2025,NC,37,37035,Catawba,26.348706567345356,40.30113125647586,5.888789632927271,10.571271990752109,1.5448637927108417
2008,2025,NC,37,37023,Burke,23.194801513317863,41.9216901623437,6.005636781909965,14.09042837361943,1.4559420076538125
2008,2025,NC,37,37111,McDowell,23.952309879175548,41.550959488272916,6.130213219616205,15.872068230277188,1.4196702203269365
2008,2025,NC,37,37029,Camden,15.665023870559455,46.43803686885918,5.357910239697159,14.739329699525598,1.5614876272634746
2008,2025,NC,37,37139,Pasquotank,16.559663609558243,47.40985599655203,5.486544614869393,15.655037213938737,1.5616519237149178
2008,2025,NC,37,37143,Perquimans,15.441260268759317,50.81520161291913,5.325344259305076,15.537209731994754,1.5479437768031932
2008,2025,NC,37,37177,Tyrrell,19.913971860293447,42.211889760881135,5.697061678420937,36.60177818481628,1.4766651685867578
2008,2025,NC,37,37055,Dare,18.254189944134097,46.99534450651769,5.169646182495346,27.155493482309126,1.4893575418994411
2008,2025,NC,37,37073,Gates,13.763783455238684,56.69868151067725,5.030576920496227,12.02122812650661,1.5624746411000912
2008,2025,NC,37,37053,Currituck,15.067170740029022,48.28455810647672,5.31292920166317,15.312965248473825,1.5471646691786674
2008,2025,NC,37,37019,Brunswick,16.492437070263264,55.91447105374127,5.011857001672874,12.003438986394801,1.537447473888976
2008,2025,NC,37,37031,Carteret,18.67145960718039,50.18589080422503,5.433870489845599,31.431209681254416,1.435464484254259
2008,2025,NC,37,37137,Pamlico,16.8807595371672,46.9504956120711,5.173002726869749,26.964676507207695,1.4458721270801573
2008,2025,NC,37,37049,Craven,18.13572375586683,49.75147928694885,5.413640613417412,12.853329874668917,1.5496215771105177
2008,2025,NC,37,37103,Jones,18.66313756990565,48.183725025809245,5.461694049255518,13.706153353539046,1.5411782490600994
2008,2025,NC,37,37085,Harnett,15.76038905335505,57.48983518841414,5.388999568192813,8.636859076555565,1.5955836889850057
2008,2025,NC,37,37063,Durham,19.74064700953415,37.64995923636114,5.570836447222413,10.210159204656108,1.51828271848178
2008,2025,NC,37,37145,Person,20.648504086483296,34.79888589356083,5.566429763446886,10.330598637709251,1.5037579930523948
2008,2025,NC,37,37135,Orange,20.810447872560676,34.304205905566086,5.5409884787129995,11.44639811338001,1.4951275244523878
2008,2025,NC,37,37181,Vance,18.960180808640587,42.94407971227085,5.425136530082259,11.833262704958125,1.522755962664755
2008,2025,NC,37,37077,Granville,19.401897099589583,39.73027233990912,5.486596424548927,10.232042453116383,1.5116322338207056
2008,2025,NC,37,37069,Franklin,18.21357572799739,45.83422068414752,5.382256348255608,14.570246757472159,1.5455482866734676
2008,2025,NC,37,37101,Johnston,15.31253311210442,58.19575917070035,5.384298583711459,8.650235693260399,1.5952563381349336
2008,2025,NC,37,37183,Wake,16.957149487707863,52.63242163424492,5.378422197662978,11.74099198867914,1.5625119373567835
2008,2025,NC,37,37105,Lee,17.169583082933944,51.39059104352993,5.394530940946149,9.96269680549316,1.5567107201233572
2008,2025,NC,37,37131,Northampton,14.627114512117933,55.89044707294538,5.263516446948167,9.658316174788533,1.584373105503509
2008,2025,NC,37,37083,Halifax,14.744456353014673,55.076826363446926,5.361110968415947,9.679608869627529,1.5848234664732226
2008,2025,NC,37,37127,Nash,15.310800059333536,56.56327685960767,5.416339149880153,9.62821069864259,1.5814227396455667
2008,2025,NC,37,37065,Edgecombe,14.161307626608641,57.312954836264275,5.38688198966684,9.576390026313033,1.5926652697530554
2008,2025,NC,37,37195,Wilson,14.835145871297975,57.6512848516044,5.417944003805005,9.113164018994393,1.5934054460524159
2008,2025,NC,37,37163,Sampson,15.273867126167554,58.52537317568097,5.421927538042001,8.829779064919629,1.6040854622096004
2008,2025,NC,37,37185,Warren,18.600820980780128,43.80010307309183,5.385755154555581,12.46811041074267,1.5311638754040935
2008,2025,NC,37,37187,Washington,18.953597470247782,47.67108136980647,5.642947122990211,28.50108003771644,1.521095528269475
2008,2025,NC,37,37061,Duplin,16.2026833217555,57.04997362154222,5.4095057423873385,9.617659857375704,1.596040624188993
2008,2025,NC,37,37091,Hertford,14.134961747847559,56.250812953624184,5.1401916586543255,10.485293524496207,1.5713199963154112
2008,2025,NC,37,37017,Bladen,16.61586427445496,58.017954103927316,5.2861101346117385,9.553058377729442,1.5947086065566343
2008,2025,NC,37,37095,Hyde,20.98055443449032,42.78443354793039,5.587637252553322,40.23561613384292,1.4296708528560573
2008,2025,NC,37,37015,Bertie,14.662957675552882,55.35586613093771,5.090847278295829,11.849785215520487,1.568538718071896
2008,2025,NC,37,37079,Greene,14.178814054438758,54.813677633970244,5.477386420944308,9.118307194878113,1.598149277505323
2008,2025,NC,37,37041,Chowan,14.12162758203759,53.387244726428115,5.200120120675882,12.702915693792061,1.5597433221643386
2008,2025,NC,37,37117,Martin,14.130171196478335,56.967190068273496,5.154023082315972,10.727968292237316,1.5842531628537402
2008,2025,NC,37,37047,Columbus,15.848775374477965,59.18857361014893,5.140787904968334,9.533449696237152,1.5845346316261342
2008,2025,NC,37,37191,Wayne,15.072282118132817,57.71102483509641,5.481071755466328,8.92271300020165,1.6086818510903587
2008,2025,NC,37,37133,Onslow,19.102682866512176,48.753262327736934,5.4193701979755495,13.413832879385367,1.528390030251908
2008,2025,NC,37,37107,Lenoir,15.112783736315173,57.13996359965299,5.485233965579195,9.23906784077571,1.6051619330142124
2008,2025,NC,37,37129,New Hanover,16.60850111856823,55.364653243847904,4.981208053691276,16.420581655480994,1.4534899328859059
2008,2025,NC,37,37141,Pender,16.164524937895024,54.09168157392995,5.055202998489516,11.230749546202976,1.5635858911149958
2008,2025,NC,37,37051,Cumberland,16.389454244908666,58.02458009323737,5.3771464482839155,8.973359806498983,1.6063661156048963
2008,2025,NC,37,37147,Pitt,14.284200080821957,57.950542543538354,5.337201364533325,9.537195398242723,1.5915781263866924
2008,2025,NC,37,37013,Beaufort,17.269834018843447,50.4223935784236,5.3748451524210425,17.27244042297132,1.5420720110165531
