county_fips,state_alpha,county_name,year,commodity_desc,class_desc,prodn_practice_desc,irrigation,util_practice_desc,yield_value,yield_unit,cv_mean
31007,NE,BANNER,2008,BEANS,"DRY EDIBLE, GREAT NORTHERN",IRRIGATED,irrigated,ALL UTILIZATION PRACTICES,2280.0,LB / ACRE,
31013,NE,BOX BUTTE,2008,BEANS,"DRY EDIBLE, GREAT NORTHERN",IRRIGATED,irrigated,ALL UTILIZATION PRACTICES,2220.0,LB / ACRE,
31123,NE,MORRILL,2008,BEANS,"DRY EDIBLE, GREAT NORTHERN",IRRIGATED,irrigated,ALL UTILIZATION PRACTICES,2270.0,LB / ACRE,
31157,NE,SCOTTS BLUFF,2008,BEANS,"DRY EDIBLE, GREAT NORTHERN",IRRIGATED,irrigated,ALL UTILIZATION PRACTICES,2320.0,LB / ACRE,
31161,NE,SHERIDAN,2008,BEANS,"DRY EDIBLE, GREAT NORTHERN",IRRIGATED,irrigated,ALL UTILIZATION PRACTICES,2490.0,LB / ACRE,
31007,NE,BANNER,2008,BEANS,"DRY EDIBLE, INCL CHICKPEAS",IRRIGATED,irrigated,ALL UTILIZATION PRACTICES,2170.0,LB / ACRE,
31013,NE,BOX BUTTE,2008,BEANS,"DRY EDIBLE, INCL CHICKPEAS",IRRIGATED,irrigated,ALL UTILIZATION PRACTICES,2180.0,LB / ACRE,
31049,NE,DEUEL,2008,BEANS,"DRY EDIBLE, INCL CHICKPEAS",IRRIGATED,irrigated,ALL UTILIZATION PRACTICES,2300.0,LB / ACRE,
31123,NE,MORRILL,2008,BEANS,"DRY EDIBLE, INCL CHICKPEAS",IRRIGATED,irrigated,ALL UTILIZATION PRACTICES,2290.0,LB / ACRE,
31157,NE,SCOTTS BLUFF,2008,BEANS,"DRY EDIBLE, INCL CHICKPEAS",IRRIGATED,irrigated,ALL UTILIZATION PRACTICES,2330.0,LB / ACRE,
31161,NE,SHERIDAN,2008,BEANS,"DRY EDIBLE, INCL CHICKPEAS",IRRIGATED,irrigated,ALL UTILIZATION PRACTICES,2260.0,LB / ACRE,
31031,NE,CHERRY,2008,BEANS,"DRY EDIBLE, INCL CHICKPEAS",IRRIGATED,irrigated,ALL UTILIZATION PRACTICES,2220.0,LB / ACRE,
31029,NE,CHASE,2008,BEANS,"DRY EDIBLE, INCL CHICKPEAS",IRRIGATED,irrigated,ALL UTILIZATION PRACTICES,2580.0,LB / ACRE,
31057,NE,DUNDY,2008,BEANS,"DRY EDIBLE, INCL CHICKPEAS",IRRIGATED,irrigated,ALL UTILIZATION PRACTICES,2730.0,LB / ACRE,
31085,NE,HAYES,2008,BEANS,"DRY EDIBLE, INCL CHICKPEAS",IRRIGATED,irrigated,ALL UTILIZATION PRACTICES,2400.0,LB / ACRE,
31013,NE,BOX BUTTE,2008,BEANS,"DRY EDIBLE, PINTO",IRRIGATED,irrigated,ALL UTILIZATION PRACTICES,2060.0,LB / ACRE,
31049,NE,DEUEL,2008,BEANS,"DRY EDIBLE, PINTO",IRRIGATED,irrigated,ALL UTILIZATION PRACTICES,2300.0,LB / ACRE,
31157,NE,SCOTTS BLUFF,2008,BEANS,"DRY EDIBLE, PINTO",IRRIGATED,irrigated,ALL UTILIZATION PRACTICES,2370.0,LB / ACRE,
31161,NE,SHERIDAN,2008,BEANS,"DRY EDIBLE, PINTO",IRRIGATED,irrigated,ALL UTILIZATION PRACTICES,1970.0,LB / ACRE,
31031,NE,CHERRY,2008,BEANS,"DRY EDIBLE, PINTO",IRRIGATED,irrigated,ALL UTILIZATION PRACTICES,2240.0,LB / ACRE,
31029,NE,CHASE,2008,BEANS,"DRY EDIBLE, PINTO",IRRIGATED,irrigated,ALL UTILIZATION PRACTICES,2480.0,LB / ACRE,
31057,NE,DUNDY,2008,BEANS,"DRY EDIBLE, PINTO",IRRIGATED,irrigated,ALL UTILIZATION PRACTICES,2740.0,LB / ACRE,
31085,NE,HAYES,2008,BEANS,"DRY EDIBLE, PINTO",IRRIGATED,irrigated,ALL UTILIZATION PRACTICES,2400.0,LB / ACRE,
31007,NE,BANNER,2014,CORN,ALL CLASSES,IRRIGATED,irrigated,GRAIN,144.7,BU / ACRE,
31007,NE,BANNER,2012,CORN,ALL CLASSES,IRRIGATED,irrigated,GRAIN,143.0,BU / ACRE,
31007,NE,BANNER,2010,CORN,ALL CLASSES,IRRIGATED,irrigated,GRAIN,143.1,BU / ACRE,
31007,NE,BANNER,2008,CORN,ALL CLASSES,IRRIGATED,irrigated,GRAIN,136.0,BU / ACRE,
31013,NE,BOX BUTTE,2017,CORN,ALL CLASSES,IRRIGATED,irrigated,GRAIN,171.2,BU / ACRE,
31013,NE,BOX BUTTE,2015,CORN,ALL CLASSES,IRRIGATED,irrigated,GRAIN,164.1,BU / ACRE,
31013,NE,BOX BUTTE,2014,CORN,ALL CLASSES,IRRIGATED,irrigated,GRAIN,180.6,BU / ACRE,
31013,NE,BOX BUTTE,2013,CORN,ALL CLASSES,IRRIGATED,irrigated,GRAIN,165.4,BU / ACRE,
31013,NE,BOX BUTTE,2012,CORN,ALL CLASSES,IRRIGATED,irrigated,GRAIN,153.8,BU / ACRE,
31013,NE,BOX BUTTE,2011,CORN,ALL CLASSES,IRRIGATED,irrigated,GRAIN,163.9,BU / ACRE,
31013,NE,BOX BUTTE,2010,CORN,ALL CLASSES,IRRIGATED,irrigated,GRAIN,162.2,BU / ACRE,
31013,NE,BOX BUTTE,2009,CORN,ALL CLASSES,IRRIGATED,irrigated,GRAIN,158.9,BU / ACRE,
31013,NE,BOX BUTTE,2008,CORN,ALL CLASSES,IRRIGATED,irrigated,GRAIN,147.0,BU / ACRE,
31033,NE,CHEYENNE,2011,CORN,ALL CLASSES,IRRIGATED,irrigated,GRAIN,137.6,BU / ACRE,
31033,NE,CHEYENNE,2010,CORN,ALL CLASSES,IRRIGATED,irrigated,GRAIN,160.3,BU / ACRE,
31033,NE,CHEYENNE,2008,CORN,ALL CLASSES,IRRIGATED,irrigated,GRAIN,157.0,BU / ACRE,
31045,NE,DAWES,2014,CORN,ALL CLASSES,IRRIGATED,irrigated,GRAIN,176.8,BU / ACRE,
31045,NE,DAWES,2013,CORN,ALL CLASSES,IRRIGATED,irrigated,GRAIN,115.3,BU / ACRE,
31049,NE,DEUEL,2012,CORN,ALL CLASSES,IRRIGATED,irrigated,GRAIN,160.1,BU / ACRE,
31049,NE,DEUEL,2011,CORN,ALL CLASSES,IRRIGATED,irrigated,GRAIN,170.1,BU / ACRE,
31049,NE,DEUEL,2010,CORN,ALL CLASSES,IRRIGATED,irrigated,GRAIN,185.0,BU / ACRE,
31049,NE,DEUEL,2009,CORN,ALL CLASSES,IRRIGATED,irrigated,GRAIN,179.0,BU / ACRE,
31069,NE,GARDEN,2014,CORN,ALL CLASSES,IRRIGATED,irrigated,GRAIN,191.6,BU / ACRE,
31069,NE,GARDEN,2013,CORN,ALL CLASSES,IRRIGATED,irrigated,GRAIN,159.8,BU / ACRE,
31069,NE,GARDEN,2012,CORN,ALL CLASSES,IRRIGATED,irrigated,GRAIN,148.5,BU / ACRE,
31069,NE,GARDEN,2011,CORN,ALL CLASSES,IRRIGATED,irrigated,GRAIN,175.6,BU / ACRE,
31069,NE,GARDEN,2010,CORN,ALL CLASSES,IRRIGATED,irrigated,GRAIN,169.8,BU / ACRE,
31069,NE,GARDEN,2009,CORN,ALL CLASSES,IRRIGATED,irrigated,GRAIN,176.0,BU / ACRE,
31105,NE,KIMBALL,2017,CORN,ALL CLASSES,IRRIGATED,irrigated,GRAIN,164.1,BU / ACRE,
31105,NE,KIMBALL,2016,CORN,ALL CLASSES,IRRIGATED,irrigated,GRAIN,148.7,BU / ACRE,
31105,NE,KIMBALL,2015,CORN,ALL CLASSES,IRRIGATED,irrigated,GRAIN,167.2,BU / ACRE,
31105,NE,KIMBALL,2013,CORN,ALL CLASSES,IRRIGATED,irrigated,GRAIN,149.9,BU / ACRE,
31105,NE,KIMBALL,2012,CORN,ALL CLASSES,IRRIGATED,irrigated,GRAIN,151.2,BU / ACRE,
31105,NE,KIMBALL,2011,CORN,ALL CLASSES,IRRIGATED,irrigated,GRAIN,151.6,BU / ACRE,
31123,NE,MORRILL,2012,CORN,ALL CLASSES,IRRIGATED,irrigated,GRAIN,153.1,BU / ACRE,
31123,NE,MORRILL,2011,CORN,ALL CLASSES,IRRIGATED,irrigated,GRAIN,174.0,BU / ACRE,
31123,NE,MORRILL,2010,CORN,ALL CLASSES,IRRIGATED,irrigated,GRAIN,157.8,BU / ACRE,
31123,NE,MORRILL,2009,CORN,ALL CLASSES,IRRIGATED,irrigated,GRAIN,157.9,BU / ACRE,
31157,NE,SCOTTS BLUFF,2017,CORN,ALL CLASSES,IRRIGATED,irrigated,GRAIN,186.6,BU / ACRE,
31157,NE,SCOTTS BLUFF,2015,CORN,ALL CLASSES,IRRIGATED,irrigated,GRAIN,167.1,BU / ACRE,
31157,NE,SCOTTS BLUFF,2012,CORN,ALL CLASSES,IRRIGATED,irrigated,GRAIN,150.4,BU / ACRE,
31157,NE,SCOTTS BLUFF,2011,CORN,ALL CLASSES,IRRIGATED,irrigated,GRAIN,150.2,BU / ACRE,
31157,NE,SCOTTS BLUFF,2010,CORN,ALL CLASSES,IRRIGATED,irrigated,GRAIN,161.0,BU / ACRE,
31161,NE,SHERIDAN,2018,CORN,ALL CLASSES,IRRIGATED,irrigated,GRAIN,199.9,BU / ACRE,
31161,NE,SHERIDAN,2017,CORN,ALL CLASSES,IRRIGATED,irrigated,GRAIN,194.4,BU / ACRE,
31161,NE,SHERIDAN,2015,CORN,ALL CLASSES,IRRIGATED,irrigated,GRAIN,180.6,BU / ACRE,
31161,NE,SHERIDAN,2014,CORN,ALL CLASSES,IRRIGATED,irrigated,GRAIN,197.9,BU / ACRE,
31161,NE,SHERIDAN,2012,CORN,ALL CLASSES,IRRIGATED,irrigated,GRAIN,170.8,BU / ACRE,
31161,NE,SHERIDAN,2011,CORN,ALL CLASSES,IRRIGATED,irrigated,GRAIN,165.0,BU / ACRE,
31161,NE,SHERIDAN,2010,CORN,ALL CLASSES,IRRIGATED,irrigated,GRAIN,167.7,BU / ACRE,
31161,NE,SHERIDAN,2009,CORN,ALL CLASSES,IRRIGATED,irrigated,GRAIN,177.0,BU / ACRE,
31165,NE,SIOUX,2009,CORN,ALL CLASSES,IRRIGATED,irrigated,GRAIN,157.9,BU / ACRE,
31015,NE,BOYD,2017,CORN,ALL CLASSES,IRRIGATED,irrigated,GRAIN,206.8,BU / ACRE,
31015,NE,BOYD,2012,CORN,ALL CLASSES,IRRIGATED,irrigated,GRAIN,192.4,BU / ACRE,
31015,NE,BOYD,2011,CORN,ALL CLASSES,IRRIGATED,irrigated,GRAIN,176.5,BU / ACRE,
31015,NE,BOYD,2010,CORN,ALL CLASSES,IRRIGATED,irrigated,GRAIN,181.2,BU / ACRE,
31015,NE,BOYD,2009,CORN,ALL CLASSES,IRRIGATED,irrigated,GRAIN,201.0,BU / ACRE,
31015,NE,BOYD,2008,CORN,ALL CLASSES,IRRIGATED,irrigated,GRAIN,195.0,BU / ACRE,
31017,NE,BROWN,2017,CORN,ALL CLASSES,IRRIGATED,irrigated,GRAIN,220.9,BU / ACRE,
31017,NE,BROWN,2016,CORN,ALL CLASSES,IRRIGATED,irrigated,GRAIN,214.3,BU / ACRE,
31017,NE,BROWN,2014,CORN,ALL CLASSES,IRRIGATED,irrigated,GRAIN,195.5,BU / ACRE,
31017,NE,BROWN,2013,CORN,ALL CLASSES,IRRIGATED,irrigated,GRAIN,178.3,BU / ACRE,
31017,NE,BROWN,2011,CORN,ALL CLASSES,IRRIGATED,irrigated,GRAIN,176.1,BU / ACRE,
31031,NE,CHERRY,2017,CORN,ALL CLASSES,IRRIGATED,irrigated,GRAIN,205.9,BU / ACRE,
31031,NE,CHERRY,2013,CORN,ALL CLASSES,IRRIGATED,irrigated,GRAIN,180.0,BU / ACRE,
31031,NE,CHERRY,2011,CORN,ALL CLASSES,IRRIGATED,irrigated,GRAIN,161.0,BU / ACRE,
31031,NE,CHERRY,2010,CORN,ALL CLASSES,IRRIGATED,irrigated,GRAIN,169.4,BU / ACRE,
31071,NE,GARFIELD,2017,CORN,ALL CLASSES,IRRIGATED,irrigated,GRAIN,196.5,BU / ACRE,
31071,NE,GARFIELD,2016,CORN,ALL CLASSES,IRRIGATED,irrigated,GRAIN,198.3,BU / ACRE,
31071,NE,GARFIELD,2015,CORN,ALL CLASSES,IRRIGATED,irrigated,GRAIN,186.5,BU / ACRE,
31071,NE,GARFIELD,2014,CORN,ALL CLASSES,IRRIGATED,irrigated,GRAIN,146.3,BU / ACRE,
31071,NE,GARFIELD,2013,CORN,ALL CLASSES,IRRIGATED,irrigated,GRAIN,180.9,BU / ACRE,
31071,NE,GARFIELD,2011,CORN,ALL CLASSES,IRRIGATED,irrigated,GRAIN,181.8,BU / ACRE,
31071,NE,GARFIELD,2010,CORN,ALL CLASSES,IRRIGATED,irrigated,GRAIN,165.4,BU / ACRE,
31071,NE,GARFIELD,2009,CORN,ALL CLASSES,IRRIGATED,irrigated,GRAIN,192.1,BU / ACRE,
31071,NE,GARFIELD,2008,CORN,ALL CLASSES,IRRIGATED,irrigated,GRAIN,180.0,BU / ACRE,
31089,NE,HOLT,2013,CORN,ALL CLASSES,IRRIGATED,irrigated,GRAIN,196.3,BU / ACRE,
31089,NE,HOLT,2012,CORN,ALL CLASSES,IRRIGATED,irrigated,GRAIN,194.2,BU / ACRE,
31089,NE,HOLT,2011,CORN,ALL CLASSES,IRRIGATED,irrigated,GRAIN,184.6,BU / ACRE,
31089,NE,HOLT,2010,CORN,ALL CLASSES,IRRIGATED,irrigated,GRAIN,163.4,BU / ACRE,
31089,NE,HOLT,2009,CORN,ALL CLASSES,IRRIGATED,irrigated,GRAIN,189.7,BU / ACRE,
31089,NE,HOLT,2008,CORN,ALL CLASSES,IRRIGATED,irrigated,GRAIN,188.0,BU / ACRE,
31103,NE,KEYA PAHA,2018,CORN,ALL CLASSES,IRRIGATED,irrigated,GRAIN,225.3,BU / ACRE,
31103,NE,KEYA PAHA,2017,CORN,ALL CLASSES,IRRIGATED,irrigated,GRAIN,209.2,BU / ACRE,
31103,NE,KEYA PAHA,2016,CORN,ALL CLASSES,IRRIGATED,irrigated,GRAIN,198.7,BU / ACRE,
31103,NE,KEYA PAHA,2014,CORN,ALL CLASSES,IRRIGATED,irrigated,GRAIN,170.8,BU / ACRE,
31103,NE,KEYA PAHA,2013,CORN,ALL CLASSES,IRRIGATED,irrigated,GRAIN,201.0,BU / ACRE,
31103,NE,KEYA PAHA,2012,CORN,ALL CLASSES,IRRIGATED,irrigated,GRAIN,192.7,BU / ACRE,
31103,NE,KEYA PAHA,2011,CORN,ALL CLASSES,IRRIGATED,irrigated,GRAIN,187.3,BU / ACRE,
31103,NE,KEYA PAHA,2010,CORN,ALL CLASSES,IRRIGATED,irrigated,GRAIN,191.7,BU / ACRE,
31103,NE,KEYA PAHA,2009,CORN,ALL CLASSES,IRRIGATED,irrigated,GRAIN,181.1,BU / ACRE,
31103,NE,KEYA PAHA,2008,CORN,ALL CLASSES,IRRIGATED,irrigated,GRAIN,170.0,BU / ACRE,
31113,NE,LOGAN,2017,CORN,ALL CLASSES,IRRIGATED,irrigated,GRAIN,185.5,BU / ACRE,
31113,NE,LOGAN,2016,CORN,ALL CLASSES,IRRIGATED,irrigated,GRAIN,192.3,BU / ACRE,
31113,NE,LOGAN,2013,CORN,ALL CLASSES,IRRIGATED,irrigated,GRAIN,198.9,BU / ACRE,
31113,NE,LOGAN,2012,CORN,ALL CLASSES,IRRIGATED,irrigated,GRAIN,194.7,BU / ACRE,
31113,NE,LOGAN,2011,CORN,ALL CLASSES,IRRIGATED,irrigated,GRAIN,182.4,BU / ACRE,
31113,NE,LOGAN,2010,CORN,ALL CLASSES,IRRIGATED,irrigated,GRAIN,174.4,BU / ACRE,
31113,NE,LOGAN,2009,CORN,ALL CLASSES,IRRIGATED,irrigated,GRAIN,186.1,BU / ACRE,
31113,NE,LOGAN,2008,CORN,ALL CLASSES,IRRIGATED,irrigated,GRAIN,182.0,BU / ACRE,
31115,NE,LOUP,2017,CORN,ALL CLASSES,IRRIGATED,irrigated,GRAIN,155.4,BU / ACRE,
31115,NE,LOUP,2010,CORN,ALL CLASSES,IRRIGATED,irrigated,GRAIN,149.0,BU / ACRE,
31149,NE,ROCK,2011,CORN,ALL CLASSES,IRRIGATED,irrigated,GRAIN,173.2,BU / ACRE,
31149,NE,ROCK,2010,CORN,ALL CLASSES,IRRIGATED,irrigated,GRAIN,176.7,BU / ACRE,
31171,NE,THOMAS,2015,CORN,ALL CLASSES,IRRIGATED,irrigated,GRAIN,183.8,BU / ACRE,
31183,NE,WHEELER,2010,CORN,ALL CLASSES,IRRIGATED,irrigated,GRAIN,157.6,BU / ACRE,
31183,NE,WHEELER,2009,CORN,ALL CLASSES,IRRIGATED,irrigated,GRAIN,174.0,BU / ACRE,
31183,NE,WHEELER,2008,CORN,ALL CLASSES,IRRIGATED,irrigated,GRAIN,156.0,BU / ACRE,
31003,NE,ANTELOPE,2018,CORN,ALL CLASSES,IRRIGATED,irrigated,GRAIN,214.6,BU / ACRE,
31003,NE,ANTELOPE,2017,CORN,ALL CLASSES,IRRIGATED,irrigated,GRAIN,223.5,BU / ACRE,
31003,NE,ANTELOPE,2016,CORN,ALL CLASSES,IRRIGATED,irrigated,GRAIN,214.4,BU / ACRE,
31003,NE,ANTELOPE,2015,CORN,ALL CLASSES,IRRIGATED,irrigated,GRAIN,207.7,BU / ACRE,
31003,NE,ANTELOPE,2014,CORN,ALL CLASSES,IRRIGATED,irrigated,GRAIN,197.1,BU / ACRE,
31003,NE,ANTELOPE,2013,CORN,ALL CLASSES,IRRIGATED,irrigated,GRAIN,202.9,BU / ACRE,
31003,NE,ANTELOPE,2012,CORN,ALL CLASSES,IRRIGATED,irrigated,GRAIN,196.4,BU / ACRE,
31003,NE,ANTELOPE,2011,CORN,ALL CLASSES,IRRIGATED,irrigated,GRAIN,190.3,BU / ACRE,
31003,NE,ANTELOPE,2010,CORN,ALL CLASSES,IRRIGATED,irrigated,GRAIN,194.0,BU / ACRE,
31003,NE,ANTELOPE,2009,CORN,ALL CLASSES,IRRIGATED,irrigated,GRAIN,210.4,BU / ACRE,
31003,NE,ANTELOPE,2008,CORN,ALL CLASSES,IRRIGATED,irrigated,GRAIN,193.0,BU / ACRE,
31011,NE,BOONE,2018,CORN,ALL CLASSES,IRRIGATED,irrigated,GRAIN,204.8,BU / ACRE,
31011,NE,BOONE,2017,CORN,ALL CLASSES,IRRIGATED,irrigated,GRAIN,202.9,BU / ACRE,
31011,NE,BOONE,2016,CORN,ALL CLASSES,IRRIGATED,irrigated,GRAIN,212.1,BU / ACRE,
31011,NE,BOONE,2015,CORN,ALL CLASSES,IRRIGATED,irrigated,GRAIN,204.7,BU / ACRE,
31011,NE,BOONE,2014,CORN,ALL CLASSES,IRRIGATED,irrigated,GRAIN,204.0,BU / ACRE,
31011,NE,BOONE,2013,CORN,ALL CLASSES,IRRIGATED,irrigated,GRAIN,200.0,BU / ACRE,
31011,NE,BOONE,2012,CORN,ALL CLASSES,IRRIGATED,irrigated,GRAIN,173.8,BU / ACRE,
31011,NE,BOONE,2011,CORN,ALL CLASSES,IRRIGATED,irrigated,GRAIN,167.8,BU / ACRE,
31011,NE,BOONE,2010,CORN,ALL CLASSES,IRRIGATED,irrigated,GRAIN,185.1,BU / ACRE,
31011,NE,BOONE,2009,CORN,ALL CLASSES,IRRIGATED,irrigated,GRAIN,202.1,BU / ACRE,
31011,NE,BOONE,2008,CORN,ALL CLASSES,IRRIGATED,irrigated,GRAIN,185.0,BU / ACRE,
31021,NE,BURT,2017,CORN,ALL CLASSES,IRRIGATED,irrigated,GRAIN,212.3,BU / ACRE,
31021,NE,BURT,2014,CORN,ALL CLASSES,IRRIGATED,irrigated,GRAIN,179.1,BU / ACRE,
31021,NE,BURT,2013,CORN,ALL CLASSES,IRRIGATED,irrigated,GRAIN,209.2,BU / ACRE,
31021,NE,BURT,2012,CORN,ALL CLASSES,IRRIGATED,irrigated,GRAIN,198.0,BU / ACRE,
31021,NE,BURT,2011,CORN,ALL CLASSES,IRRIGATED,irrigated,GRAIN,179.9,BU / ACRE,
31021,NE,BURT,2010,CORN,ALL CLASSES,IRRIGATED,irrigated,GRAIN,159.8,BU / ACRE,
31021,NE,BURT,2009,CORN,ALL CLASSES,IRRIGATED,irrigated,GRAIN,211.2,BU / ACRE,
31021,NE,BURT,2008,CORN,ALL CLASSES,IRRIGATED,irrigated,GRAIN,190.0,BU / ACRE,
31027,NE,CEDAR,2018,CORN,ALL CLASSES,IRRIGATED,irrigated,GRAIN,213.8,BU / ACRE,
31027,NE,CEDAR,2017,CORN,ALL CLASSES,IRRIGATED,irrigated,GRAIN,214.3,BU / ACRE,
31027,NE,CEDAR,2016,CORN,ALL CLASSES,IRRIGATED,irrigated,GRAIN,211.1,BU / ACRE,
31027,NE,CEDAR,2015,CORN,ALL CLASSES,IRRIGATED,irrigated,GRAIN,212.6,BU / ACRE,
31027,NE,CEDAR,2014,CORN,ALL CLASSES,IRRIGATED,irrigated,GRAIN,197.4,BU / ACRE,
31027,NE,CEDAR,2013,CORN,ALL CLASSES,IRRIGATED,irrigated,GRAIN,201.0,BU / ACRE,
31027,NE,CEDAR,2012,CORN,ALL CLASSES,IRRIGATED,irrigated,GRAIN,167.5,BU / ACRE,
31027,NE,CEDAR,2011,CORN,ALL CLASSES,IRRIGATED,irrigated,GRAIN,183.9,BU / ACRE,
31027,NE,CEDAR,2010,CORN,ALL CLASSES,IRRIGATED,irrigated,GRAIN,195.0,BU / ACRE,
31027,NE,CEDAR,2009,CORN,ALL CLASSES,IRRIGATED,irrigated,GRAIN,195.1,BU / ACRE,
31027,NE,CEDAR,2008,CORN,ALL CLASSES,IRRIGATED,irrigated,GRAIN,195.0,BU / ACRE,
31039,NE,CUMING,2016,CORN,ALL CLASSES,IRRIGATED,irrigated,GRAIN,203.3,BU / ACRE,
31039,NE,CUMING,2015,CORN,ALL CLASSES,IRRIGATED,irrigated,GRAIN,219.5,BU / ACRE,
31039,NE,CUMING,2012,CORN,ALL CLASSES,IRRIGATED,irrigated,GRAIN,195.6,BU / ACRE,
31039,NE,CUMING,2011,CORN,ALL CLASSES,IRRIGATED,irrigated,GRAIN,200.5,BU / ACRE,
31039,NE,CUMING,2010,CORN,ALL CLASSES,IRRIGATED,irrigated,GRAIN,204.7,BU / ACRE,
31039,NE,CUMING,2009,CORN,ALL CLASSES,IRRIGATED,irrigated,GRAIN,218.2,BU / ACRE,
31039,NE,CUMING,2008,CORN,ALL CLASSES,IRRIGATED,irrigated,GRAIN,202.0,BU / ACRE,
31043,NE,DAKOTA,2016,CORN,ALL CLASSES,IRRIGATED,irrigated,GRAIN,199.4,BU / ACRE,
31043,NE,DAKOTA,2014,CORN,ALL CLASSES,IRRIGATED,irrigated,GRAIN,188.0,BU / ACRE,
31043,NE,DAKOTA,2013,CORN,ALL CLASSES,IRRIGATED,irrigated,GRAIN,228.8,BU / ACRE,
31051,NE,DIXON,2010,CORN,ALL CLASSES,IRRIGATED,irrigated,GRAIN,200.6,BU / ACRE,
31107,NE,KNOX,2018,CORN,ALL CLASSES,IRRIGATED,irrigated,GRAIN,217.2,BU / ACRE,
31107,NE,KNOX,2017,CORN,ALL CLASSES,IRRIGATED,irrigated,GRAIN,221.5,BU / ACRE,
31107,NE,KNOX,2016,CORN,ALL CLASSES,IRRIGATED,irrigated,GRAIN,208.1,BU / ACRE,
31107,NE,KNOX,2015,CORN,ALL CLASSES,IRRIGATED,irrigated,GRAIN,214.8,BU / ACRE,
31107,NE,KNOX,2014,CORN,ALL CLASSES,IRRIGATED,irrigated,GRAIN,194.0,BU / ACRE,
31107,NE,KNOX,2013,CORN,ALL CLASSES,IRRIGATED,irrigated,GRAIN,204.7,BU / ACRE,
31107,NE,KNOX,2012,CORN,ALL CLASSES,IRRIGATED,irrigated,GRAIN,172.7,BU / ACRE,
31107,NE,KNOX,2011,CORN,ALL CLASSES,IRRIGATED,irrigated,GRAIN,190.3,BU / ACRE,
31107,NE,KNOX,2010,CORN,ALL CLASSES,IRRIGATED,irrigated,GRAIN,192.3,BU / ACRE,
31107,NE,KNOX,2009,CORN,ALL CLASSES,IRRIGATED,irrigated,GRAIN,212.2,BU / ACRE,
31107,NE,KNOX,2008,CORN,ALL CLASSES,IRRIGATED,irrigated,GRAIN,188.0,BU / ACRE,
31119,NE,MADISON,2018,CORN,ALL CLASSES,IRRIGATED,irrigated,GRAIN,194.4,BU / ACRE,
31119,NE,MADISON,2017,CORN,ALL CLASSES,IRRIGATED,irrigated,GRAIN,216.7,BU / ACRE,
31119,NE,MADISON,2016,CORN,ALL CLASSES,IRRIGATED,irrigated,GRAIN,211.8,BU / ACRE,
31119,NE,MADISON,2015,CORN,ALL CLASSES,IRRIGATED,irrigated,GRAIN,214.0,BU / ACRE,
31119,NE,MADISON,2014,CORN,ALL CLASSES,IRRIGATED,irrigated,GRAIN,201.4,BU / ACRE,
31119,NE,MADISON,2013,CORN,ALL CLASSES,IRRIGATED,irrigated,GRAIN,207.9,BU / ACRE,
31119,NE,MADISON,2012,CORN,ALL CLASSES,IRRIGATED,irrigated,GRAIN,185.7,BU / ACRE,
31119,NE,MADISON,2011,CORN,ALL CLASSES,IRRIGATED,irrigated,GRAIN,168.7,BU / ACRE,
31119,NE,MADISON,2010,CORN,ALL CLASSES,IRRIGATED,irrigated,GRAIN,187.9,BU / ACRE,
31119,NE,MADISON,2009,CORN,ALL CLASSES,IRRIGATED,irrigated,GRAIN,212.2,BU / ACRE,
31119,NE,MADISON,2008,CORN,ALL CLASSES,IRRIGATED,irrigated,GRAIN,171.0,BU / ACRE,
31139,NE,PIERCE,2017,CORN,ALL CLASSES,IRRIGATED,irrigated,GRAIN,207.4,BU / ACRE,
31139,NE,PIERCE,2016,CORN,ALL CLASSES,IRRIGATED,irrigated,GRAIN,209.9,BU / ACRE,
31139,NE,PIERCE,2015,CORN,ALL CLASSES,IRRIGATED,irrigated,GRAIN,202.3,BU / ACRE,
31139,NE,PIERCE,2014,CORN,ALL CLASSES,IRRIGATED,irrigated,GRAIN,188.0,BU / ACRE,
31139,NE,PIERCE,2013,CORN,ALL CLASSES,IRRIGATED,irrigated,GRAIN,202.8,BU / ACRE,
31139,NE,PIERCE,2012,CORN,ALL CLASSES,IRRIGATED,irrigated,GRAIN,191.6,BU / ACRE,
31139,NE,PIERCE,2011,CORN,ALL CLASSES,IRRIGATED,irrigated,GRAIN,177.7,BU / ACRE,
31139,NE,PIERCE,2010,CORN,ALL CLASSES,IRRIGATED,irrigated,GRAIN,189.6,BU / ACRE,
31139,NE,PIERCE,2009,CORN,ALL CLASSES,IRRIGATED,irrigated,GRAIN,206.2,BU / ACRE,
31139,NE,PIERCE,2008,CORN,ALL CLASSES,IRRIGATED,irrigated,GRAIN,197.0,BU / ACRE,
31167,NE,STANTON,2016,CORN,ALL CLASSES,IRRIGATED,irrigated,GRAIN,193.8,BU / ACRE,
31167,NE,STANTON,2014,CORN,ALL CLASSES,IRRIGATED,irrigated,GRAIN,204.6,BU / ACRE,
31167,NE,STANTON,2013,CORN,ALL CLASSES,IRRIGATED,irrigated,GRAIN,199.6,BU / ACRE,
31167,NE,STANTON,2012,CORN,ALL CLASSES,IRRIGATED,irrigated,GRAIN,173.1,BU / ACRE,
31167,NE,STANTON,2011,CORN,ALL CLASSES,IRRIGATED,irrigated,GRAIN,185.5,BU / ACRE,
31167,NE,STANTON,2010,CORN,ALL CLASSES,IRRIGATED,irrigated,GRAIN,189.4,BU / ACRE,
31167,NE,STANTON,2009,CORN,ALL CLASSES,IRRIGATED,irrigated,GRAIN,211.2,BU / ACRE,
31167,NE,STANTON,2008,CORN,ALL CLASSES,IRRIGATED,irrigated,GRAIN,185.0,BU / ACRE,
31179,NE,WAYNE,2013,CORN,ALL CLASSES,IRRIGATED,irrigated,GRAIN,211.2,BU / ACRE,
31179,NE,WAYNE,2012,CORN,ALL CLASSES,IRRIGATED,irrigated,GRAIN,180.9,BU / ACRE,
31179,NE,WAYNE,2011,CORN,ALL CLASSES,IRRIGATED,irrigated,GRAIN,190.8,BU / ACRE,
31179,NE,WAYNE,2010,CORN,ALL CLASSES,IRRIGATED,irrigated,GRAIN,195.0,BU / ACRE,
31179,NE,WAYNE,2009,CORN,ALL CLASSES,IRRIGATED,irrigated,GRAIN,216.2,BU / ACRE,
31179,NE,WAYNE,2008,CORN,ALL CLASSES,IRRIGATED,irrigated,GRAIN,200.0,BU / ACRE,
31019,NE,BUFFALO,2018,CORN,ALL CLASSES,IRRIGATED,irrigated,GRAIN,234.3,BU / ACRE,
31019,NE,BUFFALO,2017,CORN,ALL CLASSES,IRRIGATED,irrigated,GRAIN,220.0,BU / ACRE,
31019,NE,BUFFALO,2016,CORN,ALL CLASSES,IRRIGATED,irrigated,GRAIN,213.4,BU / ACRE,
31019,NE,BUFFALO,2015,CORN,ALL CLASSES,IRRIGATED,irrigated,GRAIN,220.0,BU / ACRE,
31019,NE,BUFFALO,2014,CORN,ALL CLASSES,IRRIGATED,irrigated,GRAIN,207.8,BU / ACRE,
31019,NE,BUFFALO,2013,CORN,ALL CLASSES,IRRIGATED,irrigated,GRAIN,197.4,BU / ACRE,
31019,NE,BUFFALO,2012,CORN,ALL CLASSES,IRRIGATED,irrigated,GRAIN,210.3,BU / ACRE,
31019,NE,BUFFALO,2011,CORN,ALL CLASSES,IRRIGATED,irrigated,GRAIN,178.1,BU / ACRE,
31019,NE,BUFFALO,2010,CORN,ALL CLASSES,IRRIGATED,irrigated,GRAIN,188.7,BU / ACRE,
31019,NE,BUFFALO,2009,CORN,ALL CLASSES,IRRIGATED,irrigated,GRAIN,201.1,BU / ACRE,
31019,NE,BUFFALO,2008,CORN,ALL CLASSES,IRRIGATED,irrigated,GRAIN,182.0,BU / ACRE,
31041,NE,CUSTER,2017,CORN,ALL CLASSES,IRRIGATED,irrigated,GRAIN,199.1,BU / ACRE,
31041,NE,CUSTER,2016,CORN,ALL CLASSES,IRRIGATED,irrigated,GRAIN,201.1,BU / ACRE,
31041,NE,CUSTER,2015,CORN,ALL CLASSES,IRRIGATED,irrigated,GRAIN,211.7,BU / ACRE,
31041,NE,CUSTER,2014,CORN,ALL CLASSES,IRRIGATED,irrigated,GRAIN,200.7,BU / ACRE,
31041,NE,CUSTER,2012,CORN,ALL CLASSES,IRRIGATED,irrigated,GRAIN,189.5,BU / ACRE,
31041,NE,CUSTER,2011,CORN,ALL CLASSES,IRRIGATED,irrigated,GRAIN,184.4,BU / ACRE,
31041,NE,CUSTER,2010,CORN,ALL CLASSES,IRRIGATED,irrigated,GRAIN,188.0,BU / ACRE,
31041,NE,CUSTER,2009,CORN,ALL CLASSES,IRRIGATED,irrigated,GRAIN,187.0,BU / ACRE,
31041,NE,CUSTER,2008,CORN,ALL CLASSES,IRRIGATED,irrigated,GRAIN,182.0,BU / ACRE,
31047,NE,DAWSON,2015,CORN,ALL CLASSES,IRRIGATED,irrigated,GRAIN,217.1,BU / ACRE,
31047,NE,DAWSON,2013,CORN,ALL CLASSES,IRRIGATED,irrigated,GRAIN,202.3,BU / ACRE,
31047,NE,DAWSON,2012,CORN,ALL CLASSES,IRRIGATED,irrigated,GRAIN,192.5,BU / ACRE,
31047,NE,DAWSON,2011,CORN,ALL CLASSES,IRRIGATED,irrigated,GRAIN,184.0,BU / ACRE,
31047,NE,DAWSON,2010,CORN,ALL CLASSES,IRRIGATED,irrigated,GRAIN,178.8,BU / ACRE,
31047,NE,DAWSON,2009,CORN,ALL CLASSES,IRRIGATED,irrigated,GRAIN,201.7,BU / ACRE,
31047,NE,DAWSON,2008,CORN,ALL CLASSES,IRRIGATED,irrigated,GRAIN,180.0,BU / ACRE,
31077,NE,GREELEY,2017,CORN,ALL CLASSES,IRRIGATED,irrigated,GRAIN,204.8,BU / ACRE,
31077,NE,GREELEY,2016,CORN,ALL CLASSES,IRRIGATED,irrigated,GRAIN,201.9,BU / ACRE,
31077,NE,GREELEY,2015,CORN,ALL CLASSES,IRRIGATED,irrigated,GRAIN,197.0,BU / ACRE,
31077,NE,GREELEY,2014,CORN,ALL CLASSES,IRRIGATED,irrigated,GRAIN,187.8,BU / ACRE,
31077,NE,GREELEY,2011,CORN,ALL CLASSES,IRRIGATED,irrigated,GRAIN,154.1,BU / ACRE,
31077,NE,GREELEY,2010,CORN,ALL CLASSES,IRRIGATED,irrigated,GRAIN,176.7,BU / ACRE,
31077,NE,GREELEY,2009,CORN,ALL CLASSES,IRRIGATED,irrigated,GRAIN,201.1,BU / ACRE,
31077,NE,GREELEY,2008,CORN,ALL CLASSES,IRRIGATED,irrigated,GRAIN,184.0,BU / ACRE,
31079,NE,HALL,2018,CORN,ALL CLASSES,IRRIGATED,irrigated,GRAIN,221.6,BU / ACRE,
31079,NE,HALL,2017,CORN,ALL CLASSES,IRRIGATED,irrigated,GRAIN,204.0,BU / ACRE,
31079,NE,HALL,2016,CORN,ALL CLASSES,IRRIGATED,irrigated,GRAIN,190.4,BU / ACRE,
31079,NE,HALL,2013,CORN,ALL CLASSES,IRRIGATED,irrigated,GRAIN,207.7,BU / ACRE,
31079,NE,HALL,2012,CORN,ALL CLASSES,IRRIGATED,irrigated,GRAIN,190.6,BU / ACRE,
31079,NE,HALL,2011,CORN,ALL CLASSES,IRRIGATED,irrigated,GRAIN,184.7,BU / ACRE,
31079,NE,HALL,2010,CORN,ALL CLASSES,IRRIGATED,irrigated,GRAIN,184.9,BU / ACRE,
31079,NE,HALL,2009,CORN,ALL CLASSES,IRRIGATED,irrigated,GRAIN,190.1,BU / ACRE,
31079,NE,HALL,2008,CORN,ALL CLASSES,IRRIGATED,irrigated,GRAIN,175.0,BU / ACRE,
31093,NE,HOWARD,2018,CORN,ALL CLASSES,IRRIGATED,irrigated,GRAIN,195.6,BU / ACRE,
31093,NE,HOWARD,2017,CORN,ALL CLASSES,IRRIGATED,irrigated,GRAIN,195.8,BU / ACRE,
31093,NE,HOWARD,2016,CORN,ALL CLASSES,IRRIGATED,irrigated,GRAIN,195.4,BU / ACRE,
31093,NE,HOWARD,2015,CORN,ALL CLASSES,IRRIGATED,irrigated,GRAIN,200.9,BU / ACRE,
31093,NE,HOWARD,2014,CORN,ALL CLASSES,IRRIGATED,irrigated,GRAIN,186.6,BU / ACRE,
31093,NE,HOWARD,2013,CORN,ALL CLASSES,IRRIGATED,irrigated,GRAIN,185.1,BU / ACRE,
31093,NE,HOWARD,2011,CORN,ALL CLASSES,IRRIGATED,irrigated,GRAIN,167.2,BU / ACRE,
31093,NE,HOWARD,2010,CORN,ALL CLASSES,IRRIGATED,irrigated,GRAIN,180.6,BU / ACRE,
31093,NE,HOWARD,2009,CORN,ALL CLASSES,IRRIGATED,irrigated,GRAIN,194.1,BU / ACRE,
31093,NE,HOWARD,2008,CORN,ALL CLASSES,IRRIGATED,irrigated,GRAIN,175.0,BU / ACRE,
31163,NE,SHERMAN,2018,CORN,ALL CLASSES,IRRIGATED,irrigated,GRAIN,205.1,BU / ACRE,
31163,NE,SHERMAN,2017,CORN,ALL CLASSES,IRRIGATED,irrigated,GRAIN,195.5,BU / ACRE,
31163,NE,SHERMAN,2016,CORN,ALL CLASSES,IRRIGATED,irrigated,GRAIN,211.6,BU / ACRE,
31163,NE,SHERMAN,2014,CORN,ALL CLASSES,IRRIGATED,irrigated,GRAIN,169.4,BU / ACRE,
31163,NE,SHERMAN,2013,CORN,ALL CLASSES,IRRIGATED,irrigated,GRAIN,193.4,BU / ACRE,
31163,NE,SHERMAN,2012,CORN,ALL CLASSES,IRRIGATED,irrigated,GRAIN,189.4,BU / ACRE,
31163,NE,SHERMAN,2011,CORN,ALL CLASSES,IRRIGATED,irrigated,GRAIN,167.4,BU / ACRE,
31163,NE,SHERMAN,2010,CORN,ALL CLASSES,IRRIGATED,irrigated,GRAIN,184.4,BU / ACRE,
31163,NE,SHERMAN,2009,CORN,ALL CLASSES,IRRIGATED,irrigated,GRAIN,195.1,BU / ACRE,
31163,NE,SHERMAN,2008,CORN,ALL CLASSES,IRRIGATED,irrigated,GRAIN,187.0,BU / ACRE,
31175,NE,VALLEY,2018,CORN,ALL CLASSES,IRRIGATED,irrigated,GRAIN,221.2,BU / ACRE,
31175,NE,VALLEY,2015,CORN,ALL CLASSES,IRRIGATED,irrigated,GRAIN,201.7,BU / ACRE,
31175,NE,VALLEY,2013,CORN,ALL CLASSES,IRRIGATED,irrigated,GRAIN,178.1,BU / ACRE,
31175,NE,VALLEY,2012,CORN,ALL CLASSES,IRRIGATED,irrigated,GRAIN,181.1,BU / ACRE,
31175,NE,VALLEY,2011,CORN,ALL CLASSES,IRRIGATED,irrigated,GRAIN,176.6,BU / ACRE,
31175,NE,VALLEY,2010,CORN,ALL CLASSES,IRRIGATED,irrigated,GRAIN,181.6,BU / ACRE,
31175,NE,VALLEY,2009,CORN,ALL CLASSES,IRRIGATED,irrigated,GRAIN,191.1,BU / ACRE,
31175,NE,VALLEY,2008,CORN,ALL CLASSES,IRRIGATED,irrigated,GRAIN,179.0,BU / ACRE,
31023,NE,BUTLER,2017,CORN,ALL CLASSES,IRRIGATED,irrigated,GRAIN,213.2,BU / ACRE,
31023,NE,BUTLER,2016,CORN,ALL CLASSES,IRRIGATED,irrigated,GRAIN,202.7,BU / ACRE,
31023,NE,BUTLER,2015,CORN,ALL CLASSES,IRRIGATED,irrigated,GRAIN,209.7,BU / ACRE,
31023,NE,BUTLER,2014,CORN,ALL CLASSES,IRRIGATED,irrigated,GRAIN,195.5,BU / ACRE,
31023,NE,BUTLER,2013,CORN,ALL CLASSES,IRRIGATED,irrigated,GRAIN,206.0,BU / ACRE,
31023,NE,BUTLER,2012,CORN,ALL CLASSES,IRRIGATED,irrigated,GRAIN,195.2,BU / ACRE,
31023,NE,BUTLER,2011,CORN,ALL CLASSES,IRRIGATED,irrigated,GRAIN,193.5,BU / ACRE,
31023,NE,BUTLER,2010,CORN,ALL CLASSES,IRRIGATED,irrigated,GRAIN,184.5,BU / ACRE,
31023,NE,BUTLER,2009,CORN,ALL CLASSES,IRRIGATED,irrigated,GRAIN,214.2,BU / ACRE,
31023,NE,BUTLER,2008,CORN,ALL CLASSES,IRRIGATED,irrigated,GRAIN,181.0,BU / ACRE,
31025,NE,CASS,2018,CORN,ALL CLASSES,IRRIGATED,irrigated,GRAIN,188.1,BU / ACRE,
31025,NE,CASS,2016,CORN,ALL CLASSES,IRRIGATED,irrigated,GRAIN,220.4,BU / ACRE,
31025,NE,CASS,2013,CORN,ALL CLASSES,IRRIGATED,irrigated,GRAIN,194.6,BU / ACRE,
31025,NE,CASS,2009,CORN,ALL CLASSES,IRRIGATED,irrigated,GRAIN,211.0,BU / ACRE,
31037,NE,COLFAX,2017,CORN,ALL CLASSES,IRRIGATED,irrigated,GRAIN,202.2,BU / ACRE,
31037,NE,COLFAX,2016,CORN,ALL CLASSES,IRRIGATED,irrigated,GRAIN,182.5,BU / ACRE,
31037,NE,COLFAX,2015,CORN,ALL CLASSES,IRRIGATED,irrigated,GRAIN,216.5,BU / ACRE,
31037,NE,COLFAX,2013,CORN,ALL CLASSES,IRRIGATED,irrigated,GRAIN,199.7,BU / ACRE,
31037,NE,COLFAX,2012,CORN,ALL CLASSES,IRRIGATED,irrigated,GRAIN,178.3,BU / ACRE,
31037,NE,COLFAX,2011,CORN,ALL CLASSES,IRRIGATED,irrigated,GRAIN,181.8,BU / ACRE,
31037,NE,COLFAX,2010,CORN,ALL CLASSES,IRRIGATED,irrigated,GRAIN,169.7,BU / ACRE,
31037,NE,COLFAX,2009,CORN,ALL CLASSES,IRRIGATED,irrigated,GRAIN,209.2,BU / ACRE,
31037,NE,COLFAX,2008,CORN,ALL CLASSES,IRRIGATED,irrigated,GRAIN,184.0,BU / ACRE,
31053,NE,DODGE,2018,CORN,ALL CLASSES,IRRIGATED,irrigated,GRAIN,202.0,BU / ACRE,
31053,NE,DODGE,2016,CORN,ALL CLASSES,IRRIGATED,irrigated,GRAIN,182.2,BU / ACRE,
31053,NE,DODGE,2014,CORN,ALL CLASSES,IRRIGATED,irrigated,GRAIN,194.3,BU / ACRE,
31053,NE,DODGE,2013,CORN,ALL CLASSES,IRRIGATED,irrigated,GRAIN,210.1,BU / ACRE,
31053,NE,DODGE,2012,CORN,ALL CLASSES,IRRIGATED,irrigated,GRAIN,196.0,BU / ACRE,
31053,NE,DODGE,2011,CORN,ALL CLASSES,IRRIGATED,irrigated,GRAIN,185.1,BU / ACRE,
31053,NE,DODGE,2010,CORN,ALL CLASSES,IRRIGATED,irrigated,GRAIN,161.5,BU / ACRE,
31053,NE,DODGE,2009,CORN,ALL CLASSES,IRRIGATED,irrigated,GRAIN,208.2,BU / ACRE,
31053,NE,DODGE,2008,CORN,ALL CLASSES,IRRIGATED,irrigated,GRAIN,176.0,BU / ACRE,
31055,NE,DOUGLAS,2017,CORN,ALL CLASSES,IRRIGATED,irrigated,GRAIN,199.9,BU / ACRE,
31055,NE,DOUGLAS,2016,CORN,ALL CLASSES,IRRIGATED,irrigated,GRAIN,182.9,BU / ACRE,
31055,NE,DOUGLAS,2014,CORN,ALL CLASSES,IRRIGATED,irrigated,GRAIN,202.3,BU / ACRE,
31055,NE,DOUGLAS,2013,CORN,ALL CLASSES,IRRIGATED,irrigated,GRAIN,215.7,BU / ACRE,
31055,NE,DOUGLAS,2012,CORN,ALL CLASSES,IRRIGATED,irrigated,GRAIN,186.3,BU / ACRE,
31055,NE,DOUGLAS,2011,CORN,ALL CLASSES,IRRIGATED,irrigated,GRAIN,188.1,BU / ACRE,
31055,NE,DOUGLAS,2010,CORN,ALL CLASSES,IRRIGATED,irrigated,GRAIN,144.0,BU / ACRE,
31055,NE,DOUGLAS,2009,CORN,ALL CLASSES,IRRIGATED,irrigated,GRAIN,209.2,BU / ACRE,
31081,NE,HAMILTON,2017,CORN,ALL CLASSES,IRRIGATED,irrigated,GRAIN,219.1,BU / ACRE,
31081,NE,HAMILTON,2015,CORN,ALL CLASSES,IRRIGATED,irrigated,GRAIN,217.0,BU / ACRE,
31081,NE,HAMILTON,2014,CORN,ALL CLASSES,IRRIGATED,irrigated,GRAIN,213.6,BU / ACRE,
31081,NE,HAMILTON,2013,CORN,ALL CLASSES,IRRIGATED,irrigated,GRAIN,208.4,BU / ACRE,
31081,NE,HAMILTON,2012,CORN,ALL CLASSES,IRRIGATED,irrigated,GRAIN,208.7,BU / ACRE,
31081,NE,HAMILTON,2011,CORN,ALL CLASSES,IRRIGATED,irrigated,GRAIN,203.0,BU / ACRE,
31081,NE,HAMILTON,2010,CORN,ALL CLASSES,IRRIGATED,irrigated,GRAIN,194.2,BU / ACRE,
31081,NE,HAMILTON,2009,CORN,ALL CLASSES,IRRIGATED,irrigated,GRAIN,212.2,BU / ACRE,
31081,NE,HAMILTON,2008,CORN,ALL CLASSES,IRRIGATED,irrigated,GRAIN,196.0,BU / ACRE,
31109,NE,LANCASTER,2016,CORN,ALL CLASSES,IRRIGATED,irrigated,GRAIN,201.0,BU / ACRE,
31109,NE,LANCASTER,2015,CORN,ALL CLASSES,IRRIGATED,irrigated,GRAIN,199.1,BU / ACRE,
31109,NE,LANCASTER,2014,CORN,ALL CLASSES,IRRIGATED,irrigated,GRAIN,191.4,BU / ACRE,
31109,NE,LANCASTER,2013,CORN,ALL CLASSES,IRRIGATED,irrigated,GRAIN,191.1,BU / ACRE,
31109,NE,LANCASTER,2012,CORN,ALL CLASSES,IRRIGATED,irrigated,GRAIN,179.2,BU / ACRE,
31109,NE,LANCASTER,2011,CORN,ALL CLASSES,IRRIGATED,irrigated,GRAIN,192.3,BU / ACRE,
31109,NE,LANCASTER,2010,CORN,ALL CLASSES,IRRIGATED,irrigated,GRAIN,177.3,BU / ACRE,
31109,NE,LANCASTER,2009,CORN,ALL CLASSES,IRRIGATED,irrigated,GRAIN,209.2,BU / ACRE,
31109,NE,LANCASTER,2008,CORN,ALL CLASSES,IRRIGATED,irrigated,GRAIN,170.0,BU / ACRE,
31121,NE,MERRICK,2015,CORN,ALL CLASSES,IRRIGATED,irrigated,GRAIN,196.2,BU / ACRE,
31121,NE,MERRICK,2012,CORN,ALL CLASSES,IRRIGATED,irrigated,GRAIN,163.8,BU / ACRE,
31121,NE,MERRICK,2011,CORN,ALL CLASSES,IRRIGATED,irrigated,GRAIN,161.2,BU / ACRE,
31121,NE,MERRICK,2010,CORN,ALL CLASSES,IRRIGATED,irrigated,GRAIN,172.7,BU / ACRE,
31121,NE,MERRICK,2009,CORN,ALL CLASSES,IRRIGATED,irrigated,GRAIN,192.1,BU / ACRE,
31121,NE,MERRICK,2008,CORN,ALL CLASSES,IRRIGATED,irrigated,GRAIN,157.0,BU / ACRE,
31125,NE,NANCE,2016,CORN,ALL CLASSES,IRRIGATED,irrigated,GRAIN,199.6,BU / ACRE,
31125,NE,NANCE,2015,CORN,ALL CLASSES,IRRIGATED,irrigated,GRAIN,209.6,BU / ACRE,
31125,NE,NANCE,2014,CORN,ALL CLASSES,IRRIGATED,irrigated,GRAIN,198.7,BU / ACRE,
31125,NE,NANCE,2011,CORN,ALL CLASSES,IRRIGATED,irrigated,GRAIN,179.7,BU / ACRE,
31125,NE,NANCE,2010,CORN,ALL CLASSES,IRRIGATED,irrigated,GRAIN,180.2,BU / ACRE,
31125,NE,NANCE,2009,CORN,ALL CLASSES,IRRIGATED,irrigated,GRAIN,202.1,BU / ACRE,
31125,NE,NANCE,2008,CORN,ALL CLASSES,IRRIGATED,irrigated,GRAIN,185.0,BU / ACRE,
31141,NE,PLATTE,2018,CORN,ALL CLASSES,IRRIGATED,irrigated,GRAIN,202.9,BU / ACRE,
31141,NE,PLATTE,2017,CORN,ALL CLASSES,IRRIGATED,irrigated,GRAIN,209.3,BU / ACRE,
31141,NE,PLATTE,2016,CORN,ALL CLASSES,IRRIGATED,irrigated,GRAIN,201.3,BU / ACRE,
31141,NE,PLATTE,2015,CORN,ALL CLASSES,IRRIGATED,irrigated,GRAIN,210.1,BU / ACRE,
31141,NE,PLATTE,2014,CORN,ALL CLASSES,IRRIGATED,irrigated,GRAIN,204.5,BU / ACRE,
31141,NE,PLATTE,2013,CORN,ALL CLASSES,IRRIGATED,irrigated,GRAIN,211.2,BU / ACRE,
31141,NE,PLATTE,2012,CORN,ALL CLASSES,IRRIGATED,irrigated,GRAIN,194.9,BU / ACRE,
31141,NE,PLATTE,2011,CORN,ALL CLASSES,IRRIGATED,irrigated,GRAIN,179.5,BU / ACRE,
31141,NE,PLATTE,2010,CORN,ALL CLASSES,IRRIGATED,irrigated,GRAIN,189.6,BU / ACRE,
31141,NE,PLATTE,2009,CORN,ALL CLASSES,IRRIGATED,irrigated,GRAIN,211.2,BU / ACRE,
31141,NE,PLATTE,2008,CORN,ALL CLASSES,IRRIGATED,irrigated,GRAIN,191.0,BU / ACRE,
31143,NE,POLK,2018,CORN,ALL CLASSES,IRRIGATED,irrigated,GRAIN,217.2,BU / ACRE,
31143,NE,POLK,2016,CORN,ALL CLASSES,IRRIGATED,irrigated,GRAIN,192.9,BU / ACRE,
31143,NE,POLK,2015,CORN,ALL CLASSES,IRRIGATED,irrigated,GRAIN,209.8,BU / ACRE,
31143,NE,POLK,2014,CORN,ALL CLASSES,IRRIGATED,irrigated,GRAIN,199.7,BU / ACRE,
31143,NE,POLK,2013,CORN,ALL CLASSES,IRRIGATED,irrigated,GRAIN,196.4,BU / ACRE,
31143,NE,POLK,2012,CORN,ALL CLASSES,IRRIGATED,irrigated,GRAIN,183.7,BU / ACRE,
31143,NE,POLK,2011,CORN,ALL CLASSES,IRRIGATED,irrigated,GRAIN,172.7,BU / ACRE,
31143,NE,POLK,2010,CORN,ALL CLASSES,IRRIGATED,irrigated,GRAIN,175.6,BU / ACRE,
31143,NE,POLK,2009,CORN,ALL CLASSES,IRRIGATED,irrigated,GRAIN,212.2,BU / ACRE,
31143,NE,POLK,2008,CORN,ALL CLASSES,IRRIGATED,irrigated,GRAIN,164.0,BU / ACRE,
31153,NE,SARPY,2017,CORN,ALL CLASSES,IRRIGATED,irrigated,GRAIN,213.0,BU / ACRE,
31153,NE,SARPY,2016,CORN,ALL CLASSES,IRRIGATED,irrigated,GRAIN,198.2,BU / ACRE,
31153,NE,SARPY,2014,CORN,ALL CLASSES,IRRIGATED,irrigated,GRAIN,214.3,BU / ACRE,
31153,NE,SARPY,2013,CORN,ALL CLASSES,IRRIGATED,irrigated,GRAIN,207.7,BU / ACRE,
31153,NE,SARPY,2012,CORN,ALL CLASSES,IRRIGATED,irrigated,GRAIN,182.7,BU / ACRE,
31153,NE,SARPY,2011,CORN,ALL CLASSES,IRRIGATED,irrigated,GRAIN,185.9,BU / ACRE,
31153,NE,SARPY,2009,CORN,ALL CLASSES,IRRIGATED,irrigated,GRAIN,208.3,BU / ACRE,
31153,NE,SARPY,2008,CORN,ALL CLASSES,IRRIGATED,irrigated,GRAIN,162.0,BU / ACRE,
31155,NE,SAUNDERS,2018,CORN,ALL CLASSES,IRRIGATED,irrigated,GRAIN,215.2,BU / ACRE,
31155,NE,SAUNDERS,2017,CORN,ALL CLASSES,IRRIGATED,irrigated,GRAIN,201.7,BU / ACRE,
31155,NE,SAUNDERS,2016,CORN,ALL CLASSES,IRRIGATED,irrigated,GRAIN,198.8,BU / ACRE,
31155,NE,SAUNDERS,2015,CORN,ALL CLASSES,IRRIGATED,irrigated,GRAIN,204.9,BU / ACRE,
31155,NE,SAUNDERS,2014,CORN,ALL CLASSES,IRRIGATED,irrigated,GRAIN,212.8,BU / ACRE,
31155,NE,SAUNDERS,2013,CORN,ALL CLASSES,IRRIGATED,irrigated,GRAIN,200.7,BU / ACRE,
31155,NE,SAUNDERS,2012,CORN,ALL CLASSES,IRRIGATED,irrigated,GRAIN,188.1,BU / ACRE,
31155,NE,SAUNDERS,2010,CORN,ALL CLASSES,IRRIGATED,irrigated,GRAIN,184.5,BU / ACRE,
31155,NE,SAUNDERS,2009,CORN,ALL CLASSES,IRRIGATED,irrigated,GRAIN,215.2,BU / ACRE,
31155,NE,SAUNDERS,2008,CORN,ALL CLASSES,IRRIGATED,irrigated,GRAIN,179.0,BU / ACRE,
31159,NE,SEWARD,2017,CORN,ALL CLASSES,IRRIGATED,irrigated,GRAIN,193.6,BU / ACRE,
31159,NE,SEWARD,2016,CORN,ALL CLASSES,IRRIGATED,irrigated,GRAIN,196.0,BU / ACRE,
31159,NE,SEWARD,2015,CORN,ALL CLASSES,IRRIGATED,irrigated,GRAIN,192.2,BU / ACRE,
31159,NE,SEWARD,2014,CORN,ALL CLASSES,IRRIGATED,irrigated,GRAIN,217.1,BU / ACRE,
31159,NE,SEWARD,2013,CORN,ALL CLASSES,IRRIGATED,irrigated,GRAIN,187.8,BU / ACRE,
31159,NE,SEWARD,2012,CORN,ALL CLASSES,IRRIGATED,irrigated,GRAIN,203.9,BU / ACRE,
31159,NE,SEWARD,2011,CORN,ALL CLASSES,IRRIGATED,irrigated,GRAIN,178.7,BU / ACRE,
31159,NE,SEWARD,2010,CORN,ALL CLASSES,IRRIGATED,irrigated,GRAIN,184.1,BU / ACRE,
31159,NE,SEWARD,2009,CORN,ALL CLASSES,IRRIGATED,irrigated,GRAIN,205.1,BU / ACRE,
31159,NE,SEWARD,2008,CORN,ALL CLASSES,IRRIGATED,irrigated,GRAIN,176.0,BU / ACRE,
31177,NE,WASHINGTON,2018,CORN,ALL CLASSES,IRRIGATED,irrigated,GRAIN,170.8,BU / ACRE,
31177,NE,WASHINGTON,2016,CORN,ALL CLASSES,IRRIGATED,irrigated,GRAIN,196.8,BU / ACRE,
31177,NE,WASHINGTON,2014,CORN,ALL CLASSES,IRRIGATED,irrigated,GRAIN,183.8,BU / ACRE,
31177,NE,WASHINGTON,2013,CORN,ALL CLASSES,IRRIGATED,irrigated,GRAIN,211.6,BU / ACRE,
31177,NE,WASHINGTON,2012,CORN,ALL CLASSES,IRRIGATED,irrigated,GRAIN,175.9,BU / ACRE,
31177,NE,WASHINGTON,2011,CORN,ALL CLASSES,IRRIGATED,irrigated,GRAIN,191.0,BU / ACRE,
31177,NE,WASHINGTON,2010,CORN,ALL CLASSES,IRRIGATED,irrigated,GRAIN,164.9,BU / ACRE,
31177,NE,WASHINGTON,2009,CORN,ALL CLASSES,IRRIGATED,irrigated,GRAIN,203.2,BU / ACRE,
31177,NE,WASHINGTON,2008,CORN,ALL CLASSES,IRRIGATED,irrigated,GRAIN,176.0,BU / ACRE,
31185,NE,YORK,2017,CORN,ALL CLASSES,IRRIGATED,irrigated,GRAIN,219.7,BU / ACRE,
31185,NE,YORK,2016,CORN,ALL CLASSES,IRRIGATED,irrigated,GRAIN,202.1,BU / ACRE,
31185,NE,YORK,2015,CORN,ALL CLASSES,IRRIGATED,irrigated,GRAIN,220.1,BU / ACRE,
31185,NE,YORK,2014,CORN,ALL CLASSES,IRRIGATED,irrigated,GRAIN,203.3,BU / ACRE,
31185,NE,YORK,2013,CORN,ALL CLASSES,IRRIGATED,irrigated,GRAIN,212.1,BU / ACRE,
31185,NE,YORK,2012,CORN,ALL CLASSES,IRRIGATED,irrigated,GRAIN,210.1,BU / ACRE,
31185,NE,YORK,2011,CORN,ALL CLASSES,IRRIGATED,irrigated,GRAIN,186.7,BU / ACRE,
31185,NE,YORK,2010,CORN,ALL CLASSES,IRRIGATED,irrigated,GRAIN,192.6,BU / ACRE,
31185,NE,YORK,2009,CORN,ALL CLASSES,IRRIGATED,irrigated,GRAIN,214.7,BU / ACRE,
31185,NE,YORK,2008,CORN,ALL CLASSES,IRRIGATED,irrigated,GRAIN,188.0,BU / ACRE,
31029,NE,CHASE,2018,CORN,ALL CLASSES,IRRIGATED,irrigated,GRAIN,224.7,BU / ACRE,
31029,NE,CHASE,2017,CORN,ALL CLASSES,IRRIGATED,irrigated,GRAIN,220.5,BU / ACRE,
31029,NE,CHASE,2016,CORN,ALL CLASSES,IRRIGATED,irrigated,GRAIN,194.8,BU / ACRE,
31029,NE,CHASE,2015,CORN,ALL CLASSES,IRRIGATED,irrigated,GRAIN,202.0,BU / ACRE,
31029,NE,CHASE,2014,CORN,ALL CLASSES,IRRIGATED,irrigated,GRAIN,208.0,BU / ACRE,
31029,NE,CHASE,2013,CORN,ALL CLASSES,IRRIGATED,irrigated,GRAIN,196.1,BU / ACRE,
31029,NE,CHASE,2012,CORN,ALL CLASSES,IRRIGATED,irrigated,GRAIN,197.8,BU / ACRE,
31029,NE,CHASE,2011,CORN,ALL CLASSES,IRRIGATED,irrigated,GRAIN,122.1,BU / ACRE,
31029,NE,CHASE,2010,CORN,ALL CLASSES,IRRIGATED,irrigated,GRAIN,196.1,BU / ACRE,
31029,NE,CHASE,2009,CORN,ALL CLASSES,IRRIGATED,irrigated,GRAIN,159.9,BU / ACRE,
31029,NE,CHASE,2008,CORN,ALL CLASSES,IRRIGATED,irrigated,GRAIN,193.0,BU / ACRE,
31057,NE,DUNDY,2018,CORN,ALL CLASSES,IRRIGATED,irrigated,GRAIN,226.3,BU / ACRE,
31057,NE,DUNDY,2017,CORN,ALL CLASSES,IRRIGATED,irrigated,GRAIN,202.6,BU / ACRE,
31057,NE,DUNDY,2016,CORN,ALL CLASSES,IRRIGATED,irrigated,GRAIN,182.8,BU / ACRE,
31057,NE,DUNDY,2015,CORN,ALL CLASSES,IRRIGATED,irrigated,GRAIN,187.6,BU / ACRE,
31057,NE,DUNDY,2014,CORN,ALL CLASSES,IRRIGATED,irrigated,GRAIN,201.7,BU / ACRE,
31057,NE,DUNDY,2013,CORN,ALL CLASSES,IRRIGATED,irrigated,GRAIN,177.8,BU / ACRE,
31057,NE,DUNDY,2012,CORN,ALL CLASSES,IRRIGATED,irrigated,GRAIN,161.4,BU / ACRE,
31057,NE,DUNDY,2011,CORN,ALL CLASSES,IRRIGATED,irrigated,GRAIN,144.5,BU / ACRE,
31057,NE,DUNDY,2010,CORN,ALL CLASSES,IRRIGATED,irrigated,GRAIN,194.7,BU / ACRE,
31057,NE,DUNDY,2009,CORN,ALL CLASSES,IRRIGATED,irrigated,GRAIN,158.9,BU / ACRE,
31057,NE,DUNDY,2008,CORN,ALL CLASSES,IRRIGATED,irrigated,GRAIN,190.0,BU / ACRE,
31063,NE,FRONTIER,2017,CORN,ALL CLASSES,IRRIGATED,irrigated,GRAIN,186.7,BU / ACRE,
31063,NE,FRONTIER,2016,CORN,ALL CLASSES,IRRIGATED,irrigated,GRAIN,201.3,BU / ACRE,
31063,NE,FRONTIER,2015,CORN,ALL CLASSES,IRRIGATED,irrigated,GRAIN,195.1,BU / ACRE,
31063,NE,FRONTIER,2014,CORN,ALL CLASSES,IRRIGATED,irrigated,GRAIN,206.6,BU / ACRE,
31063,NE,FRONTIER,2013,CORN,ALL CLASSES,IRRIGATED,irrigated,GRAIN,179.7,BU / ACRE,
31063,NE,FRONTIER,2012,CORN,ALL CLASSES,IRRIGATED,irrigated,GRAIN,173.7,BU / ACRE,
31063,NE,FRONTIER,2011,CORN,ALL CLASSES,IRRIGATED,irrigated,GRAIN,177.5,BU / ACRE,
31063,NE,FRONTIER,2010,CORN,ALL CLASSES,IRRIGATED,irrigated,GRAIN,192.6,BU / ACRE,
31063,NE,FRONTIER,2009,CORN,ALL CLASSES,IRRIGATED,irrigated,GRAIN,198.1,BU / ACRE,
31063,NE,FRONTIER,2008,CORN,ALL CLASSES,IRRIGATED,irrigated,GRAIN,172.0,BU / ACRE,
31085,NE,HAYES,2017,CORN,ALL CLASSES,IRRIGATED,irrigated,GRAIN,220.6,BU / ACRE,
31085,NE,HAYES,2015,CORN,ALL CLASSES,IRRIGATED,irrigated,GRAIN,200.2,BU / ACRE,
31085,NE,HAYES,2013,CORN,ALL CLASSES,IRRIGATED,irrigated,GRAIN,174.5,BU / ACRE,
31085,NE,HAYES,2012,CORN,ALL CLASSES,IRRIGATED,irrigated,GRAIN,181.2,BU / ACRE,
31085,NE,HAYES,2011,CORN,ALL CLASSES,IRRIGATED,irrigated,GRAIN,151.2,BU / ACRE,
31085,NE,HAYES,2010,CORN,ALL CLASSES,IRRIGATED,irrigated,GRAIN,194.8,BU / ACRE,
31085,NE,HAYES,2009,CORN,ALL CLASSES,IRRIGATED,irrigated,GRAIN,187.1,BU / ACRE,
31085,NE,HAYES,2008,CORN,ALL CLASSES,IRRIGATED,irrigated,GRAIN,199.0,BU / ACRE,
31087,NE,HITCHCOCK,2018,CORN,ALL CLASSES,IRRIGATED,irrigated,GRAIN,209.5,BU / ACRE,
31087,NE,HITCHCOCK,2016,CORN,ALL CLASSES,IRRIGATED,irrigated,GRAIN,188.7,BU / ACRE,
31087,NE,HITCHCOCK,2014,CORN,ALL CLASSES,IRRIGATED,irrigated,GRAIN,205.1,BU / ACRE,
31087,NE,HITCHCOCK,2013,CORN,ALL CLASSES,IRRIGATED,irrigated,GRAIN,155.6,BU / ACRE,
31087,NE,HITCHCOCK,2012,CORN,ALL CLASSES,IRRIGATED,irrigated,GRAIN,148.7,BU / ACRE,
31087,NE,HITCHCOCK,2011,CORN,ALL CLASSES,IRRIGATED,irrigated,GRAIN,161.9,BU / ACRE,
31087,NE,HITCHCOCK,2010,CORN,ALL CLASSES,IRRIGATED,irrigated,GRAIN,191.9,BU / ACRE,
31087,NE,HITCHCOCK,2009,CORN,ALL CLASSES,IRRIGATED,irrigated,GRAIN,203.1,BU / ACRE,
31087,NE,HITCHCOCK,2008,CORN,ALL CLASSES,IRRIGATED,irrigated,GRAIN,185.0,BU / ACRE,
31101,NE,KEITH,2018,CORN,ALL CLASSES,IRRIGATED,irrigated,GRAIN,218.3,BU / ACRE,
31101,NE,KEITH,2017,CORN,ALL CLASSES,IRRIGATED,irrigated,GRAIN,217.0,BU / ACRE,
31101,NE,KEITH,2015,CORN,ALL CLASSES,IRRIGATED,irrigated,GRAIN,191.5,BU / ACRE,
31101,NE,KEITH,2014,CORN,ALL CLASSES,IRRIGATED,irrigated,GRAIN,215.4,BU / ACRE,
31101,NE,KEITH,2013,CORN,ALL CLASSES,IRRIGATED,irrigated,GRAIN,192.6,BU / ACRE,
31101,NE,KEITH,2012,CORN,ALL CLASSES,IRRIGATED,irrigated,GRAIN,174.6,BU / ACRE,
31101,NE,KEITH,2011,CORN,ALL CLASSES,IRRIGATED,irrigated,GRAIN,169.5,BU / ACRE,
31101,NE,KEITH,2010,CORN,ALL CLASSES,IRRIGATED,irrigated,GRAIN,180.5,BU / ACRE,
31101,NE,KEITH,2009,CORN,ALL CLASSES,IRRIGATED,irrigated,GRAIN,187.0,BU / ACRE,
31101,NE,KEITH,2008,CORN,ALL CLASSES,IRRIGATED,irrigated,GRAIN,188.0,BU / ACRE,
31111,NE,LINCOLN,2018,CORN,ALL CLASSES,IRRIGATED,irrigated,GRAIN,202.4,BU / ACRE,
31111,NE,LINCOLN,2017,CORN,ALL CLASSES,IRRIGATED,irrigated,GRAIN,196.1,BU / ACRE,
31111,NE,LINCOLN,2016,CORN,ALL CLASSES,IRRIGATED,irrigated,GRAIN,187.6,BU / ACRE,
31111,NE,LINCOLN,2015,CORN,ALL CLASSES,IRRIGATED,irrigated,GRAIN,205.7,BU / ACRE,
31111,NE,LINCOLN,2014,CORN,ALL CLASSES,IRRIGATED,irrigated,GRAIN,201.5,BU / ACRE,
31111,NE,LINCOLN,2013,CORN,ALL CLASSES,IRRIGATED,irrigated,GRAIN,182.9,BU / ACRE,
31111,NE,LINCOLN,2012,CORN,ALL CLASSES,IRRIGATED,irrigated,GRAIN,198.3,BU / ACRE,
31111,NE,LINCOLN,2011,CORN,ALL CLASSES,IRRIGATED,irrigated,GRAIN,175.2,BU / ACRE,
31111,NE,LINCOLN,2010,CORN,ALL CLASSES,IRRIGATED,irrigated,GRAIN,187.5,BU / ACRE,
31111,NE,LINCOLN,2009,CORN,ALL CLASSES,IRRIGATED,irrigated,GRAIN,188.6,BU / ACRE,
31111,NE,LINCOLN,2008,CORN,ALL CLASSES,IRRIGATED,irrigated,GRAIN,181.0,BU / ACRE,
31135,NE,PERKINS,2017,CORN,ALL CLASSES,IRRIGATED,irrigated,GRAIN,221.2,BU / ACRE,
31135,NE,PERKINS,2016,CORN,ALL CLASSES,IRRIGATED,irrigated,GRAIN,211.7,BU / ACRE,
31135,NE,PERKINS,2015,CORN,ALL CLASSES,IRRIGATED,irrigated,GRAIN,209.2,BU / ACRE,
31135,NE,PERKINS,2014,CORN,ALL CLASSES,IRRIGATED,irrigated,GRAIN,209.9,BU / ACRE,
31135,NE,PERKINS,2013,CORN,ALL CLASSES,IRRIGATED,irrigated,GRAIN,194.4,BU / ACRE,
31135,NE,PERKINS,2012,CORN,ALL CLASSES,IRRIGATED,irrigated,GRAIN,185.2,BU / ACRE,
31135,NE,PERKINS,2011,CORN,ALL CLASSES,IRRIGATED,irrigated,GRAIN,163.7,BU / ACRE,
31135,NE,PERKINS,2010,CORN,ALL CLASSES,IRRIGATED,irrigated,GRAIN,179.7,BU / ACRE,
31135,NE,PERKINS,2009,CORN,ALL CLASSES,IRRIGATED,irrigated,GRAIN,177.0,BU / ACRE,
31135,NE,PERKINS,2008,CORN,ALL CLASSES,IRRIGATED,irrigated,GRAIN,193.0,BU / ACRE,
31145,NE,RED WILLOW,2016,CORN,ALL CLASSES,IRRIGATED,irrigated,GRAIN,197.6,BU / ACRE,
31145,NE,RED WILLOW,2013,CORN,ALL CLASSES,IRRIGATED,irrigated,GRAIN,167.6,BU / ACRE,
31145,NE,RED WILLOW,2012,CORN,ALL CLASSES,IRRIGATED,irrigated,GRAIN,180.0,BU / ACRE,
31145,NE,RED WILLOW,2011,CORN,ALL CLASSES,IRRIGATED,irrigated,GRAIN,169.3,BU / ACRE,
31145,NE,RED WILLOW,2010,CORN,ALL CLASSES,IRRIGATED,irrigated,GRAIN,203.5,BU / ACRE,
31145,NE,RED WILLOW,2009,CORN,ALL CLASSES,IRRIGATED,irrigated,GRAIN,215.2,BU / ACRE,
31145,NE,RED WILLOW,2008,CORN,ALL CLASSES,IRRIGATED,irrigated,GRAIN,187.0,BU / ACRE,
31001,NE,ADAMS,2018,CORN,ALL CLASSES,IRRIGATED,irrigated,GRAIN,224.7,BU / ACRE,
31001,NE,ADAMS,2017,CORN,ALL CLASSES,IRRIGATED,irrigated,GRAIN,207.2,BU / ACRE,
31001,NE,ADAMS,2016,CORN,ALL CLASSES,IRRIGATED,irrigated,GRAIN,195.3,BU / ACRE,
31001,NE,ADAMS,2015,CORN,ALL CLASSES,IRRIGATED,irrigated,GRAIN,220.5,BU / ACRE,
31001,NE,ADAMS,2014,CORN,ALL CLASSES,IRRIGATED,irrigated,GRAIN,192.9,BU / ACRE,
31001,NE,ADAMS,2013,CORN,ALL CLASSES,IRRIGATED,irrigated,GRAIN,197.8,BU / ACRE,
31001,NE,ADAMS,2012,CORN,ALL CLASSES,IRRIGATED,irrigated,GRAIN,206.5,BU / ACRE,
31001,NE,ADAMS,2011,CORN,ALL CLASSES,IRRIGATED,irrigated,GRAIN,205.0,BU / ACRE,
31001,NE,ADAMS,2010,CORN,ALL CLASSES,IRRIGATED,irrigated,GRAIN,194.4,BU / ACRE,
31001,NE,ADAMS,2009,CORN,ALL CLASSES,IRRIGATED,irrigated,GRAIN,204.1,BU / ACRE,
31001,NE,ADAMS,2008,CORN,ALL CLASSES,IRRIGATED,irrigated,GRAIN,190.0,BU / ACRE,
31061,NE,FRANKLIN,2018,CORN,ALL CLASSES,IRRIGATED,irrigated,GRAIN,232.5,BU / ACRE,
31061,NE,FRANKLIN,2016,CORN,ALL CLASSES,IRRIGATED,irrigated,GRAIN,206.6,BU / ACRE,
31061,NE,FRANKLIN,2015,CORN,ALL CLASSES,IRRIGATED,irrigated,GRAIN,220.7,BU / ACRE,
31061,NE,FRANKLIN,2014,CORN,ALL CLASSES,IRRIGATED,irrigated,GRAIN,211.5,BU / ACRE,
31061,NE,FRANKLIN,2013,CORN,ALL CLASSES,IRRIGATED,irrigated,GRAIN,185.2,BU / ACRE,
31061,NE,FRANKLIN,2012,CORN,ALL CLASSES,IRRIGATED,irrigated,GRAIN,201.9,BU / ACRE,
31061,NE,FRANKLIN,2011,CORN,ALL CLASSES,IRRIGATED,irrigated,GRAIN,189.8,BU / ACRE,
31061,NE,FRANKLIN,2010,CORN,ALL CLASSES,IRRIGATED,irrigated,GRAIN,199.6,BU / ACRE,
31061,NE,FRANKLIN,2009,CORN,ALL CLASSES,IRRIGATED,irrigated,GRAIN,211.2,BU / ACRE,
31061,NE,FRANKLIN,2008,CORN,ALL CLASSES,IRRIGATED,irrigated,GRAIN,194.0,BU / ACRE,
31065,NE,FURNAS,2018,CORN,ALL CLASSES,IRRIGATED,irrigated,GRAIN,205.8,BU / ACRE,
31065,NE,FURNAS,2017,CORN,ALL CLASSES,IRRIGATED,irrigated,GRAIN,209.4,BU / ACRE,
31065,NE,FURNAS,2016,CORN,ALL CLASSES,IRRIGATED,irrigated,GRAIN,190.7,BU / ACRE,
31065,NE,FURNAS,2014,CORN,ALL CLASSES,IRRIGATED,irrigated,GRAIN,188.3,BU / ACRE,
31065,NE,FURNAS,2013,CORN,ALL CLASSES,IRRIGATED,irrigated,GRAIN,153.1,BU / ACRE,
31065,NE,FURNAS,2012,CORN,ALL CLASSES,IRRIGATED,irrigated,GRAIN,177.1,BU / ACRE,
31065,NE,FURNAS,2011,CORN,ALL CLASSES,IRRIGATED,irrigated,GRAIN,190.8,BU / ACRE,
31065,NE,FURNAS,2010,CORN,ALL CLASSES,IRRIGATED,irrigated,GRAIN,197.2,BU / ACRE,
31065,NE,FURNAS,2009,CORN,ALL CLASSES,IRRIGATED,irrigated,GRAIN,219.2,BU / ACRE,
31065,NE,FURNAS,2008,CORN,ALL CLASSES,IRRIGATED,irrigated,GRAIN,187.0,BU / ACRE,
31073,NE,GOSPER,2016,CORN,ALL CLASSES,IRRIGATED,irrigated,GRAIN,205.7,BU / ACRE,
31073,NE,GOSPER,2013,CORN,ALL CLASSES,IRRIGATED,irrigated,GRAIN,200.0,BU / ACRE,
31073,NE,GOSPER,2012,CORN,ALL CLASSES,IRRIGATED,irrigated,GRAIN,197.9,BU / ACRE,
31073,NE,GOSPER,2011,CORN,ALL CLASSES,IRRIGATED,irrigated,GRAIN,198.5,BU / ACRE,
31073,NE,GOSPER,2010,CORN,ALL CLASSES,IRRIGATED,irrigated,GRAIN,203.5,BU / ACRE,
31073,NE,GOSPER,2009,CORN,ALL CLASSES,IRRIGATED,irrigated,GRAIN,214.2,BU / ACRE,
31073,NE,GOSPER,2008,CORN,ALL CLASSES,IRRIGATED,irrigated,GRAIN,186.0,BU / ACRE,
31083,NE,HARLAN,2016,CORN,ALL CLASSES,IRRIGATED,irrigated,GRAIN,204.6,BU / ACRE,
31083,NE,HARLAN,2015,CORN,ALL CLASSES,IRRIGATED,irrigated,GRAIN,218.5,BU / ACRE,
31083,NE,HARLAN,2014,CORN,ALL CLASSES,IRRIGATED,irrigated,GRAIN,207.4,BU / ACRE,
31083,NE,HARLAN,2013,CORN,ALL CLASSES,IRRIGATED,irrigated,GRAIN,183.6,BU / ACRE,
31083,NE,HARLAN,2012,CORN,ALL CLASSES,IRRIGATED,irrigated,GRAIN,208.0,BU / ACRE,
31083,NE,HARLAN,2011,CORN,ALL CLASSES,IRRIGATED,irrigated,GRAIN,203.4,BU / ACRE,
31083,NE,HARLAN,2010,CORN,ALL CLASSES,IRRIGATED,irrigated,GRAIN,202.8,BU / ACRE,
31083,NE,HARLAN,2009,CORN,ALL CLASSES,IRRIGATED,irrigated,GRAIN,208.2,BU / ACRE,
31083,NE,HARLAN,2008,CORN,ALL CLASSES,IRRIGATED,irrigated,GRAIN,194.0,BU / ACRE,
31099,NE,KEARNEY,2017,CORN,ALL CLASSES,IRRIGATED,irrigated,GRAIN,227.6,BU / ACRE,
31099,NE,KEARNEY,2016,CORN,ALL CLASSES,IRRIGATED,irrigated,GRAIN,212.0,BU / ACRE,
31099,NE,KEARNEY,2015,CORN,ALL CLASSES,IRRIGATED,irrigated,GRAIN,226.0,BU / ACRE,
31099,NE,KEARNEY,2014,CORN,ALL CLASSES,IRRIGATED,irrigated,GRAIN,217.0,BU / ACRE,
31099,NE,KEARNEY,2013,CORN,ALL CLASSES,IRRIGATED,irrigated,GRAIN,206.9,BU / ACRE,
31099,NE,KEARNEY,2012,CORN,ALL CLASSES,IRRIGATED,irrigated,GRAIN,217.0,BU / ACRE,
31099,NE,KEARNEY,2011,CORN,ALL CLASSES,IRRIGATED,irrigated,GRAIN,193.7,BU / ACRE,
31099,NE,KEARNEY,2010,CORN,ALL CLASSES,IRRIGATED,irrigated,GRAIN,197.9,BU / ACRE,
31099,NE,KEARNEY,2009,CORN,ALL CLASSES,IRRIGATED,irrigated,GRAIN,212.2,BU / ACRE,
31099,NE,KEARNEY,2008,CORN,ALL CLASSES,IRRIGATED,irrigated,GRAIN,189.0,BU / ACRE,
31137,NE,PHELPS,2017,CORN,ALL CLASSES,IRRIGATED,irrigated,GRAIN,227.2,BU / ACRE,
31137,NE,PHELPS,2016,CORN,ALL CLASSES,IRRIGATED,irrigated,GRAIN,211.5,BU / ACRE,
31137,NE,PHELPS,2015,CORN,ALL CLASSES,IRRIGATED,irrigated,GRAIN,231.7,BU / ACRE,
31137,NE,PHELPS,2013,CORN,ALL CLASSES,IRRIGATED,irrigated,GRAIN,209.2,BU / ACRE,
31137,NE,PHELPS,2012,CORN,ALL CLASSES,IRRIGATED,irrigated,GRAIN,216.3,BU / ACRE,
31137,NE,PHELPS,2011,CORN,ALL CLASSES,IRRIGATED,irrigated,GRAIN,187.4,BU / ACRE,
31137,NE,PHELPS,2010,CORN,ALL CLASSES,IRRIGATED,irrigated,GRAIN,207.3,BU / ACRE,
31137,NE,PHELPS,2009,CORN,ALL CLASSES,IRRIGATED,irrigated,GRAIN,217.2,BU / ACRE,
31137,NE,PHELPS,2008,CORN,ALL CLASSES,IRRIGATED,irrigated,GRAIN,204.0,BU / ACRE,
31181,NE,WEBSTER,2018,CORN,ALL CLASSES,IRRIGATED,irrigated,GRAIN,221.0,BU / ACRE,
31181,NE,WEBSTER,2016,CORN,ALL CLASSES,IRRIGATED,irrigated,GRAIN,209.4,BU / ACRE,
31181,NE,WEBSTER,2015,CORN,ALL CLASSES,IRRIGATED,irrigated,GRAIN,208.8,BU / ACRE,
31181,NE,WEBSTER,2014,CORN,ALL CLASSES,IRRIGATED,irrigated,GRAIN,197.2,BU / ACRE,
31181,NE,WEBSTER,2013,CORN,ALL CLASSES,IRRIGATED,irrigated,GRAIN,198.1,BU / ACRE,
31181,NE,WEBSTER,2012,CORN,ALL CLASSES,IRRIGATED,irrigated,GRAIN,194.2,BU / ACRE,
31181,NE,WEBSTER,2011,CORN,ALL CLASSES,IRRIGATED,irrigated,GRAIN,197.8,BU / ACRE,
31181,NE,WEBSTER,2010,CORN,ALL CLASSES,IRRIGATED,irrigated,GRAIN,191.7,BU / ACRE,
31181,NE,WEBSTER,2009,CORN,ALL CLASSES,IRRIGATED,irrigated,GRAIN,203.1,BU / ACRE,
31181,NE,WEBSTER,2008,CORN,ALL CLASSES,IRRIGATED,irrigated,GRAIN,188.0,BU / ACRE,
31035,NE,CLAY,2018,CORN,ALL CLASSES,IRRIGATED,irrigated,GRAIN,217.3,BU / ACRE,
31035,NE,CLAY,2017,CORN,ALL CLASSES,IRRIGATED,irrigated,GRAIN,201.5,BU / ACRE,
31035,NE,CLAY,2016,CORN,ALL CLASSES,IRRIGATED,irrigated,GRAIN,184.8,BU / ACRE,
31035,NE,CLAY,2015,CORN,ALL CLASSES,IRRIGATED,irrigated,GRAIN,213.9,BU / ACRE,
31035,NE,CLAY,2014,CORN,ALL CLASSES,IRRIGATED,irrigated,GRAIN,214.4,BU / ACRE,
31035,NE,CLAY,2013,CORN,ALL CLASSES,IRRIGATED,irrigated,GRAIN,165.0,BU / ACRE,
31035,NE,CLAY,2012,CORN,ALL CLASSES,IRRIGATED,irrigated,GRAIN,186.1,BU / ACRE,
31035,NE,CLAY,2011,CORN,ALL CLASSES,IRRIGATED,irrigated,GRAIN,195.7,BU / ACRE,
31035,NE,CLAY,2010,CORN,ALL CLASSES,IRRIGATED,irrigated,GRAIN,186.6,BU / ACRE,
31035,NE,CLAY,2009,CORN,ALL CLASSES,IRRIGATED,irrigated,GRAIN,201.8,BU / ACRE,
31035,NE,CLAY,2008,CORN,ALL CLASSES,IRRIGATED,irrigated,GRAIN,199.0,BU / ACRE,
31059,NE,FILLMORE,2017,CORN,ALL CLASSES,IRRIGATED,irrigated,GRAIN,215.6,BU / ACRE,
31059,NE,FILLMORE,2016,CORN,ALL CLASSES,IRRIGATED,irrigated,GRAIN,208.2,BU / ACRE,
31059,NE,FILLMORE,2015,CORN,ALL CLASSES,IRRIGATED,irrigated,GRAIN,212.6,BU / ACRE,
31059,NE,FILLMORE,2014,CORN,ALL CLASSES,IRRIGATED,irrigated,GRAIN,208.5,BU / ACRE,
31059,NE,FILLMORE,2013,CORN,ALL CLASSES,IRRIGATED,irrigated,GRAIN,210.5,BU / ACRE,
31059,NE,FILLMORE,2012,CORN,ALL CLASSES,IRRIGATED,irrigated,GRAIN,209.9,BU / ACRE,
31059,NE,FILLMORE,2011,CORN,ALL CLASSES,IRRIGATED,irrigated,GRAIN,198.7,BU / ACRE,
31059,NE,FILLMORE,2010,CORN,ALL CLASSES,IRRIGATED,irrigated,GRAIN,197.6,BU / ACRE,
31059,NE,FILLMORE,2009,CORN,ALL CLASSES,IRRIGATED,irrigated,GRAIN,211.2,BU / ACRE,
31059,NE,FILLMORE,2008,CORN,ALL CLASSES,IRRIGATED,irrigated,GRAIN,191.0,BU / ACRE,
31067,NE,GAGE,2016,CORN,ALL CLASSES,IRRIGATED,irrigated,GRAIN,178.4,BU / ACRE,
31067,NE,GAGE,2015,CORN,ALL CLASSES,IRRIGATED,irrigated,GRAIN,184.6,BU / ACRE,
31067,NE,GAGE,2014,CORN,ALL CLASSES,IRRIGATED,irrigated,GRAIN,204.4,BU / ACRE,
31067,NE,GAGE,2013,CORN,ALL CLASSES,IRRIGATED,irrigated,GRAIN,200.6,BU / ACRE,
31067,NE,GAGE,2012,CORN,ALL CLASSES,IRRIGATED,irrigated,GRAIN,184.5,BU / ACRE,
31067,NE,GAGE,2011,CORN,ALL CLASSES,IRRIGATED,irrigated,GRAIN,179.4,BU / ACRE,
31067,NE,GAGE,2010,CORN,ALL CLASSES,IRRIGATED,irrigated,GRAIN,170.4,BU / ACRE,
31067,NE,GAGE,2009,CORN,ALL CLASSES,IRRIGATED,irrigated,GRAIN,181.0,BU / ACRE,
31067,NE,GAGE,2008,CORN,ALL CLASSES,IRRIGATED,irrigated,GRAIN,172.0,BU / ACRE,
31095,NE,JEFFERSON,2015,CORN,ALL CLASSES,IRRIGATED,irrigated,GRAIN,194.1,BU / ACRE,
31095,NE,JEFFERSON,2014,CORN,ALL CLASSES,IRRIGATED,irrigated,GRAIN,216.6,BU / ACRE,
31095,NE,JEFFERSON,2013,CORN,ALL CLASSES,IRRIGATED,irrigated,GRAIN,197.3,BU / ACRE,
31095,NE,JEFFERSON,2012,CORN,ALL CLASSES,IRRIGATED,irrigated,GRAIN,194.9,BU / ACRE,
31095,NE,JEFFERSON,2011,CORN,ALL CLASSES,IRRIGATED,irrigated,GRAIN,185.8,BU / ACRE,
31095,NE,JEFFERSON,2010,CORN,ALL CLASSES,IRRIGATED,irrigated,GRAIN,185.8,BU / ACRE,
31095,NE,JEFFERSON,2009,CORN,ALL CLASSES,IRRIGATED,irrigated,GRAIN,204.2,BU / ACRE,
31095,NE,JEFFERSON,2008,CORN,ALL CLASSES,IRRIGATED,irrigated,GRAIN,182.0,BU / ACRE,
31097,NE,JOHNSON,2015,CORN,ALL CLASSES,IRRIGATED,irrigated,GRAIN,188.6,BU / ACRE,
31097,NE,JOHNSON,2014,CORN,ALL CLASSES,IRRIGATED,irrigated,GRAIN,201.1,BU / ACRE,
31097,NE,JOHNSON,2013,CORN,ALL CLASSES,IRRIGATED,irrigated,GRAIN,198.2,BU / ACRE,
31097,NE,JOHNSON,2012,CORN,ALL CLASSES,IRRIGATED,irrigated,GRAIN,184.8,BU / ACRE,
31097,NE,JOHNSON,2011,CORN,ALL CLASSES,IRRIGATED,irrigated,GRAIN,177.7,BU / ACRE,
31097,NE,JOHNSON,2010,CORN,ALL CLASSES,IRRIGATED,irrigated,GRAIN,177.8,BU / ACRE,
31097,NE,JOHNSON,2009,CORN,ALL CLASSES,IRRIGATED,irrigated,GRAIN,199.1,BU / ACRE,
31097,NE,JOHNSON,2008,CORN,ALL CLASSES,IRRIGATED,irrigated,GRAIN,180.0,BU / ACRE,
31127,NE,NEMAHA,2017,CORN,ALL CLASSES,IRRIGATED,irrigated,GRAIN,198.8,BU / ACRE,
31127,NE,NEMAHA,2016,CORN,ALL CLASSES,IRRIGATED,irrigated,GRAIN,193.2,BU / ACRE,
31127,NE,NEMAHA,2014,CORN,ALL CLASSES,IRRIGATED,irrigated,GRAIN,234.2,BU / ACRE,
31127,NE,NEMAHA,2013,CORN,ALL CLASSES,IRRIGATED,irrigated,GRAIN,226.7,BU / ACRE,
31127,NE,NEMAHA,2012,CORN,ALL CLASSES,IRRIGATED,irrigated,GRAIN,224.1,BU / ACRE,
31127,NE,NEMAHA,2011,CORN,ALL CLASSES,IRRIGATED,irrigated,GRAIN,200.0,BU / ACRE,
31127,NE,NEMAHA,2010,CORN,ALL CLASSES,IRRIGATED,irrigated,GRAIN,173.7,BU / ACRE,
31127,NE,NEMAHA,2009,CORN,ALL CLASSES,IRRIGATED,irrigated,GRAIN,213.2,BU / ACRE,
31127,NE,NEMAHA,2008,CORN,ALL CLASSES,IRRIGATED,irrigated,GRAIN,192.0,BU / ACRE,
31129,NE,NUCKOLLS,2017,CORN,ALL CLASSES,IRRIGATED,irrigated,GRAIN,218.5,BU / ACRE,
31129,NE,NUCKOLLS,2016,CORN,ALL CLASSES,IRRIGATED,irrigated,GRAIN,217.0,BU / ACRE,
31129,NE,NUCKOLLS,2015,CORN,ALL CLASSES,IRRIGATED,irrigated,GRAIN,206.9,BU / ACRE,
31129,NE,NUCKOLLS,2014,CORN,ALL CLASSES,IRRIGATED,irrigated,GRAIN,217.7,BU / ACRE,
31129,NE,NUCKOLLS,2013,CORN,ALL CLASSES,IRRIGATED,irrigated,GRAIN,197.3,BU / ACRE,
31129,NE,NUCKOLLS,2012,CORN,ALL CLASSES,IRRIGATED,irrigated,GRAIN,212.2,BU / ACRE,
31129,NE,NUCKOLLS,2011,CORN,ALL CLASSES,IRRIGATED,irrigated,GRAIN,194.1,BU / ACRE,
31129,NE,NUCKOLLS,2010,CORN,ALL CLASSES,IRRIGATED,irrigated,GRAIN,189.2,BU / ACRE,
31129,NE,NUCKOLLS,2009,CORN,ALL CLASSES,IRRIGATED,irrigated,GRAIN,208.2,BU / ACRE,
31129,NE,NUCKOLLS,2008,CORN,ALL CLASSES,IRRIGATED,irrigated,GRAIN,194.0,BU / ACRE,
31131,NE,OTOE,2018,CORN,ALL CLASSES,IRRIGATED,irrigated,GRAIN,188.7,BU / ACRE,
31131,NE,OTOE,2016,CORN,ALL CLASSES,IRRIGATED,irrigated,GRAIN,178.9,BU / ACRE,
31131,NE,OTOE,2012,CORN,ALL CLASSES,IRRIGATED,irrigated,GRAIN,179.0,BU / ACRE,
31131,NE,OTOE,2011,CORN,ALL CLASSES,IRRIGATED,irrigated,GRAIN,175.7,BU / ACRE,
31131,NE,OTOE,2010,CORN,ALL CLASSES,IRRIGATED,irrigated,GRAIN,166.0,BU / ACRE,
31131,NE,OTOE,2009,CORN,ALL CLASSES,IRRIGATED,irrigated,GRAIN,211.2,BU / ACRE,
31131,NE,OTOE,2008,CORN,ALL CLASSES,IRRIGATED,irrigated,GRAIN,163.0,BU / ACRE,
31133,NE,PAWNEE,2015,CORN,ALL CLASSES,IRRIGATED,irrigated,GRAIN,184.6,BU / ACRE,
31133,NE,PAWNEE,2014,CORN,ALL CLASSES,IRRIGATED,irrigated,GRAIN,212.3,BU / ACRE,
31133,NE,PAWNEE,2012,CORN,ALL CLASSES,IRRIGATED,irrigated,GRAIN,171.0,BU / ACRE,
31133,NE,PAWNEE,2011,CORN,ALL CLASSES,IRRIGATED,irrigated,GRAIN,175.0,BU / ACRE,
31133,NE,PAWNEE,2009,CORN,ALL CLASSES,IRRIGATED,irrigated,GRAIN,198.0,BU / ACRE,
31133,NE,PAWNEE,2008,CORN,ALL CLASSES,IRRIGATED,irrigated,GRAIN,164.0,BU / ACRE,
31147,NE,RICHARDSON,2016,CORN,ALL CLASSES,IRRIGATED,irrigated,GRAIN,198.8,BU / ACRE,
31147,NE,RICHARDSON,2015,CORN,ALL CLASSES,IRRIGATED,irrigated,GRAIN,189.0,BU / ACRE,
31147,NE,RICHARDSON,2013,CORN,ALL CLASSES,IRRIGATED,irrigated,GRAIN,204.2,BU / ACRE,
31147,NE,RICHARDSON,2012,CORN,ALL CLASSES,IRRIGATED,irrigated,GRAIN,164.7,BU / ACRE,
31147,NE,RICHARDSON,2011,CORN,ALL CLASSES,IRRIGATED,irrigated,GRAIN,186.8,BU / ACRE,
31147,NE,RICHARDSON,2009,CORN,ALL CLASSES,IRRIGATED,irrigated,GRAIN,220.3,BU / ACRE,
31147,NE,RICHARDSON,2008,CORN,ALL CLASSES,IRRIGATED,irrigated,GRAIN,156.0,BU / ACRE,
31151,NE,SALINE,2018,CORN,ALL CLASSES,IRRIGATED,irrigated,GRAIN,220.8,BU / ACRE,
31151,NE,SALINE,2017,CORN,ALL CLASSES,IRRIGATED,irrigated,GRAIN,202.9,BU / ACRE,
31151,NE,SALINE,2016,CORN,ALL CLASSES,IRRIGATED,irrigated,GRAIN,207.1,BU / ACRE,
31151,NE,SALINE,2013,CORN,ALL CLASSES,IRRIGATED,irrigated,GRAIN,204.1,BU / ACRE,
31151,NE,SALINE,2012,CORN,ALL CLASSES,IRRIGATED,irrigated,GRAIN,201.9,BU / ACRE,
31151,NE,SALINE,2011,CORN,ALL CLASSES,IRRIGATED,irrigated,GRAIN,191.0,BU / ACRE,
31151,NE,SALINE,2010,CORN,ALL CLASSES,IRRIGATED,irrigated,GRAIN,188.0,BU / ACRE,
31151,NE,SALINE,2009,CORN,ALL CLASSES,IRRIGATED,irrigated,GRAIN,203.1,BU / ACRE,
31151,NE,SALINE,2008,CORN,ALL CLASSES,IRRIGATED,irrigated,GRAIN,190.0,BU / ACRE,
31169,NE,THAYER,2018,CORN,ALL CLASSES,IRRIGATED,irrigated,GRAIN,224.6,BU / ACRE,
31169,NE,THAYER,2015,CORN,ALL CLASSES,IRRIGATED,irrigated,GRAIN,209.3,BU / ACRE,
31169,NE,THAYER,2014,CORN,ALL CLASSES,IRRIGATED,irrigated,GRAIN,219.6,BU / ACRE,
31169,NE,THAYER,2013,CORN,ALL CLASSES,IRRIGATED,irrigated,GRAIN,205.7,BU / ACRE,
31169,NE,THAYER,2012,CORN,ALL CLASSES,IRRIGATED,irrigated,GRAIN,210.7,BU / ACRE,
31169,NE,THAYER,2011,CORN,ALL CLASSES,IRRIGATED,irrigated,GRAIN,192.6,BU / ACRE,
31169,NE,THAYER,2010,CORN,ALL CLASSES,IRRIGATED,irrigated,GRAIN,189.0,BU / ACRE,
31169,NE,THAYER,2009,CORN,ALL CLASSES,IRRIGATED,irrigated,GRAIN,208.2,BU / ACRE,
31169,NE,THAYER,2008,CORN,ALL CLASSES,IRRIGATED,irrigated,GRAIN,196.0,BU / ACRE,
31007,NE,BANNER,2014,CORN,ALL CLASSES,NON-IRRIGATED,non_irrigated,GRAIN,60.9,BU / ACRE,
31007,NE,BANNER,2012,CORN,ALL CLASSES,NON-IRRIGATED,non_irrigated,GRAIN,14.1,BU / ACRE,
31007,NE,BANNER,2010,CORN,ALL CLASSES,NON-IRRIGATED,non_irrigated,GRAIN,59.3,BU / ACRE,
31007,NE,BANNER,2008,CORN,ALL CLASSES,NON-IRRIGATED,non_irrigated,GRAIN,55.0,BU / ACRE,
31013,NE,BOX BUTTE,2017,CORN,ALL CLASSES,NON-IRRIGATED,non_irrigated,GRAIN,63.5,BU / ACRE,
31013,NE,BOX BUTTE,2015,CORN,ALL CLASSES,NON-IRRIGATED,non_irrigated,GRAIN,55.6,BU / ACRE,
31013,NE,BOX BUTTE,2014,CORN,ALL CLASSES,NON-IRRIGATED,non_irrigated,GRAIN,76.9,BU / ACRE,
31013,NE,BOX BUTTE,2013,CORN,ALL CLASSES,NON-IRRIGATED,non_irrigated,GRAIN,35.5,BU / ACRE,
31013,NE,BOX BUTTE,2012,CORN,ALL CLASSES,NON-IRRIGATED,non_irrigated,GRAIN,20.9,BU / ACRE,
31013,NE,BOX BUTTE,2011,CORN,ALL CLASSES,NON-IRRIGATED,non_irrigated,GRAIN,65.9,BU / ACRE,
31013,NE,BOX BUTTE,2010,CORN,ALL CLASSES,NON-IRRIGATED,non_irrigated,GRAIN,65.2,BU / ACRE,
31013,NE,BOX BUTTE,2009,CORN,ALL CLASSES,NON-IRRIGATED,non_irrigated,GRAIN,69.4,BU / ACRE,
31013,NE,BOX BUTTE,2008,CORN,ALL CLASSES,NON-IRRIGATED,non_irrigated,GRAIN,42.0,BU / ACRE,
31033,NE,CHEYENNE,2011,CORN,ALL CLASSES,NON-IRRIGATED,non_irrigated,GRAIN,63.4,BU / ACRE,
31033,NE,CHEYENNE,2010,CORN,ALL CLASSES,NON-IRRIGATED,non_irrigated,GRAIN,62.9,BU / ACRE,
31033,NE,CHEYENNE,2008,CORN,ALL CLASSES,NON-IRRIGATED,non_irrigated,GRAIN,54.0,BU / ACRE,
31045,NE,DAWES,2014,CORN,ALL CLASSES,NON-IRRIGATED,non_irrigated,GRAIN,62.3,BU / ACRE,
31045,NE,DAWES,2013,CORN,ALL CLASSES,NON-IRRIGATED,non_irrigated,GRAIN,26.0,BU / ACRE,
31049,NE,DEUEL,2012,CORN,ALL CLASSES,NON-IRRIGATED,non_irrigated,GRAIN,13.6,BU / ACRE,
31049,NE,DEUEL,2011,CORN,ALL CLASSES,NON-IRRIGATED,non_irrigated,GRAIN,66.4,BU / ACRE,
31049,NE,DEUEL,2010,CORN,ALL CLASSES,NON-IRRIGATED,non_irrigated,GRAIN,77.8,BU / ACRE,
31049,NE,DEUEL,2009,CORN,ALL CLASSES,NON-IRRIGATED,non_irrigated,GRAIN,77.4,BU / ACRE,
31069,NE,GARDEN,2014,CORN,ALL CLASSES,NON-IRRIGATED,non_irrigated,GRAIN,57.2,BU / ACRE,
31069,NE,GARDEN,2013,CORN,ALL CLASSES,NON-IRRIGATED,non_irrigated,GRAIN,31.9,BU / ACRE,
31069,NE,GARDEN,2012,CORN,ALL CLASSES,NON-IRRIGATED,non_irrigated,GRAIN,14.5,BU / ACRE,
31069,NE,GARDEN,2011,CORN,ALL CLASSES,NON-IRRIGATED,non_irrigated,GRAIN,85.2,BU / ACRE,
31069,NE,GARDEN,2010,CORN,ALL CLASSES,NON-IRRIGATED,non_irrigated,GRAIN,74.6,BU / ACRE,
31069,NE,GARDEN,2009,CORN,ALL CLASSES,NON-IRRIGATED,non_irrigated,GRAIN,84.5,BU / ACRE,
31105,NE,KIMBALL,2017,CORN,ALL CLASSES,NON-IRRIGATED,non_irrigated,GRAIN,33.0,BU / ACRE,
31105,NE,KIMBALL,2016,CORN,ALL CLASSES,NON-IRRIGATED,non_irrigated,GRAIN,33.4,BU / ACRE,
31105,NE,KIMBALL,2015,CORN,ALL CLASSES,NON-IRRIGATED,non_irrigated,GRAIN,50.2,BU / ACRE,
31105,NE,KIMBALL,2013,CORN,ALL CLASSES,NON-IRRIGATED,non_irrigated,GRAIN,27.3,BU / ACRE,
31105,NE,KIMBALL,2012,CORN,ALL CLASSES,NON-IRRIGATED,non_irrigated,GRAIN,12.8,BU / ACRE,
31105,NE,KIMBALL,2011,CORN,ALL CLASSES,NON-IRRIGATED,non_irrigated,GRAIN,45.6,BU / ACRE,
31123,NE,MORRILL,2012,CORN,ALL CLASSES,NON-IRRIGATED,non_irrigated,GRAIN,24.6,BU / ACRE,
31123,NE,MORRILL,2011,CORN,ALL CLASSES,NON-IRRIGATED,non_irrigated,GRAIN,75.4,BU / ACRE,
31123,NE,MORRILL,2010,CORN,ALL CLASSES,NON-IRRIGATED,non_irrigated,GRAIN,75.0,BU / ACRE,
31123,NE,MORRILL,2009,CORN,ALL CLASSES,NON-IRRIGATED,non_irrigated,GRAIN,80.2,BU / ACRE,
31157,NE,SCOTTS BLUFF,2017,CORN,ALL CLASSES,NON-IRRIGATED,non_irrigated,GRAIN,72.5,BU / ACRE,
31157,NE,SCOTTS BLUFF,2015,CORN,ALL CLASSES,NON-IRRIGATED,non_irrigated,GRAIN,67.1,BU / ACRE,
31157,NE,SCOTTS BLUFF,2012,CORN,ALL CLASSES,NON-IRRIGATED,non_irrigated,GRAIN,10.6,BU / ACRE,
31157,NE,SCOTTS BLUFF,2011,CORN,ALL CLASSES,NON-IRRIGATED,non_irrigated,GRAIN,41.8,BU / ACRE,
31157,NE,SCOTTS BLUFF,2010,CORN,ALL CLASSES,NON-IRRIGATED,non_irrigated,GRAIN,54.4,BU / ACRE,
31161,NE,SHERIDAN,2018,CORN,ALL CLASSES,NON-IRRIGATED,non_irrigated,GRAIN,75.6,BU / ACRE,
31161,NE,SHERIDAN,2017,CORN,ALL CLASSES,NON-IRRIGATED,non_irrigated,GRAIN,67.4,BU / ACRE,
31161,NE,SHERIDAN,2015,CORN,ALL CLASSES,NON-IRRIGATED,non_irrigated,GRAIN,74.8,BU / ACRE,
31161,NE,SHERIDAN,2014,CORN,ALL CLASSES,NON-IRRIGATED,non_irrigated,GRAIN,76.9,BU / ACRE,
31161,NE,SHERIDAN,2012,CORN,ALL CLASSES,NON-IRRIGATED,non_irrigated,GRAIN,32.8,BU / ACRE,
31161,NE,SHERIDAN,2011,CORN,ALL CLASSES,NON-IRRIGATED,non_irrigated,GRAIN,62.8,BU / ACRE,
31161,NE,SHERIDAN,2010,CORN,ALL CLASSES,NON-IRRIGATED,non_irrigated,GRAIN,56.3,BU / ACRE,
31161,NE,SHERIDAN,2009,CORN,ALL CLASSES,NON-IRRIGATED,non_irrigated,GRAIN,63.4,BU / ACRE,
31015,NE,BOYD,2017,CORN,ALL CLASSES,NON-IRRIGATED,non_irrigated,GRAIN,144.4,BU / ACRE,
31015,NE,BOYD,2012,CORN,ALL CLASSES,NON-IRRIGATED,non_irrigated,GRAIN,26.9,BU / ACRE,
31015,NE,BOYD,2011,CORN,ALL CLASSES,NON-IRRIGATED,non_irrigated,GRAIN,122.0,BU / ACRE,
31015,NE,BOYD,2010,CORN,ALL CLASSES,NON-IRRIGATED,non_irrigated,GRAIN,135.9,BU / ACRE,
31015,NE,BOYD,2009,CORN,ALL CLASSES,NON-IRRIGATED,non_irrigated,GRAIN,135.1,BU / ACRE,
31015,NE,BOYD,2008,CORN,ALL CLASSES,NON-IRRIGATED,non_irrigated,GRAIN,109.0,BU / ACRE,
31017,NE,BROWN,2017,CORN,ALL CLASSES,NON-IRRIGATED,non_irrigated,GRAIN,97.1,BU / ACRE,
31017,NE,BROWN,2016,CORN,ALL CLASSES,NON-IRRIGATED,non_irrigated,GRAIN,127.0,BU / ACRE,
31017,NE,BROWN,2014,CORN,ALL CLASSES,NON-IRRIGATED,non_irrigated,GRAIN,73.4,BU / ACRE,
31017,NE,BROWN,2013,CORN,ALL CLASSES,NON-IRRIGATED,non_irrigated,GRAIN,59.4,BU / ACRE,
31017,NE,BROWN,2011,CORN,ALL CLASSES,NON-IRRIGATED,non_irrigated,GRAIN,102.5,BU / ACRE,
31031,NE,CHERRY,2017,CORN,ALL CLASSES,NON-IRRIGATED,non_irrigated,GRAIN,64.1,BU / ACRE,
31031,NE,CHERRY,2013,CORN,ALL CLASSES,NON-IRRIGATED,non_irrigated,GRAIN,100.9,BU / ACRE,
31031,NE,CHERRY,2011,CORN,ALL CLASSES,NON-IRRIGATED,non_irrigated,GRAIN,86.8,BU / ACRE,
31031,NE,CHERRY,2010,CORN,ALL CLASSES,NON-IRRIGATED,non_irrigated,GRAIN,37.1,BU / ACRE,
31071,NE,GARFIELD,2017,CORN,ALL CLASSES,NON-IRRIGATED,non_irrigated,GRAIN,115.2,BU / ACRE,
31071,NE,GARFIELD,2016,CORN,ALL CLASSES,NON-IRRIGATED,non_irrigated,GRAIN,150.3,BU / ACRE,
31071,NE,GARFIELD,2015,CORN,ALL CLASSES,NON-IRRIGATED,non_irrigated,GRAIN,105.1,BU / ACRE,
31071,NE,GARFIELD,2014,CORN,ALL CLASSES,NON-IRRIGATED,non_irrigated,GRAIN,72.5,BU / ACRE,
31071,NE,GARFIELD,2013,CORN,ALL CLASSES,NON-IRRIGATED,non_irrigated,GRAIN,83.9,BU / ACRE,
31071,NE,GARFIELD,2011,CORN,ALL CLASSES,NON-IRRIGATED,non_irrigated,GRAIN,107.5,BU / ACRE,
31071,NE,GARFIELD,2010,CORN,ALL CLASSES,NON-IRRIGATED,non_irrigated,GRAIN,94.2,BU / ACRE,
31071,NE,GARFIELD,2009,CORN,ALL CLASSES,NON-IRRIGATED,non_irrigated,GRAIN,129.7,BU / ACRE,
31071,NE,GARFIELD,2008,CORN,ALL CLASSES,NON-IRRIGATED,non_irrigated,GRAIN,92.0,BU / ACRE,
31089,NE,HOLT,2013,CORN,ALL CLASSES,NON-IRRIGATED,non_irrigated,GRAIN,103.4,BU / ACRE,
31089,NE,HOLT,2012,CORN,ALL CLASSES,NON-IRRIGATED,non_irrigated,GRAIN,26.4,BU / ACRE,
31089,NE,HOLT,2011,CORN,ALL CLASSES,NON-IRRIGATED,non_irrigated,GRAIN,96.0,BU / ACRE,
31089,NE,HOLT,2010,CORN,ALL CLASSES,NON-IRRIGATED,non_irrigated,GRAIN,92.2,BU / ACRE,
31089,NE,HOLT,2009,CORN,ALL CLASSES,NON-IRRIGATED,non_irrigated,GRAIN,110.6,BU / ACRE,
31089,NE,HOLT,2008,CORN,ALL CLASSES,NON-IRRIGATED,non_irrigated,GRAIN,90.0,BU / ACRE,
31103,NE,KEYA PAHA,2018,CORN,ALL CLASSES,NON-IRRIGATED,non_irrigated,GRAIN,158.0,BU / ACRE,
31103,NE,KEYA PAHA,2017,CORN,ALL CLASSES,NON-IRRIGATED,non_irrigated,GRAIN,60.9,BU / ACRE,
31103,NE,KEYA PAHA,2016,CORN,ALL CLASSES,NON-IRRIGATED,non_irrigated,GRAIN,88.6,BU / ACRE,
31103,NE,KEYA PAHA,2014,CORN,ALL CLASSES,NON-IRRIGATED,non_irrigated,GRAIN,92.5,BU / ACRE,
31103,NE,KEYA PAHA,2013,CORN,ALL CLASSES,NON-IRRIGATED,non_irrigated,GRAIN,97.4,BU / ACRE,
31103,NE,KEYA PAHA,2012,CORN,ALL CLASSES,NON-IRRIGATED,non_irrigated,GRAIN,36.6,BU / ACRE,
31103,NE,KEYA PAHA,2011,CORN,ALL CLASSES,NON-IRRIGATED,non_irrigated,GRAIN,106.9,BU / ACRE,
31103,NE,KEYA PAHA,2010,CORN,ALL CLASSES,NON-IRRIGATED,non_irrigated,GRAIN,91.9,BU / ACRE,
31103,NE,KEYA PAHA,2009,CORN,ALL CLASSES,NON-IRRIGATED,non_irrigated,GRAIN,76.4,BU / ACRE,
31103,NE,KEYA PAHA,2008,CORN,ALL CLASSES,NON-IRRIGATED,non_irrigated,GRAIN,68.0,BU / ACRE,
31113,NE,LOGAN,2017,CORN,ALL CLASSES,NON-IRRIGATED,non_irrigated,GRAIN,93.1,BU / ACRE,
31113,NE,LOGAN,2016,CORN,ALL CLASSES,NON-IRRIGATED,non_irrigated,GRAIN,119.6,BU / ACRE,
31113,NE,LOGAN,2013,CORN,ALL CLASSES,NON-IRRIGATED,non_irrigated,GRAIN,64.2,BU / ACRE,
31113,NE,LOGAN,2012,CORN,ALL CLASSES,NON-IRRIGATED,non_irrigated,GRAIN,20.8,BU / ACRE,
31113,NE,LOGAN,2011,CORN,ALL CLASSES,NON-IRRIGATED,non_irrigated,GRAIN,82.4,BU / ACRE,
31113,NE,LOGAN,2010,CORN,ALL CLASSES,NON-IRRIGATED,non_irrigated,GRAIN,111.1,BU / ACRE,
31113,NE,LOGAN,2009,CORN,ALL CLASSES,NON-IRRIGATED,non_irrigated,GRAIN,101.6,BU / ACRE,
31113,NE,LOGAN,2008,CORN,ALL CLASSES,NON-IRRIGATED,non_irrigated,GRAIN,97.0,BU / ACRE,
31115,NE,LOUP,2017,CORN,ALL CLASSES,NON-IRRIGATED,non_irrigated,GRAIN,102.8,BU / ACRE,
31115,NE,LOUP,2010,CORN,ALL CLASSES,NON-IRRIGATED,non_irrigated,GRAIN,97.8,BU / ACRE,
31149,NE,ROCK,2011,CORN,ALL CLASSES,NON-IRRIGATED,non_irrigated,GRAIN,80.6,BU / ACRE,
31149,NE,ROCK,2010,CORN,ALL CLASSES,NON-IRRIGATED,non_irrigated,GRAIN,101.5,BU / ACRE,
31183,NE,WHEELER,2010,CORN,ALL CLASSES,NON-IRRIGATED,non_irrigated,GRAIN,83.8,BU / ACRE,
31183,NE,WHEELER,2009,CORN,ALL CLASSES,NON-IRRIGATED,non_irrigated,GRAIN,120.9,BU / ACRE,
31183,NE,WHEELER,2008,CORN,ALL CLASSES,NON-IRRIGATED,non_irrigated,GRAIN,96.0,BU / ACRE,
31003,NE,ANTELOPE,2018,CORN,ALL CLASSES,NON-IRRIGATED,non_irrigated,GRAIN,158.4,BU / ACRE,
31003,NE,ANTELOPE,2017,CORN,ALL CLASSES,NON-IRRIGATED,non_irrigated,GRAIN,133.9,BU / ACRE,
31003,NE,ANTELOPE,2016,CORN,ALL CLASSES,NON-IRRIGATED,non_irrigated,GRAIN,144.1,BU / ACRE,
31003,NE,ANTELOPE,2015,CORN,ALL CLASSES,NON-IRRIGATED,non_irrigated,GRAIN,153.1,BU / ACRE,
31003,NE,ANTELOPE,2014,CORN,ALL CLASSES,NON-IRRIGATED,non_irrigated,GRAIN,132.1,BU / ACRE,
31003,NE,ANTELOPE,2013,CORN,ALL CLASSES,NON-IRRIGATED,non_irrigated,GRAIN,100.5,BU / ACRE,
31003,NE,ANTELOPE,2012,CORN,ALL CLASSES,NON-IRRIGATED,non_irrigated,GRAIN,38.3,BU / ACRE,
31003,NE,ANTELOPE,2011,CORN,ALL CLASSES,NON-IRRIGATED,non_irrigated,GRAIN,104.1,BU / ACRE,
31003,NE,ANTELOPE,2010,CORN,ALL CLASSES,NON-IRRIGATED,non_irrigated,GRAIN,123.0,BU / ACRE,
31003,NE,ANTELOPE,2009,CORN,ALL CLASSES,NON-IRRIGATED,non_irrigated,GRAIN,127.7,BU / ACRE,
31003,NE,ANTELOPE,2008,CORN,ALL CLASSES,NON-IRRIGATED,non_irrigated,GRAIN,101.0,BU / ACRE,
31011,NE,BOONE,2018,CORN,ALL CLASSES,NON-IRRIGATED,non_irrigated,GRAIN,175.1,BU / ACRE,
31011,NE,BOONE,2017,CORN,ALL CLASSES,NON-IRRIGATED,non_irrigated,GRAIN,156.8,BU / ACRE,
31011,NE,BOONE,2016,CORN,ALL CLASSES,NON-IRRIGATED,non_irrigated,GRAIN,171.7,BU / ACRE,
31011,NE,BOONE,2015,CORN,ALL CLASSES,NON-IRRIGATED,non_irrigated,GRAIN,158.2,BU / ACRE,
31011,NE,BOONE,2014,CORN,ALL CLASSES,NON-IRRIGATED,non_irrigated,GRAIN,170.0,BU / ACRE,
31011,NE,BOONE,2013,CORN,ALL CLASSES,NON-IRRIGATED,non_irrigated,GRAIN,138.3,BU / ACRE,
31011,NE,BOONE,2012,CORN,ALL CLASSES,NON-IRRIGATED,non_irrigated,GRAIN,32.4,BU / ACRE,
31011,NE,BOONE,2011,CORN,ALL CLASSES,NON-IRRIGATED,non_irrigated,GRAIN,133.6,BU / ACRE,
31011,NE,BOONE,2010,CORN,ALL CLASSES,NON-IRRIGATED,non_irrigated,GRAIN,140.0,BU / ACRE,
31011,NE,BOONE,2009,CORN,ALL CLASSES,NON-IRRIGATED,non_irrigated,GRAIN,150.8,BU / ACRE,
31011,NE,BOONE,2008,CORN,ALL CLASSES,NON-IRRIGATED,non_irrigated,GRAIN,137.0,BU / ACRE,
31021,NE,BURT,2017,CORN,ALL CLASSES,NON-IRRIGATED,non_irrigated,GRAIN,184.4,BU / ACRE,
31021,NE,BURT,2014,CORN,ALL CLASSES,NON-IRRIGATED,non_irrigated,GRAIN,168.1,BU / ACRE,
31021,NE,BURT,2013,CORN,ALL CLASSES,NON-IRRIGATED,non_irrigated,GRAIN,182.7,BU / ACRE,
31021,NE,BURT,2012,CORN,ALL CLASSES,NON-IRRIGATED,non_irrigated,GRAIN,97.9,BU / ACRE,
31021,NE,BURT,2011,CORN,ALL CLASSES,NON-IRRIGATED,non_irrigated,GRAIN,163.5,BU / ACRE,
31021,NE,BURT,2010,CORN,ALL CLASSES,NON-IRRIGATED,non_irrigated,GRAIN,160.0,BU / ACRE,
31021,NE,BURT,2009,CORN,ALL CLASSES,NON-IRRIGATED,non_irrigated,GRAIN,185.0,BU / ACRE,
31021,NE,BURT,2008,CORN,ALL CLASSES,NON-IRRIGATED,non_irrigated,GRAIN,147.0,BU / ACRE,
31027,NE,CEDAR,2018,CORN,ALL CLASSES,NON-IRRIGATED,non_irrigated,GRAIN,187.6,BU / ACRE,
31027,NE,CEDAR,2017,CORN,ALL CLASSES,NON-IRRIGATED,non_irrigated,GRAIN,154.7,BU / ACRE,
31027,NE,CEDAR,2016,CORN,ALL CLASSES,NON-IRRIGATED,non_irrigated,GRAIN,157.5,BU / ACRE,
31027,NE,CEDAR,2015,CORN,ALL CLASSES,NON-IRRIGATED,non_irrigated,GRAIN,180.8,BU / ACRE,
31027,NE,CEDAR,2014,CORN,ALL CLASSES,NON-IRRIGATED,non_irrigated,GRAIN,173.9,BU / ACRE,
31027,NE,CEDAR,2013,CORN,ALL CLASSES,NON-IRRIGATED,non_irrigated,GRAIN,168.7,BU / ACRE,
31027,NE,CEDAR,2012,CORN,ALL CLASSES,NON-IRRIGATED,non_irrigated,GRAIN,33.2,BU / ACRE,
31027,NE,CEDAR,2011,CORN,ALL CLASSES,NON-IRRIGATED,non_irrigated,GRAIN,150.2,BU / ACRE,
31027,NE,CEDAR,2010,CORN,ALL CLASSES,NON-IRRIGATED,non_irrigated,GRAIN,167.3,BU / ACRE,
31027,NE,CEDAR,2009,CORN,ALL CLASSES,NON-IRRIGATED,non_irrigated,GRAIN,155.9,BU / ACRE,
31027,NE,CEDAR,2008,CORN,ALL CLASSES,NON-IRRIGATED,non_irrigated,GRAIN,135.0,BU / ACRE,
31039,NE,CUMING,2016,CORN,ALL CLASSES,NON-IRRIGATED,non_irrigated,GRAIN,196.3,BU / ACRE,
31039,NE,CUMING,2015,CORN,ALL CLASSES,NON-IRRIGATED,non_irrigated,GRAIN,195.0,BU / ACRE,
31039,NE,CUMING,2012,CORN,ALL CLASSES,NON-IRRIGATED,non_irrigated,GRAIN,63.9,BU / ACRE,
31039,NE,CUMING,2011,CORN,ALL CLASSES,NON-IRRIGATED,non_irrigated,GRAIN,170.2,BU / ACRE,
31039,NE,CUMING,2010,CORN,ALL CLASSES,NON-IRRIGATED,non_irrigated,GRAIN,177.8,BU / ACRE,
31039,NE,CUMING,2009,CORN,ALL CLASSES,NON-IRRIGATED,non_irrigated,GRAIN,187.1,BU / ACRE,
31039,NE,CUMING,2008,CORN,ALL CLASSES,NON-IRRIGATED,non_irrigated,GRAIN,149.0,BU / ACRE,
31043,NE,DAKOTA,2016,CORN,ALL CLASSES,NON-IRRIGATED,non_irrigated,GRAIN,178.6,BU / ACRE,
31043,NE,DAKOTA,2014,CORN,ALL CLASSES,NON-IRRIGATED,non_irrigated,GRAIN,186.5,BU / ACRE,
31043,NE,DAKOTA,2013,CORN,ALL CLASSES,NON-IRRIGATED,non_irrigated,GRAIN,178.9,BU / ACRE,
31051,NE,DIXON,2010,CORN,ALL CLASSES,NON-IRRIGATED,non_irrigated,GRAIN,179.9,BU / ACRE,
31107,NE,KNOX,2018,CORN,ALL CLASSES,NON-IRRIGATED,non_irrigated,GRAIN,189.9,BU / ACRE,
31107,NE,KNOX,2017,CORN,ALL CLASSES,NON-IRRIGATED,non_irrigated,GRAIN,136.0,BU / ACRE,
31107,NE,KNOX,2016,CORN,ALL CLASSES,NON-IRRIGATED,non_irrigated,GRAIN,152.2,BU / ACRE,
31107,NE,KNOX,2015,CORN,ALL CLASSES,NON-IRRIGATED,non_irrigated,GRAIN,176.3,BU / ACRE,
31107,NE,KNOX,2014,CORN,ALL CLASSES,NON-IRRIGATED,non_irrigated,GRAIN,178.7,BU / ACRE,
31107,NE,KNOX,2013,CORN,ALL CLASSES,NON-IRRIGATED,non_irrigated,GRAIN,151.4,BU / ACRE,
31107,NE,KNOX,2012,CORN,ALL CLASSES,NON-IRRIGATED,non_irrigated,GRAIN,27.8,BU / ACRE,
31107,NE,KNOX,2011,CORN,ALL CLASSES,NON-IRRIGATED,non_irrigated,GRAIN,143.3,BU / ACRE,
31107,NE,KNOX,2010,CORN,ALL CLASSES,NON-IRRIGATED,non_irrigated,GRAIN,153.5,BU / ACRE,
31107,NE,KNOX,2009,CORN,ALL CLASSES,NON-IRRIGATED,non_irrigated,GRAIN,150.8,BU / ACRE,
31107,NE,KNOX,2008,CORN,ALL CLASSES,NON-IRRIGATED,non_irrigated,GRAIN,112.0,BU / ACRE,
31119,NE,MADISON,2018,CORN,ALL CLASSES,NON-IRRIGATED,non_irrigated,GRAIN,170.0,BU / ACRE,
31119,NE,MADISON,2017,CORN,ALL CLASSES,NON-IRRIGATED,non_irrigated,GRAIN,176.5,BU / ACRE,
31119,NE,MADISON,2016,CORN,ALL CLASSES,NON-IRRIGATED,non_irrigated,GRAIN,187.1,BU / ACRE,
31119,NE,MADISON,2015,CORN,ALL CLASSES,NON-IRRIGATED,non_irrigated,GRAIN,177.0,BU / ACRE,
31119,NE,MADISON,2014,CORN,ALL CLASSES,NON-IRRIGATED,non_irrigated,GRAIN,165.7,BU / ACRE,
31119,NE,MADISON,2013,CORN,ALL CLASSES,NON-IRRIGATED,non_irrigated,GRAIN,144.7,BU / ACRE,
31119,NE,MADISON,2012,CORN,ALL CLASSES,NON-IRRIGATED,non_irrigated,GRAIN,34.1,BU / ACRE,
31119,NE,MADISON,2011,CORN,ALL CLASSES,NON-IRRIGATED,non_irrigated,GRAIN,149.8,BU / ACRE,
31119,NE,MADISON,2010,CORN,ALL CLASSES,NON-IRRIGATED,non_irrigated,GRAIN,151.6,BU / ACRE,
31119,NE,MADISON,2009,CORN,ALL CLASSES,NON-IRRIGATED,non_irrigated,GRAIN,155.9,BU / ACRE,
31119,NE,MADISON,2008,CORN,ALL CLASSES,NON-IRRIGATED,non_irrigated,GRAIN,129.0,BU / ACRE,
31139,NE,PIERCE,2017,CORN,ALL CLASSES,NON-IRRIGATED,non_irrigated,GRAIN,138.0,BU / ACRE,
31139,NE,PIERCE,2016,CORN,ALL CLASSES,NON-IRRIGATED,non_irrigated,GRAIN,159.6,BU / ACRE,
31139,NE,PIERCE,2015,CORN,ALL CLASSES,NON-IRRIGATED,non_irrigated,GRAIN,173.1,BU / ACRE,
31139,NE,PIERCE,2014,CORN,ALL CLASSES,NON-IRRIGATED,non_irrigated,GRAIN,160.1,BU / ACRE,
31139,NE,PIERCE,2013,CORN,ALL CLASSES,NON-IRRIGATED,non_irrigated,GRAIN,143.9,BU / ACRE,
31139,NE,PIERCE,2012,CORN,ALL CLASSES,NON-IRRIGATED,non_irrigated,GRAIN,37.1,BU / ACRE,
31139,NE,PIERCE,2011,CORN,ALL CLASSES,NON-IRRIGATED,non_irrigated,GRAIN,139.0,BU / ACRE,
31139,NE,PIERCE,2010,CORN,ALL CLASSES,NON-IRRIGATED,non_irrigated,GRAIN,156.0,BU / ACRE,
31139,NE,PIERCE,2009,CORN,ALL CLASSES,NON-IRRIGATED,non_irrigated,GRAIN,140.8,BU / ACRE,
31139,NE,PIERCE,2008,CORN,ALL CLASSES,NON-IRRIGATED,non_irrigated,GRAIN,135.0,BU / ACRE,
31167,NE,STANTON,2016,CORN,ALL CLASSES,NON-IRRIGATED,non_irrigated,GRAIN,189.6,BU / ACRE,
31167,NE,STANTON,2014,CORN,ALL CLASSES,NON-IRRIGATED,non_irrigated,GRAIN,171.4,BU / ACRE,
31167,NE,STANTON,2013,CORN,ALL CLASSES,NON-IRRIGATED,non_irrigated,GRAIN,178.1,BU / ACRE,
31167,NE,STANTON,2012,CORN,ALL CLASSES,NON-IRRIGATED,non_irrigated,GRAIN,31.3,BU / ACRE,
31167,NE,STANTON,2011,CORN,ALL CLASSES,NON-IRRIGATED,non_irrigated,GRAIN,163.0,BU / ACRE,
31167,NE,STANTON,2010,CORN,ALL CLASSES,NON-IRRIGATED,non_irrigated,GRAIN,167.6,BU / ACRE,
31167,NE,STANTON,2009,CORN,ALL CLASSES,NON-IRRIGATED,non_irrigated,GRAIN,171.0,BU / ACRE,
31167,NE,STANTON,2008,CORN,ALL CLASSES,NON-IRRIGATED,non_irrigated,GRAIN,129.0,BU / ACRE,
31179,NE,WAYNE,2013,CORN,ALL CLASSES,NON-IRRIGATED,non_irrigated,GRAIN,179.3,BU / ACRE,
31179,NE,WAYNE,2012,CORN,ALL CLASSES,NON-IRRIGATED,non_irrigated,GRAIN,39.4,BU / ACRE,
31179,NE,WAYNE,2011,CORN,ALL CLASSES,NON-IRRIGATED,non_irrigated,GRAIN,158.5,BU / ACRE,
31179,NE,WAYNE,2010,CORN,ALL CLASSES,NON-IRRIGATED,non_irrigated,GRAIN,179.5,BU / ACRE,
31179,NE,WAYNE,2009,CORN,ALL CLASSES,NON-IRRIGATED,non_irrigated,GRAIN,165.4,BU / ACRE,
31179,NE,WAYNE,2008,CORN,ALL CLASSES,NON-IRRIGATED,non_irrigated,GRAIN,158.0,BU / ACRE,
31019,NE,BUFFALO,2018,CORN,ALL CLASSES,NON-IRRIGATED,non_irrigated,GRAIN,169.0,BU / ACRE,
31019,NE,BUFFALO,2017,CORN,ALL CLASSES,NON-IRRIGATED,non_irrigated,GRAIN,133.3,BU / ACRE,
31019,NE,BUFFALO,2016,CORN,ALL CLASSES,NON-IRRIGATED,non_irrigated,GRAIN,124.8,BU / ACRE,
31019,NE,BUFFALO,2015,CORN,ALL CLASSES,NON-IRRIGATED,non_irrigated,GRAIN,107.0,BU / ACRE,
31019,NE,BUFFALO,2014,CORN,ALL CLASSES,NON-IRRIGATED,non_irrigated,GRAIN,100.1,BU / ACRE,
31019,NE,BUFFALO,2013,CORN,ALL CLASSES,NON-IRRIGATED,non_irrigated,GRAIN,65.4,BU / ACRE,
31019,NE,BUFFALO,2012,CORN,ALL CLASSES,NON-IRRIGATED,non_irrigated,GRAIN,30.6,BU / ACRE,
31019,NE,BUFFALO,2011,CORN,ALL CLASSES,NON-IRRIGATED,non_irrigated,GRAIN,127.5,BU / ACRE,
31019,NE,BUFFALO,2010,CORN,ALL CLASSES,NON-IRRIGATED,non_irrigated,GRAIN,135.7,BU / ACRE,
31019,NE,BUFFALO,2009,CORN,ALL CLASSES,NON-IRRIGATED,non_irrigated,GRAIN,133.7,BU / ACRE,
31019,NE,BUFFALO,2008,CORN,ALL CLASSES,NON-IRRIGATED,non_irrigated,GRAIN,111.0,BU / ACRE,
31041,NE,CUSTER,2017,CORN,ALL CLASSES,NON-IRRIGATED,non_irrigated,GRAIN,101.8,BU / ACRE,
31041,NE,CUSTER,2016,CORN,ALL CLASSES,NON-IRRIGATED,non_irrigated,GRAIN,131.1,BU / ACRE,
31041,NE,CUSTER,2015,CORN,ALL CLASSES,NON-IRRIGATED,non_irrigated,GRAIN,119.1,BU / ACRE,
31041,NE,CUSTER,2014,CORN,ALL CLASSES,NON-IRRIGATED,non_irrigated,GRAIN,108.5,BU / ACRE,
31041,NE,CUSTER,2012,CORN,ALL CLASSES,NON-IRRIGATED,non_irrigated,GRAIN,36.7,BU / ACRE,
31041,NE,CUSTER,2011,CORN,ALL CLASSES,NON-IRRIGATED,non_irrigated,GRAIN,115.1,BU / ACRE,
31041,NE,CUSTER,2010,CORN,ALL CLASSES,NON-IRRIGATED,non_irrigated,GRAIN,128.0,BU / ACRE,
31041,NE,CUSTER,2009,CORN,ALL CLASSES,NON-IRRIGATED,non_irrigated,GRAIN,131.6,BU / ACRE,
31041,NE,CUSTER,2008,CORN,ALL CLASSES,NON-IRRIGATED,non_irrigated,GRAIN,104.0,BU / ACRE,
31047,NE,DAWSON,2015,CORN,ALL CLASSES,NON-IRRIGATED,non_irrigated,GRAIN,126.4,BU / ACRE,
31047,NE,DAWSON,2013,CORN,ALL CLASSES,NON-IRRIGATED,non_irrigated,GRAIN,50.4,BU / ACRE,
31047,NE,DAWSON,2012,CORN,ALL CLASSES,NON-IRRIGATED,non_irrigated,GRAIN,27.9,BU / ACRE,
31047,NE,DAWSON,2011,CORN,ALL CLASSES,NON-IRRIGATED,non_irrigated,GRAIN,123.0,BU / ACRE,
31047,NE,DAWSON,2010,CORN,ALL CLASSES,NON-IRRIGATED,non_irrigated,GRAIN,117.1,BU / ACRE,
31047,NE,DAWSON,2009,CORN,ALL CLASSES,NON-IRRIGATED,non_irrigated,GRAIN,126.7,BU / ACRE,
31047,NE,DAWSON,2008,CORN,ALL CLASSES,NON-IRRIGATED,non_irrigated,GRAIN,118.0,BU / ACRE,
31077,NE,GREELEY,2017,CORN,ALL CLASSES,NON-IRRIGATED,non_irrigated,GRAIN,120.9,BU / ACRE,
31077,NE,GREELEY,2016,CORN,ALL CLASSES,NON-IRRIGATED,non_irrigated,GRAIN,125.6,BU / ACRE,
31077,NE,GREELEY,2015,CORN,ALL CLASSES,NON-IRRIGATED,non_irrigated,GRAIN,122.3,BU / ACRE,
31077,NE,GREELEY,2014,CORN,ALL CLASSES,NON-IRRIGATED,non_irrigated,GRAIN,131.9,BU / ACRE,
31077,NE,GREELEY,2011,CORN,ALL CLASSES,NON-IRRIGATED,non_irrigated,GRAIN,110.5,BU / ACRE,
31077,NE,GREELEY,2010,CORN,ALL CLASSES,NON-IRRIGATED,non_irrigated,GRAIN,112.7,BU / ACRE,
31077,NE,GREELEY,2009,CORN,ALL CLASSES,NON-IRRIGATED,non_irrigated,GRAIN,132.7,BU / ACRE,
31077,NE,GREELEY,2008,CORN,ALL CLASSES,NON-IRRIGATED,non_irrigated,GRAIN,116.0,BU / ACRE,
31079,NE,HALL,2018,CORN,ALL CLASSES,NON-IRRIGATED,non_irrigated,GRAIN,151.1,BU / ACRE,
31079,NE,HALL,2017,CORN,ALL CLASSES,NON-IRRIGATED,non_irrigated,GRAIN,134.3,BU / ACRE,
31079,NE,HALL,2016,CORN,ALL CLASSES,NON-IRRIGATED,non_irrigated,GRAIN,121.0,BU / ACRE,
31079,NE,HALL,2013,CORN,ALL CLASSES,NON-IRRIGATED,non_irrigated,GRAIN,78.6,BU / ACRE,
31079,NE,HALL,2012,CORN,ALL CLASSES,NON-IRRIGATED,non_irrigated,GRAIN,23.1,BU / ACRE,
31079,NE,HALL,2011,CORN,ALL CLASSES,NON-IRRIGATED,non_irrigated,GRAIN,115.8,BU / ACRE,
31079,NE,HALL,2010,CORN,ALL CLASSES,NON-IRRIGATED,non_irrigated,GRAIN,114.3,BU / ACRE,
31079,NE,HALL,2009,CORN,ALL CLASSES,NON-IRRIGATED,non_irrigated,GRAIN,113.6,BU / ACRE,
31079,NE,HALL,2008,CORN,ALL CLASSES,NON-IRRIGATED,non_irrigated,GRAIN,116.0,BU / ACRE,
31093,NE,HOWARD,2018,CORN,ALL CLASSES,NON-IRRIGATED,non_irrigated,GRAIN,128.1,BU / ACRE,
31093,NE,HOWARD,2017,CORN,ALL CLASSES,NON-IRRIGATED,non_irrigated,GRAIN,132.3,BU / ACRE,
31093,NE,HOWARD,2016,CORN,ALL CLASSES,NON-IRRIGATED,non_irrigated,GRAIN,124.5,BU / ACRE,
31093,NE,HOWARD,2015,CORN,ALL CLASSES,NON-IRRIGATED,non_irrigated,GRAIN,96.9,BU / ACRE,
31093,NE,HOWARD,2014,CORN,ALL CLASSES,NON-IRRIGATED,non_irrigated,GRAIN,122.2,BU / ACRE,
31093,NE,HOWARD,2013,CORN,ALL CLASSES,NON-IRRIGATED,non_irrigated,GRAIN,102.0,BU / ACRE,
31093,NE,HOWARD,2011,CORN,ALL CLASSES,NON-IRRIGATED,non_irrigated,GRAIN,120.4,BU / ACRE,
31093,NE,HOWARD,2010,CORN,ALL CLASSES,NON-IRRIGATED,non_irrigated,GRAIN,116.0,BU / ACRE,
31093,NE,HOWARD,2009,CORN,ALL CLASSES,NON-IRRIGATED,non_irrigated,GRAIN,121.7,BU / ACRE,
31093,NE,HOWARD,2008,CORN,ALL CLASSES,NON-IRRIGATED,non_irrigated,GRAIN,108.0,BU / ACRE,
31163,NE,SHERMAN,2018,CORN,ALL CLASSES,NON-IRRIGATED,non_irrigated,GRAIN,154.8,BU / ACRE,
31163,NE,SHERMAN,2017,CORN,ALL CLASSES,NON-IRRIGATED,non_irrigated,GRAIN,128.1,BU / ACRE,
31163,NE,SHERMAN,2016,CORN,ALL CLASSES,NON-IRRIGATED,non_irrigated,GRAIN,143.8,BU / ACRE,
31163,NE,SHERMAN,2014,CORN,ALL CLASSES,NON-IRRIGATED,non_irrigated,GRAIN,112.9,BU / ACRE,
31163,NE,SHERMAN,2013,CORN,ALL CLASSES,NON-IRRIGATED,non_irrigated,GRAIN,78.8,BU / ACRE,
31163,NE,SHERMAN,2012,CORN,ALL CLASSES,NON-IRRIGATED,non_irrigated,GRAIN,20.3,BU / ACRE,
31163,NE,SHERMAN,2011,CORN,ALL CLASSES,NON-IRRIGATED,non_irrigated,GRAIN,115.9,BU / ACRE,
31163,NE,SHERMAN,2010,CORN,ALL CLASSES,NON-IRRIGATED,non_irrigated,GRAIN,132.9,BU / ACRE,
31163,NE,SHERMAN,2009,CORN,ALL CLASSES,NON-IRRIGATED,non_irrigated,GRAIN,143.8,BU / ACRE,
31163,NE,SHERMAN,2008,CORN,ALL CLASSES,NON-IRRIGATED,non_irrigated,GRAIN,108.0,BU / ACRE,
31175,NE,VALLEY,2018,CORN,ALL CLASSES,NON-IRRIGATED,non_irrigated,GRAIN,167.0,BU / ACRE,
31175,NE,VALLEY,2015,CORN,ALL CLASSES,NON-IRRIGATED,non_irrigated,GRAIN,102.4,BU / ACRE,
31175,NE,VALLEY,2013,CORN,ALL CLASSES,NON-IRRIGATED,non_irrigated,GRAIN,67.5,BU / ACRE,
31175,NE,VALLEY,2012,CORN,ALL CLASSES,NON-IRRIGATED,non_irrigated,GRAIN,29.2,BU / ACRE,
31175,NE,VALLEY,2011,CORN,ALL CLASSES,NON-IRRIGATED,non_irrigated,GRAIN,118.1,BU / ACRE,
31175,NE,VALLEY,2010,CORN,ALL CLASSES,NON-IRRIGATED,non_irrigated,GRAIN,125.3,BU / ACRE,
31175,NE,VALLEY,2009,CORN,ALL CLASSES,NON-IRRIGATED,non_irrigated,GRAIN,125.7,BU / ACRE,
31175,NE,VALLEY,2008,CORN,ALL CLASSES,NON-IRRIGATED,non_irrigated,GRAIN,111.0,BU / ACRE,
31023,NE,BUTLER,2017,CORN,ALL CLASSES,NON-IRRIGATED,non_irrigated,GRAIN,170.7,BU / ACRE,
31023,NE,BUTLER,2016,CORN,ALL CLASSES,NON-IRRIGATED,non_irrigated,GRAIN,167.5,BU / ACRE,
31023,NE,BUTLER,2015,CORN,ALL CLASSES,NON-IRRIGATED,non_irrigated,GRAIN,176.0,BU / ACRE,
31023,NE,BUTLER,2014,CORN,ALL CLASSES,NON-IRRIGATED,non_irrigated,GRAIN,168.7,BU / ACRE,
31023,NE,BUTLER,2013,CORN,ALL CLASSES,NON-IRRIGATED,non_irrigated,GRAIN,139.3,BU / ACRE,
31023,NE,BUTLER,2012,CORN,ALL CLASSES,NON-IRRIGATED,non_irrigated,GRAIN,80.8,BU / ACRE,
31023,NE,BUTLER,2011,CORN,ALL CLASSES,NON-IRRIGATED,non_irrigated,GRAIN,162.5,BU / ACRE,
31023,NE,BUTLER,2010,CORN,ALL CLASSES,NON-IRRIGATED,non_irrigated,GRAIN,151.9,BU / ACRE,
31023,NE,BUTLER,2009,CORN,ALL CLASSES,NON-IRRIGATED,non_irrigated,GRAIN,162.9,BU / ACRE,
31023,NE,BUTLER,2008,CORN,ALL CLASSES,NON-IRRIGATED,non_irrigated,GRAIN,139.0,BU / ACRE,
31025,NE,CASS,2018,CORN,ALL CLASSES,NON-IRRIGATED,non_irrigated,GRAIN,202.7,BU / ACRE,
31025,NE,CASS,2016,CORN,ALL CLASSES,NON-IRRIGATED,non_irrigated,GRAIN,180.0,BU / ACRE,
31025,NE,CASS,2013,CORN,ALL CLASSES,NON-IRRIGATED,non_irrigated,GRAIN,149.3,BU / ACRE,
31025,NE,CASS,2009,CORN,ALL CLASSES,NON-IRRIGATED,non_irrigated,GRAIN,176.0,BU / ACRE,
31037,NE,COLFAX,2017,CORN,ALL CLASSES,NON-IRRIGATED,non_irrigated,GRAIN,167.8,BU / ACRE,
31037,NE,COLFAX,2016,CORN,ALL CLASSES,NON-IRRIGATED,non_irrigated,GRAIN,180.3,BU / ACRE,
31037,NE,COLFAX,2015,CORN,ALL CLASSES,NON-IRRIGATED,non_irrigated,GRAIN,195.8,BU / ACRE,
31037,NE,COLFAX,2013,CORN,ALL CLASSES,NON-IRRIGATED,non_irrigated,GRAIN,170.2,BU / ACRE,
31037,NE,COLFAX,2012,CORN,ALL CLASSES,NON-IRRIGATED,non_irrigated,GRAIN,49.0,BU / ACRE,
31037,NE,COLFAX,2011,CORN,ALL CLASSES,NON-IRRIGATED,non_irrigated,GRAIN,149.2,BU / ACRE,
31037,NE,COLFAX,2010,CORN,ALL CLASSES,NON-IRRIGATED,non_irrigated,GRAIN,149.8,BU / ACRE,
31037,NE,COLFAX,2009,CORN,ALL CLASSES,NON-IRRIGATED,non_irrigated,GRAIN,178.0,BU / ACRE,
31037,NE,COLFAX,2008,CORN,ALL CLASSES,NON-IRRIGATED,non_irrigated,GRAIN,138.0,BU / ACRE,
31053,NE,DODGE,2018,CORN,ALL CLASSES,NON-IRRIGATED,non_irrigated,GRAIN,192.9,BU / ACRE,
31053,NE,DODGE,2016,CORN,ALL CLASSES,NON-IRRIGATED,non_irrigated,GRAIN,167.8,BU / ACRE,
31053,NE,DODGE,2014,CORN,ALL CLASSES,NON-IRRIGATED,non_irrigated,GRAIN,161.3,BU / ACRE,
31053,NE,DODGE,2013,CORN,ALL CLASSES,NON-IRRIGATED,non_irrigated,GRAIN,173.6,BU / ACRE,
31053,NE,DODGE,2012,CORN,ALL CLASSES,NON-IRRIGATED,non_irrigated,GRAIN,91.6,BU / ACRE,
31053,NE,DODGE,2011,CORN,ALL CLASSES,NON-IRRIGATED,non_irrigated,GRAIN,162.9,BU / ACRE,
31053,NE,DODGE,2010,CORN,ALL CLASSES,NON-IRRIGATED,non_irrigated,GRAIN,151.9,BU / ACRE,
31053,NE,DODGE,2009,CORN,ALL CLASSES,NON-IRRIGATED,non_irrigated,GRAIN,189.1,BU / ACRE,
31053,NE,DODGE,2008,CORN,ALL CLASSES,NON-IRRIGATED,non_irrigated,GRAIN,139.0,BU / ACRE,
31055,NE,DOUGLAS,2017,CORN,ALL CLASSES,NON-IRRIGATED,non_irrigated,GRAIN,183.8,BU / ACRE,
31055,NE,DOUGLAS,2016,CORN,ALL CLASSES,NON-IRRIGATED,non_irrigated,GRAIN,184.4,BU / ACRE,
31055,NE,DOUGLAS,2014,CORN,ALL CLASSES,NON-IRRIGATED,non_irrigated,GRAIN,175.5,BU / ACRE,
31055,NE,DOUGLAS,2013,CORN,ALL CLASSES,NON-IRRIGATED,non_irrigated,GRAIN,161.3,BU / ACRE,
31055,NE,DOUGLAS,2012,CORN,ALL CLASSES,NON-IRRIGATED,non_irrigated,GRAIN,100.4,BU / ACRE,
31055,NE,DOUGLAS,2011,CORN,ALL CLASSES,NON-IRRIGATED,non_irrigated,GRAIN,152.9,BU / ACRE,
31055,NE,DOUGLAS,2010,CORN,ALL CLASSES,NON-IRRIGATED,non_irrigated,GRAIN,139.1,BU / ACRE,
31055,NE,DOUGLAS,2009,CORN,ALL CLASSES,NON-IRRIGATED,non_irrigated,GRAIN,189.0,BU / ACRE,
31081,NE,HAMILTON,2017,CORN,ALL CLASSES,NON-IRRIGATED,non_irrigated,GRAIN,164.9,BU / ACRE,
31081,NE,HAMILTON,2015,CORN,ALL CLASSES,NON-IRRIGATED,non_irrigated,GRAIN,161.6,BU / ACRE,
31081,NE,HAMILTON,2014,CORN,ALL CLASSES,NON-IRRIGATED,non_irrigated,GRAIN,147.5,BU / ACRE,
31081,NE,HAMILTON,2013,CORN,ALL CLASSES,NON-IRRIGATED,non_irrigated,GRAIN,103.4,BU / ACRE,
31081,NE,HAMILTON,2012,CORN,ALL CLASSES,NON-IRRIGATED,non_irrigated,GRAIN,26.9,BU / ACRE,
31081,NE,HAMILTON,2011,CORN,ALL CLASSES,NON-IRRIGATED,non_irrigated,GRAIN,148.2,BU / ACRE,
31081,NE,HAMILTON,2010,CORN,ALL CLASSES,NON-IRRIGATED,non_irrigated,GRAIN,137.4,BU / ACRE,
31081,NE,HAMILTON,2009,CORN,ALL CLASSES,NON-IRRIGATED,non_irrigated,GRAIN,137.8,BU / ACRE,
31081,NE,HAMILTON,2008,CORN,ALL CLASSES,NON-IRRIGATED,non_irrigated,GRAIN,145.0,BU / ACRE,
31109,NE,LANCASTER,2016,CORN,ALL CLASSES,NON-IRRIGATED,non_irrigated,GRAIN,159.8,BU / ACRE,
31109,NE,LANCASTER,2015,CORN,ALL CLASSES,NON-IRRIGATED,non_irrigated,GRAIN,153.7,BU / ACRE,
31109,NE,LANCASTER,2014,CORN,ALL CLASSES,NON-IRRIGATED,non_irrigated,GRAIN,152.5,BU / ACRE,
31109,NE,LANCASTER,2013,CORN,ALL CLASSES,NON-IRRIGATED,non_irrigated,GRAIN,141.9,BU / ACRE,
31109,NE,LANCASTER,2012,CORN,ALL CLASSES,NON-IRRIGATED,non_irrigated,GRAIN,72.2,BU / ACRE,
31109,NE,LANCASTER,2011,CORN,ALL CLASSES,NON-IRRIGATED,non_irrigated,GRAIN,141.2,BU / ACRE,
31109,NE,LANCASTER,2010,CORN,ALL CLASSES,NON-IRRIGATED,non_irrigated,GRAIN,143.4,BU / ACRE,
31109,NE,LANCASTER,2009,CORN,ALL CLASSES,NON-IRRIGATED,non_irrigated,GRAIN,152.9,BU / ACRE,
31109,NE,LANCASTER,2008,CORN,ALL CLASSES,NON-IRRIGATED,non_irrigated,GRAIN,138.0,BU / ACRE,
31121,NE,MERRICK,2015,CORN,ALL CLASSES,NON-IRRIGATED,non_irrigated,GRAIN,122.2,BU / ACRE,
31121,NE,MERRICK,2012,CORN,ALL CLASSES,NON-IRRIGATED,non_irrigated,GRAIN,26.8,BU / ACRE,
31121,NE,MERRICK,2011,CORN,ALL CLASSES,NON-IRRIGATED,non_irrigated,GRAIN,116.6,BU / ACRE,
31121,NE,MERRICK,2010,CORN,ALL CLASSES,NON-IRRIGATED,non_irrigated,GRAIN,109.3,BU / ACRE,
31121,NE,MERRICK,2009,CORN,ALL CLASSES,NON-IRRIGATED,non_irrigated,GRAIN,116.7,BU / ACRE,
31121,NE,MERRICK,2008,CORN,ALL CLASSES,NON-IRRIGATED,non_irrigated,GRAIN,93.0,BU / ACRE,
31125,NE,NANCE,2016,CORN,ALL CLASSES,NON-IRRIGATED,non_irrigated,GRAIN,160.9,BU / ACRE,
31125,NE,NANCE,2015,CORN,ALL CLASSES,NON-IRRIGATED,non_irrigated,GRAIN,156.9,BU / ACRE,
31125,NE,NANCE,2014,CORN,ALL CLASSES,NON-IRRIGATED,non_irrigated,GRAIN,154.4,BU / ACRE,
31125,NE,NANCE,2011,CORN,ALL CLASSES,NON-IRRIGATED,non_irrigated,GRAIN,141.1,BU / ACRE,
31125,NE,NANCE,2010,CORN,ALL CLASSES,NON-IRRIGATED,non_irrigated,GRAIN,133.3,BU / ACRE,
31125,NE,NANCE,2009,CORN,ALL CLASSES,NON-IRRIGATED,non_irrigated,GRAIN,145.8,BU / ACRE,
31125,NE,NANCE,2008,CORN,ALL CLASSES,NON-IRRIGATED,non_irrigated,GRAIN,137.0,BU / ACRE,
31141,NE,PLATTE,2018,CORN,ALL CLASSES,NON-IRRIGATED,non_irrigated,GRAIN,169.2,BU / ACRE,
31141,NE,PLATTE,2017,CORN,ALL CLASSES,NON-IRRIGATED,non_irrigated,GRAIN,168.8,BU / ACRE,
31141,NE,PLATTE,2016,CORN,ALL CLASSES,NON-IRRIGATED,non_irrigated,GRAIN,176.1,BU / ACRE,
31141,NE,PLATTE,2015,CORN,ALL CLASSES,NON-IRRIGATED,non_irrigated,GRAIN,188.0,BU / ACRE,
31141,NE,PLATTE,2014,CORN,ALL CLASSES,NON-IRRIGATED,non_irrigated,GRAIN,176.5,BU / ACRE,
31141,NE,PLATTE,2013,CORN,ALL CLASSES,NON-IRRIGATED,non_irrigated,GRAIN,167.0,BU / ACRE,
31141,NE,PLATTE,2012,CORN,ALL CLASSES,NON-IRRIGATED,non_irrigated,GRAIN,47.5,BU / ACRE,
31141,NE,PLATTE,2011,CORN,ALL CLASSES,NON-IRRIGATED,non_irrigated,GRAIN,153.3,BU / ACRE,
31141,NE,PLATTE,2010,CORN,ALL CLASSES,NON-IRRIGATED,non_irrigated,GRAIN,151.0,BU / ACRE,
31141,NE,PLATTE,2009,CORN,ALL CLASSES,NON-IRRIGATED,non_irrigated,GRAIN,171.0,BU / ACRE,
31141,NE,PLATTE,2008,CORN,ALL CLASSES,NON-IRRIGATED,non_irrigated,GRAIN,148.0,BU / ACRE,
31143,NE,POLK,2018,CORN,ALL CLASSES,NON-IRRIGATED,non_irrigated,GRAIN,183.9,BU / ACRE,
31143,NE,POLK,2016,CORN,ALL CLASSES,NON-IRRIGATED,non_irrigated,GRAIN,165.9,BU / ACRE,
31143,NE,POLK,2015,CORN,ALL CLASSES,NON-IRRIGATED,non_irrigated,GRAIN,171.6,BU / ACRE,
31143,NE,POLK,2014,CORN,ALL CLASSES,NON-IRRIGATED,non_irrigated,GRAIN,152.3,BU / ACRE,
31143,NE,POLK,2013,CORN,ALL CLASSES,NON-IRRIGATED,non_irrigated,GRAIN,127.8,BU / ACRE,
31143,NE,POLK,2012,CORN,ALL CLASSES,NON-IRRIGATED,non_irrigated,GRAIN,59.1,BU / ACRE,
31143,NE,POLK,2011,CORN,ALL CLASSES,NON-IRRIGATED,non_irrigated,GRAIN,148.0,BU / ACRE,
31143,NE,POLK,2010,CORN,ALL CLASSES,NON-IRRIGATED,non_irrigated,GRAIN,149.2,BU / ACRE,
31143,NE,POLK,2009,CORN,ALL CLASSES,NON-IRRIGATED,non_irrigated,GRAIN,157.9,BU / ACRE,
31143,NE,POLK,2008,CORN,ALL CLASSES,NON-IRRIGATED,non_irrigated,GRAIN,140.0,BU / ACRE,
31153,NE,SARPY,2017,CORN,ALL CLASSES,NON-IRRIGATED,non_irrigated,GRAIN,186.8,BU / ACRE,
31153,NE,SARPY,2016,CORN,ALL CLASSES,NON-IRRIGATED,non_irrigated,GRAIN,190.1,BU / ACRE,
31153,NE,SARPY,2014,CORN,ALL CLASSES,NON-IRRIGATED,non_irrigated,GRAIN,194.5,BU / ACRE,
31153,NE,SARPY,2013,CORN,ALL CLASSES,NON-IRRIGATED,non_irrigated,GRAIN,160.8,BU / ACRE,
31153,NE,SARPY,2012,CORN,ALL CLASSES,NON-IRRIGATED,non_irrigated,GRAIN,99.3,BU / ACRE,
31153,NE,SARPY,2011,CORN,ALL CLASSES,NON-IRRIGATED,non_irrigated,GRAIN,151.5,BU / ACRE,
31153,NE,SARPY,2009,CORN,ALL CLASSES,NON-IRRIGATED,non_irrigated,GRAIN,179.0,BU / ACRE,
31153,NE,SARPY,2008,CORN,ALL CLASSES,NON-IRRIGATED,non_irrigated,GRAIN,149.0,BU / ACRE,
31155,NE,SAUNDERS,2018,CORN,ALL CLASSES,NON-IRRIGATED,non_irrigated,GRAIN,184.8,BU / ACRE,
31155,NE,SAUNDERS,2017,CORN,ALL CLASSES,NON-IRRIGATED,non_irrigated,GRAIN,171.4,BU / ACRE,
31155,NE,SAUNDERS,2016,CORN,ALL CLASSES,NON-IRRIGATED,non_irrigated,GRAIN,169.2,BU / ACRE,
31155,NE,SAUNDERS,2015,CORN,ALL CLASSES,NON-IRRIGATED,non_irrigated,GRAIN,176.2,BU / ACRE,
31155,NE,SAUNDERS,2014,CORN,ALL CLASSES,NON-IRRIGATED,non_irrigated,GRAIN,171.3,BU / ACRE,
31155,NE,SAUNDERS,2013,CORN,ALL CLASSES,NON-IRRIGATED,non_irrigated,GRAIN,155.0,BU / ACRE,
31155,NE,SAUNDERS,2012,CORN,ALL CLASSES,NON-IRRIGATED,non_irrigated,GRAIN,79.7,BU / ACRE,
31155,NE,SAUNDERS,2010,CORN,ALL CLASSES,NON-IRRIGATED,non_irrigated,GRAIN,145.0,BU / ACRE,
31155,NE,SAUNDERS,2009,CORN,ALL CLASSES,NON-IRRIGATED,non_irrigated,GRAIN,167.9,BU / ACRE,
31155,NE,SAUNDERS,2008,CORN,ALL CLASSES,NON-IRRIGATED,non_irrigated,GRAIN,136.0,BU / ACRE,
31159,NE,SEWARD,2017,CORN,ALL CLASSES,NON-IRRIGATED,non_irrigated,GRAIN,171.7,BU / ACRE,
31159,NE,SEWARD,2016,CORN,ALL CLASSES,NON-IRRIGATED,non_irrigated,GRAIN,165.3,BU / ACRE,
31159,NE,SEWARD,2015,CORN,ALL CLASSES,NON-IRRIGATED,non_irrigated,GRAIN,153.3,BU / ACRE,
31159,NE,SEWARD,2014,CORN,ALL CLASSES,NON-IRRIGATED,non_irrigated,GRAIN,163.3,BU / ACRE,
31159,NE,SEWARD,2013,CORN,ALL CLASSES,NON-IRRIGATED,non_irrigated,GRAIN,142.7,BU / ACRE,
31159,NE,SEWARD,2012,CORN,ALL CLASSES,NON-IRRIGATED,non_irrigated,GRAIN,68.1,BU / ACRE,
31159,NE,SEWARD,2011,CORN,ALL CLASSES,NON-IRRIGATED,non_irrigated,GRAIN,137.4,BU / ACRE,
31159,NE,SEWARD,2010,CORN,ALL CLASSES,NON-IRRIGATED,non_irrigated,GRAIN,134.8,BU / ACRE,
31159,NE,SEWARD,2009,CORN,ALL CLASSES,NON-IRRIGATED,non_irrigated,GRAIN,150.8,BU / ACRE,
31159,NE,SEWARD,2008,CORN,ALL CLASSES,NON-IRRIGATED,non_irrigated,GRAIN,143.0,BU / ACRE,
31177,NE,WASHINGTON,2018,CORN,ALL CLASSES,NON-IRRIGATED,non_irrigated,GRAIN,189.4,BU / ACRE,
31177,NE,WASHINGTON,2016,CORN,ALL CLASSES,NON-IRRIGATED,non_irrigated,GRAIN,180.8,BU / ACRE,
31177,NE,WASHINGTON,2014,CORN,ALL CLASSES,NON-IRRIGATED,non_irrigated,GRAIN,155.8,BU / ACRE,
31177,NE,WASHINGTON,2013,CORN,ALL CLASSES,NON-IRRIGATED,non_irrigated,GRAIN,163.7,BU / ACRE,
31177,NE,WASHINGTON,2012,CORN,ALL CLASSES,NON-IRRIGATED,non_irrigated,GRAIN,89.2,BU / ACRE,
31177,NE,WASHINGTON,2011,CORN,ALL CLASSES,NON-IRRIGATED,non_irrigated,GRAIN,164.3,BU / ACRE,
31177,NE,WASHINGTON,2010,CORN,ALL CLASSES,NON-IRRIGATED,non_irrigated,GRAIN,163.1,BU / ACRE,
31177,NE,WASHINGTON,2009,CORN,ALL CLASSES,NON-IRRIGATED,non_irrigated,GRAIN,183.0,BU / ACRE,
31177,NE,WASHINGTON,2008,CORN,ALL CLASSES,NON-IRRIGATED,non_irrigated,GRAIN,151.0,BU / ACRE,
31185,NE,YORK,2017,CORN,ALL CLASSES,NON-IRRIGATED,non_irrigated,GRAIN,156.5,BU / ACRE,
31185,NE,YORK,2016,CORN,ALL CLASSES,NON-IRRIGATED,non_irrigated,GRAIN,158.2,BU / ACRE,
31185,NE,YORK,2015,CORN,ALL CLASSES,NON-IRRIGATED,non_irrigated,GRAIN,166.8,BU / ACRE,
31185,NE,YORK,2014,CORN,ALL CLASSES,NON-IRRIGATED,non_irrigated,GRAIN,148.1,BU / ACRE,
31185,NE,YORK,2013,CORN,ALL CLASSES,NON-IRRIGATED,non_irrigated,GRAIN,107.6,BU / ACRE,
31185,NE,YORK,2012,CORN,ALL CLASSES,NON-IRRIGATED,non_irrigated,GRAIN,54.1,BU / ACRE,
31185,NE,YORK,2011,CORN,ALL CLASSES,NON-IRRIGATED,non_irrigated,GRAIN,143.6,BU / ACRE,
31185,NE,YORK,2010,CORN,ALL CLASSES,NON-IRRIGATED,non_irrigated,GRAIN,149.5,BU / ACRE,
31185,NE,YORK,2009,CORN,ALL CLASSES,NON-IRRIGATED,non_irrigated,GRAIN,158.9,BU / ACRE,
31185,NE,YORK,2008,CORN,ALL CLASSES,NON-IRRIGATED,non_irrigated,GRAIN,154.0,BU / ACRE,
31029,NE,CHASE,2018,CORN,ALL CLASSES,NON-IRRIGATED,non_irrigated,GRAIN,104.7,BU / ACRE,
31029,NE,CHASE,2017,CORN,ALL CLASSES,NON-IRRIGATED,non_irrigated,GRAIN,82.4,BU / ACRE,
31029,NE,CHASE,2016,CORN,ALL CLASSES,NON-IRRIGATED,non_irrigated,GRAIN,88.7,BU / ACRE,
31029,NE,CHASE,2015,CORN,ALL CLASSES,NON-IRRIGATED,non_irrigated,GRAIN,77.0,BU / ACRE,
31029,NE,CHASE,2014,CORN,ALL CLASSES,NON-IRRIGATED,non_irrigated,GRAIN,80.9,BU / ACRE,
31029,NE,CHASE,2013,CORN,ALL CLASSES,NON-IRRIGATED,non_irrigated,GRAIN,31.5,BU / ACRE,
31029,NE,CHASE,2012,CORN,ALL CLASSES,NON-IRRIGATED,non_irrigated,GRAIN,17.4,BU / ACRE,
31029,NE,CHASE,2011,CORN,ALL CLASSES,NON-IRRIGATED,non_irrigated,GRAIN,73.2,BU / ACRE,
31029,NE,CHASE,2010,CORN,ALL CLASSES,NON-IRRIGATED,non_irrigated,GRAIN,87.2,BU / ACRE,
31029,NE,CHASE,2009,CORN,ALL CLASSES,NON-IRRIGATED,non_irrigated,GRAIN,91.5,BU / ACRE,
31029,NE,CHASE,2008,CORN,ALL CLASSES,NON-IRRIGATED,non_irrigated,GRAIN,82.0,BU / ACRE,
31057,NE,DUNDY,2018,CORN,ALL CLASSES,NON-IRRIGATED,non_irrigated,GRAIN,97.3,BU / ACRE,
31057,NE,DUNDY,2017,CORN,ALL CLASSES,NON-IRRIGATED,non_irrigated,GRAIN,73.2,BU / ACRE,
31057,NE,DUNDY,2016,CORN,ALL CLASSES,NON-IRRIGATED,non_irrigated,GRAIN,82.9,BU / ACRE,
31057,NE,DUNDY,2015,CORN,ALL CLASSES,NON-IRRIGATED,non_irrigated,GRAIN,81.6,BU / ACRE,
31057,NE,DUNDY,2014,CORN,ALL CLASSES,NON-IRRIGATED,non_irrigated,GRAIN,69.5,BU / ACRE,
31057,NE,DUNDY,2013,CORN,ALL CLASSES,NON-IRRIGATED,non_irrigated,GRAIN,32.9,BU / ACRE,
31057,NE,DUNDY,2012,CORN,ALL CLASSES,NON-IRRIGATED,non_irrigated,GRAIN,20.6,BU / ACRE,
31057,NE,DUNDY,2011,CORN,ALL CLASSES,NON-IRRIGATED,non_irrigated,GRAIN,69.7,BU / ACRE,
31057,NE,DUNDY,2010,CORN,ALL CLASSES,NON-IRRIGATED,non_irrigated,GRAIN,87.1,BU / ACRE,
31057,NE,DUNDY,2009,CORN,ALL CLASSES,NON-IRRIGATED,non_irrigated,GRAIN,81.5,BU / ACRE,
31057,NE,DUNDY,2008,CORN,ALL CLASSES,NON-IRRIGATED,non_irrigated,GRAIN,62.0,BU / ACRE,
31063,NE,FRONTIER,2017,CORN,ALL CLASSES,NON-IRRIGATED,non_irrigated,GRAIN,89.4,BU / ACRE,
31063,NE,FRONTIER,2016,CORN,ALL CLASSES,NON-IRRIGATED,non_irrigated,GRAIN,118.0,BU / ACRE,
31063,NE,FRONTIER,2015,CORN,ALL CLASSES,NON-IRRIGATED,non_irrigated,GRAIN,119.7,BU / ACRE,
31063,NE,FRONTIER,2014,CORN,ALL CLASSES,NON-IRRIGATED,non_irrigated,GRAIN,62.0,BU / ACRE,
31063,NE,FRONTIER,2013,CORN,ALL CLASSES,NON-IRRIGATED,non_irrigated,GRAIN,38.0,BU / ACRE,
31063,NE,FRONTIER,2012,CORN,ALL CLASSES,NON-IRRIGATED,non_irrigated,GRAIN,26.6,BU / ACRE,
31063,NE,FRONTIER,2011,CORN,ALL CLASSES,NON-IRRIGATED,non_irrigated,GRAIN,97.0,BU / ACRE,
31063,NE,FRONTIER,2010,CORN,ALL CLASSES,NON-IRRIGATED,non_irrigated,GRAIN,114.9,BU / ACRE,
31063,NE,FRONTIER,2009,CORN,ALL CLASSES,NON-IRRIGATED,non_irrigated,GRAIN,124.7,BU / ACRE,
31063,NE,FRONTIER,2008,CORN,ALL CLASSES,NON-IRRIGATED,non_irrigated,GRAIN,104.0,BU / ACRE,
31085,NE,HAYES,2017,CORN,ALL CLASSES,NON-IRRIGATED,non_irrigated,GRAIN,72.3,BU / ACRE,
31085,NE,HAYES,2015,CORN,ALL CLASSES,NON-IRRIGATED,non_irrigated,GRAIN,87.1,BU / ACRE,
31085,NE,HAYES,2013,CORN,ALL CLASSES,NON-IRRIGATED,non_irrigated,GRAIN,26.3,BU / ACRE,
31085,NE,HAYES,2012,CORN,ALL CLASSES,NON-IRRIGATED,non_irrigated,GRAIN,20.4,BU / ACRE,
31085,NE,HAYES,2011,CORN,ALL CLASSES,NON-IRRIGATED,non_irrigated,GRAIN,80.6,BU / ACRE,
31085,NE,HAYES,2010,CORN,ALL CLASSES,NON-IRRIGATED,non_irrigated,GRAIN,101.6,BU / ACRE,
31085,NE,HAYES,2009,CORN,ALL CLASSES,NON-IRRIGATED,non_irrigated,GRAIN,101.6,BU / ACRE,
31085,NE,HAYES,2008,CORN,ALL CLASSES,NON-IRRIGATED,non_irrigated,GRAIN,83.0,BU / ACRE,
31087,NE,HITCHCOCK,2018,CORN,ALL CLASSES,NON-IRRIGATED,non_irrigated,GRAIN,118.7,BU / ACRE,
31087,NE,HITCHCOCK,2016,CORN,ALL CLASSES,NON-IRRIGATED,non_irrigated,GRAIN,100.8,BU / ACRE,
31087,NE,HITCHCOCK,2014,CORN,ALL CLASSES,NON-IRRIGATED,non_irrigated,GRAIN,61.8,BU / ACRE,
31087,NE,HITCHCOCK,2013,CORN,ALL CLASSES,NON-IRRIGATED,non_irrigated,GRAIN,37.9,BU / ACRE,
31087,NE,HITCHCOCK,2012,CORN,ALL CLASSES,NON-IRRIGATED,non_irrigated,GRAIN,24.4,BU / ACRE,
31087,NE,HITCHCOCK,2011,CORN,ALL CLASSES,NON-IRRIGATED,non_irrigated,GRAIN,85.4,BU / ACRE,
31087,NE,HITCHCOCK,2010,CORN,ALL CLASSES,NON-IRRIGATED,non_irrigated,GRAIN,103.0,BU / ACRE,
31087,NE,HITCHCOCK,2009,CORN,ALL CLASSES,NON-IRRIGATED,non_irrigated,GRAIN,100.6,BU / ACRE,
31087,NE,HITCHCOCK,2008,CORN,ALL CLASSES,NON-IRRIGATED,non_irrigated,GRAIN,66.0,BU / ACRE,
31101,NE,KEITH,2018,CORN,ALL CLASSES,NON-IRRIGATED,non_irrigated,GRAIN,100.6,BU / ACRE,
31101,NE,KEITH,2017,CORN,ALL CLASSES,NON-IRRIGATED,non_irrigated,GRAIN,76.3,BU / ACRE,
31101,NE,KEITH,2015,CORN,ALL CLASSES,NON-IRRIGATED,non_irrigated,GRAIN,91.6,BU / ACRE,
31101,NE,KEITH,2014,CORN,ALL CLASSES,NON-IRRIGATED,non_irrigated,GRAIN,67.8,BU / ACRE,
31101,NE,KEITH,2013,CORN,ALL CLASSES,NON-IRRIGATED,non_irrigated,GRAIN,55.5,BU / ACRE,
31101,NE,KEITH,2012,CORN,ALL CLASSES,NON-IRRIGATED,non_irrigated,GRAIN,16.9,BU / ACRE,
31101,NE,KEITH,2011,CORN,ALL CLASSES,NON-IRRIGATED,non_irrigated,GRAIN,81.9,BU / ACRE,
31101,NE,KEITH,2010,CORN,ALL CLASSES,NON-IRRIGATED,non_irrigated,GRAIN,82.2,BU / ACRE,
31101,NE,KEITH,2009,CORN,ALL CLASSES,NON-IRRIGATED,non_irrigated,GRAIN,92.5,BU / ACRE,
31101,NE,KEITH,2008,CORN,ALL CLASSES,NON-IRRIGATED,non_irrigated,GRAIN,82.0,BU / ACRE,
31111,NE,LINCOLN,2018,CORN,ALL CLASSES,NON-IRRIGATED,non_irrigated,GRAIN,105.9,BU / ACRE,
31111,NE,LINCOLN,2017,CORN,ALL CLASSES,NON-IRRIGATED,non_irrigated,GRAIN,77.9,BU / ACRE,
31111,NE,LINCOLN,2016,CORN,ALL CLASSES,NON-IRRIGATED,non_irrigated,GRAIN,96.7,BU / ACRE,
31111,NE,LINCOLN,2015,CORN,ALL CLASSES,NON-IRRIGATED,non_irrigated,GRAIN,99.8,BU / ACRE,
31111,NE,LINCOLN,2014,CORN,ALL CLASSES,NON-IRRIGATED,non_irrigated,GRAIN,76.8,BU / ACRE,
31111,NE,LINCOLN,2013,CORN,ALL CLASSES,NON-IRRIGATED,non_irrigated,GRAIN,34.6,BU / ACRE,
31111,NE,LINCOLN,2012,CORN,ALL CLASSES,NON-IRRIGATED,non_irrigated,GRAIN,24.2,BU / ACRE,
31111,NE,LINCOLN,2011,CORN,ALL CLASSES,NON-IRRIGATED,non_irrigated,GRAIN,85.8,BU / ACRE,
31111,NE,LINCOLN,2010,CORN,ALL CLASSES,NON-IRRIGATED,non_irrigated,GRAIN,97.1,BU / ACRE,
31111,NE,LINCOLN,2009,CORN,ALL CLASSES,NON-IRRIGATED,non_irrigated,GRAIN,86.5,BU / ACRE,
31111,NE,LINCOLN,2008,CORN,ALL CLASSES,NON-IRRIGATED,non_irrigated,GRAIN,91.0,BU / ACRE,
31135,NE,PERKINS,2017,CORN,ALL CLASSES,NON-IRRIGATED,non_irrigated,GRAIN,81.9,BU / ACRE,
31135,NE,PERKINS,2016,CORN,ALL CLASSES,NON-IRRIGATED,non_irrigated,GRAIN,83.3,BU / ACRE,
31135,NE,PERKINS,2015,CORN,ALL CLASSES,NON-IRRIGATED,non_irrigated,GRAIN,86.9,BU / ACRE,
31135,NE,PERKINS,2014,CORN,ALL CLASSES,NON-IRRIGATED,non_irrigated,GRAIN,93.8,BU / ACRE,
31135,NE,PERKINS,2013,CORN,ALL CLASSES,NON-IRRIGATED,non_irrigated,GRAIN,48.6,BU / ACRE,
31135,NE,PERKINS,2012,CORN,ALL CLASSES,NON-IRRIGATED,non_irrigated,GRAIN,24.1,BU / ACRE,
31135,NE,PERKINS,2011,CORN,ALL CLASSES,NON-IRRIGATED,non_irrigated,GRAIN,77.7,BU / ACRE,
31135,NE,PERKINS,2010,CORN,ALL CLASSES,NON-IRRIGATED,non_irrigated,GRAIN,75.7,BU / ACRE,
31135,NE,PERKINS,2009,CORN,ALL CLASSES,NON-IRRIGATED,non_irrigated,GRAIN,84.2,BU / ACRE,
31135,NE,PERKINS,2008,CORN,ALL CLASSES,NON-IRRIGATED,non_irrigated,GRAIN,86.0,BU / ACRE,
31145,NE,RED WILLOW,2016,CORN,ALL CLASSES,NON-IRRIGATED,non_irrigated,GRAIN,119.3,BU / ACRE,
31145,NE,RED WILLOW,2013,CORN,ALL CLASSES,NON-IRRIGATED,non_irrigated,GRAIN,27.6,BU / ACRE,
31145,NE,RED WILLOW,2012,CORN,ALL CLASSES,NON-IRRIGATED,non_irrigated,GRAIN,21.1,BU / ACRE,
31145,NE,RED WILLOW,2011,CORN,ALL CLASSES,NON-IRRIGATED,non_irrigated,GRAIN,96.3,BU / ACRE,
31145,NE,RED WILLOW,2010,CORN,ALL CLASSES,NON-IRRIGATED,non_irrigated,GRAIN,116.9,BU / ACRE,
31145,NE,RED WILLOW,2009,CORN,ALL CLASSES,NON-IRRIGATED,non_irrigated,GRAIN,124.7,BU / ACRE,
31145,NE,RED WILLOW,2008,CORN,ALL CLASSES,NON-IRRIGATED,non_irrigated,GRAIN,103.0,BU / ACRE,
31001,NE,ADAMS,2018,CORN,ALL CLASSES,NON-IRRIGATED,non_irrigated,GRAIN,159.2,BU / ACRE,
31001,NE,ADAMS,2017,CORN,ALL CLASSES,NON-IRRIGATED,non_irrigated,GRAIN,147.5,BU / ACRE,
31001,NE,ADAMS,2016,CORN,ALL CLASSES,NON-IRRIGATED,non_irrigated,GRAIN,121.7,BU / ACRE,
31001,NE,ADAMS,2015,CORN,ALL CLASSES,NON-IRRIGATED,non_irrigated,GRAIN,128.7,BU / ACRE,
31001,NE,ADAMS,2014,CORN,ALL CLASSES,NON-IRRIGATED,non_irrigated,GRAIN,111.4,BU / ACRE,
31001,NE,ADAMS,2013,CORN,ALL CLASSES,NON-IRRIGATED,non_irrigated,GRAIN,97.7,BU / ACRE,
31001,NE,ADAMS,2012,CORN,ALL CLASSES,NON-IRRIGATED,non_irrigated,GRAIN,51.2,BU / ACRE,
31001,NE,ADAMS,2011,CORN,ALL CLASSES,NON-IRRIGATED,non_irrigated,GRAIN,140.7,BU / ACRE,
31001,NE,ADAMS,2010,CORN,ALL CLASSES,NON-IRRIGATED,non_irrigated,GRAIN,133.6,BU / ACRE,
31001,NE,ADAMS,2009,CORN,ALL CLASSES,NON-IRRIGATED,non_irrigated,GRAIN,112.6,BU / ACRE,
31001,NE,ADAMS,2008,CORN,ALL CLASSES,NON-IRRIGATED,non_irrigated,GRAIN,125.0,BU / ACRE,
31061,NE,FRANKLIN,2018,CORN,ALL CLASSES,NON-IRRIGATED,non_irrigated,GRAIN,129.1,BU / ACRE,
31061,NE,FRANKLIN,2016,CORN,ALL CLASSES,NON-IRRIGATED,non_irrigated,GRAIN,128.2,BU / ACRE,
31061,NE,FRANKLIN,2015,CORN,ALL CLASSES,NON-IRRIGATED,non_irrigated,GRAIN,109.3,BU / ACRE,
31061,NE,FRANKLIN,2014,CORN,ALL CLASSES,NON-IRRIGATED,non_irrigated,GRAIN,83.2,BU / ACRE,
31061,NE,FRANKLIN,2013,CORN,ALL CLASSES,NON-IRRIGATED,non_irrigated,GRAIN,61.6,BU / ACRE,
31061,NE,FRANKLIN,2012,CORN,ALL CLASSES,NON-IRRIGATED,non_irrigated,GRAIN,78.8,BU / ACRE,
31061,NE,FRANKLIN,2011,CORN,ALL CLASSES,NON-IRRIGATED,non_irrigated,GRAIN,140.7,BU / ACRE,
31061,NE,FRANKLIN,2010,CORN,ALL CLASSES,NON-IRRIGATED,non_irrigated,GRAIN,141.0,BU / ACRE,
31061,NE,FRANKLIN,2009,CORN,ALL CLASSES,NON-IRRIGATED,non_irrigated,GRAIN,142.8,BU / ACRE,
31061,NE,FRANKLIN,2008,CORN,ALL CLASSES,NON-IRRIGATED,non_irrigated,GRAIN,122.0,BU / ACRE,
31065,NE,FURNAS,2018,CORN,ALL CLASSES,NON-IRRIGATED,non_irrigated,GRAIN,132.6,BU / ACRE,
31065,NE,FURNAS,2017,CORN,ALL CLASSES,NON-IRRIGATED,non_irrigated,GRAIN,123.3,BU / ACRE,
31065,NE,FURNAS,2016,CORN,ALL CLASSES,NON-IRRIGATED,non_irrigated,GRAIN,125.5,BU / ACRE,
31065,NE,FURNAS,2014,CORN,ALL CLASSES,NON-IRRIGATED,non_irrigated,GRAIN,94.5,BU / ACRE,
31065,NE,FURNAS,2013,CORN,ALL CLASSES,NON-IRRIGATED,non_irrigated,GRAIN,29.8,BU / ACRE,
31065,NE,FURNAS,2012,CORN,ALL CLASSES,NON-IRRIGATED,non_irrigated,GRAIN,31.2,BU / ACRE,
31065,NE,FURNAS,2011,CORN,ALL CLASSES,NON-IRRIGATED,non_irrigated,GRAIN,100.8,BU / ACRE,
31065,NE,FURNAS,2010,CORN,ALL CLASSES,NON-IRRIGATED,non_irrigated,GRAIN,107.0,BU / ACRE,
31065,NE,FURNAS,2009,CORN,ALL CLASSES,NON-IRRIGATED,non_irrigated,GRAIN,131.0,BU / ACRE,
31065,NE,FURNAS,2008,CORN,ALL CLASSES,NON-IRRIGATED,non_irrigated,GRAIN,105.0,BU / ACRE,
31073,NE,GOSPER,2016,CORN,ALL CLASSES,NON-IRRIGATED,non_irrigated,GRAIN,124.7,BU / ACRE,
31073,NE,GOSPER,2013,CORN,ALL CLASSES,NON-IRRIGATED,non_irrigated,GRAIN,38.0,BU / ACRE,
31073,NE,GOSPER,2012,CORN,ALL CLASSES,NON-IRRIGATED,non_irrigated,GRAIN,29.0,BU / ACRE,
31073,NE,GOSPER,2011,CORN,ALL CLASSES,NON-IRRIGATED,non_irrigated,GRAIN,100.4,BU / ACRE,
31073,NE,GOSPER,2010,CORN,ALL CLASSES,NON-IRRIGATED,non_irrigated,GRAIN,125.5,BU / ACRE,
31073,NE,GOSPER,2009,CORN,ALL CLASSES,NON-IRRIGATED,non_irrigated,GRAIN,126.7,BU / ACRE,
31073,NE,GOSPER,2008,CORN,ALL CLASSES,NON-IRRIGATED,non_irrigated,GRAIN,109.0,BU / ACRE,
31083,NE,HARLAN,2016,CORN,ALL CLASSES,NON-IRRIGATED,non_irrigated,GRAIN,124.1,BU / ACRE,
31083,NE,HARLAN,2015,CORN,ALL CLASSES,NON-IRRIGATED,non_irrigated,GRAIN,128.8,BU / ACRE,
31083,NE,HARLAN,2014,CORN,ALL CLASSES,NON-IRRIGATED,non_irrigated,GRAIN,100.9,BU / ACRE,
31083,NE,HARLAN,2013,CORN,ALL CLASSES,NON-IRRIGATED,non_irrigated,GRAIN,35.5,BU / ACRE,
31083,NE,HARLAN,2012,CORN,ALL CLASSES,NON-IRRIGATED,non_irrigated,GRAIN,43.2,BU / ACRE,
31083,NE,HARLAN,2011,CORN,ALL CLASSES,NON-IRRIGATED,non_irrigated,GRAIN,127.2,BU / ACRE,
31083,NE,HARLAN,2010,CORN,ALL CLASSES,NON-IRRIGATED,non_irrigated,GRAIN,120.5,BU / ACRE,
31083,NE,HARLAN,2009,CORN,ALL CLASSES,NON-IRRIGATED,non_irrigated,GRAIN,135.8,BU / ACRE,
31083,NE,HARLAN,2008,CORN,ALL CLASSES,NON-IRRIGATED,non_irrigated,GRAIN,119.0,BU / ACRE,
31099,NE,KEARNEY,2017,CORN,ALL CLASSES,NON-IRRIGATED,non_irrigated,GRAIN,153.3,BU / ACRE,
31099,NE,KEARNEY,2016,CORN,ALL CLASSES,NON-IRRIGATED,non_irrigated,GRAIN,111.6,BU / ACRE,
31099,NE,KEARNEY,2015,CORN,ALL CLASSES,NON-IRRIGATED,non_irrigated,GRAIN,119.8,BU / ACRE,
31099,NE,KEARNEY,2014,CORN,ALL CLASSES,NON-IRRIGATED,non_irrigated,GRAIN,104.0,BU / ACRE,
31099,NE,KEARNEY,2013,CORN,ALL CLASSES,NON-IRRIGATED,non_irrigated,GRAIN,85.7,BU / ACRE,
31099,NE,KEARNEY,2012,CORN,ALL CLASSES,NON-IRRIGATED,non_irrigated,GRAIN,73.3,BU / ACRE,
31099,NE,KEARNEY,2011,CORN,ALL CLASSES,NON-IRRIGATED,non_irrigated,GRAIN,139.7,BU / ACRE,
31099,NE,KEARNEY,2010,CORN,ALL CLASSES,NON-IRRIGATED,non_irrigated,GRAIN,131.9,BU / ACRE,
31099,NE,KEARNEY,2009,CORN,ALL CLASSES,NON-IRRIGATED,non_irrigated,GRAIN,146.8,BU / ACRE,
31099,NE,KEARNEY,2008,CORN,ALL CLASSES,NON-IRRIGATED,non_irrigated,GRAIN,133.0,BU / ACRE,
31137,NE,PHELPS,2017,CORN,ALL CLASSES,NON-IRRIGATED,non_irrigated,GRAIN,133.7,BU / ACRE,
31137,NE,PHELPS,2016,CORN,ALL CLASSES,NON-IRRIGATED,non_irrigated,GRAIN,129.9,BU / ACRE,
31137,NE,PHELPS,2015,CORN,ALL CLASSES,NON-IRRIGATED,non_irrigated,GRAIN,128.2,BU / ACRE,
31137,NE,PHELPS,2013,CORN,ALL CLASSES,NON-IRRIGATED,non_irrigated,GRAIN,43.6,BU / ACRE,
31137,NE,PHELPS,2012,CORN,ALL CLASSES,NON-IRRIGATED,non_irrigated,GRAIN,42.9,BU / ACRE,
31137,NE,PHELPS,2011,CORN,ALL CLASSES,NON-IRRIGATED,non_irrigated,GRAIN,129.5,BU / ACRE,
31137,NE,PHELPS,2010,CORN,ALL CLASSES,NON-IRRIGATED,non_irrigated,GRAIN,134.8,BU / ACRE,
31137,NE,PHELPS,2009,CORN,ALL CLASSES,NON-IRRIGATED,non_irrigated,GRAIN,139.8,BU / ACRE,
31137,NE,PHELPS,2008,CORN,ALL CLASSES,NON-IRRIGATED,non_irrigated,GRAIN,122.0,BU / ACRE,
31181,NE,WEBSTER,2018,CORN,ALL CLASSES,NON-IRRIGATED,non_irrigated,GRAIN,132.7,BU / ACRE,
31181,NE,WEBSTER,2016,CORN,ALL CLASSES,NON-IRRIGATED,non_irrigated,GRAIN,115.9,BU / ACRE,
31181,NE,WEBSTER,2015,CORN,ALL CLASSES,NON-IRRIGATED,non_irrigated,GRAIN,120.2,BU / ACRE,
31181,NE,WEBSTER,2014,CORN,ALL CLASSES,NON-IRRIGATED,non_irrigated,GRAIN,104.9,BU / ACRE,
31181,NE,WEBSTER,2013,CORN,ALL CLASSES,NON-IRRIGATED,non_irrigated,GRAIN,86.7,BU / ACRE,
31181,NE,WEBSTER,2012,CORN,ALL CLASSES,NON-IRRIGATED,non_irrigated,GRAIN,67.3,BU / ACRE,
31181,NE,WEBSTER,2011,CORN,ALL CLASSES,NON-IRRIGATED,non_irrigated,GRAIN,125.4,BU / ACRE,
31181,NE,WEBSTER,2010,CORN,ALL CLASSES,NON-IRRIGATED,non_irrigated,GRAIN,128.1,BU / ACRE,
31181,NE,WEBSTER,2009,CORN,ALL CLASSES,NON-IRRIGATED,non_irrigated,GRAIN,122.7,BU / ACRE,
31181,NE,WEBSTER,2008,CORN,ALL CLASSES,NON-IRRIGATED,non_irrigated,GRAIN,134.0,BU / ACRE,
31035,NE,CLAY,2018,CORN,ALL CLASSES,NON-IRRIGATED,non_irrigated,GRAIN,145.0,BU / ACRE,
31035,NE,CLAY,2017,CORN,ALL CLASSES,NON-IRRIGATED,non_irrigated,GRAIN,143.4,BU / ACRE,
31035,NE,CLAY,2016,CORN,ALL CLASSES,NON-IRRIGATED,non_irrigated,GRAIN,121.9,BU / ACRE,
31035,NE,CLAY,2015,CORN,ALL CLASSES,NON-IRRIGATED,non_irrigated,GRAIN,145.8,BU / ACRE,
31035,NE,CLAY,2014,CORN,ALL CLASSES,NON-IRRIGATED,non_irrigated,GRAIN,145.4,BU / ACRE,
31035,NE,CLAY,2013,CORN,ALL CLASSES,NON-IRRIGATED,non_irrigated,GRAIN,89.8,BU / ACRE,
31035,NE,CLAY,2012,CORN,ALL CLASSES,NON-IRRIGATED,non_irrigated,GRAIN,65.1,BU / ACRE,
31035,NE,CLAY,2011,CORN,ALL CLASSES,NON-IRRIGATED,non_irrigated,GRAIN,137.5,BU / ACRE,
31035,NE,CLAY,2010,CORN,ALL CLASSES,NON-IRRIGATED,non_irrigated,GRAIN,138.0,BU / ACRE,
31035,NE,CLAY,2009,CORN,ALL CLASSES,NON-IRRIGATED,non_irrigated,GRAIN,108.6,BU / ACRE,
31035,NE,CLAY,2008,CORN,ALL CLASSES,NON-IRRIGATED,non_irrigated,GRAIN,154.0,BU / ACRE,
31059,NE,FILLMORE,2017,CORN,ALL CLASSES,NON-IRRIGATED,non_irrigated,GRAIN,130.5,BU / ACRE,
31059,NE,FILLMORE,2016,CORN,ALL CLASSES,NON-IRRIGATED,non_irrigated,GRAIN,138.9,BU / ACRE,
31059,NE,FILLMORE,2015,CORN,ALL CLASSES,NON-IRRIGATED,non_irrigated,GRAIN,149.5,BU / ACRE,
31059,NE,FILLMORE,2014,CORN,ALL CLASSES,NON-IRRIGATED,non_irrigated,GRAIN,161.9,BU / ACRE,
31059,NE,FILLMORE,2013,CORN,ALL CLASSES,NON-IRRIGATED,non_irrigated,GRAIN,106.2,BU / ACRE,
31059,NE,FILLMORE,2012,CORN,ALL CLASSES,NON-IRRIGATED,non_irrigated,GRAIN,51.5,BU / ACRE,
31059,NE,FILLMORE,2011,CORN,ALL CLASSES,NON-IRRIGATED,non_irrigated,GRAIN,136.6,BU / ACRE,
31059,NE,FILLMORE,2010,CORN,ALL CLASSES,NON-IRRIGATED,non_irrigated,GRAIN,123.5,BU / ACRE,
31059,NE,FILLMORE,2009,CORN,ALL CLASSES,NON-IRRIGATED,non_irrigated,GRAIN,117.6,BU / ACRE,
31059,NE,FILLMORE,2008,CORN,ALL CLASSES,NON-IRRIGATED,non_irrigated,GRAIN,145.0,BU / ACRE,
31067,NE,GAGE,2016,CORN,ALL CLASSES,NON-IRRIGATED,non_irrigated,GRAIN,125.2,BU / ACRE,
31067,NE,GAGE,2015,CORN,ALL CLASSES,NON-IRRIGATED,non_irrigated,GRAIN,142.4,BU / ACRE,
31067,NE,GAGE,2014,CORN,ALL CLASSES,NON-IRRIGATED,non_irrigated,GRAIN,158.7,BU / ACRE,
31067,NE,GAGE,2013,CORN,ALL CLASSES,NON-IRRIGATED,non_irrigated,GRAIN,134.2,BU / ACRE,
31067,NE,GAGE,2012,CORN,ALL CLASSES,NON-IRRIGATED,non_irrigated,GRAIN,58.0,BU / ACRE,
31067,NE,GAGE,2011,CORN,ALL CLASSES,NON-IRRIGATED,non_irrigated,GRAIN,123.9,BU / ACRE,
31067,NE,GAGE,2010,CORN,ALL CLASSES,NON-IRRIGATED,non_irrigated,GRAIN,124.1,BU / ACRE,
31067,NE,GAGE,2009,CORN,ALL CLASSES,NON-IRRIGATED,non_irrigated,GRAIN,137.8,BU / ACRE,
31067,NE,GAGE,2008,CORN,ALL CLASSES,NON-IRRIGATED,non_irrigated,GRAIN,131.0,BU / ACRE,
31095,NE,JEFFERSON,2015,CORN,ALL CLASSES,NON-IRRIGATED,non_irrigated,GRAIN,142.7,BU / ACRE,
31095,NE,JEFFERSON,2014,CORN,ALL CLASSES,NON-IRRIGATED,non_irrigated,GRAIN,155.4,BU / ACRE,
31095,NE,JEFFERSON,2013,CORN,ALL CLASSES,NON-IRRIGATED,non_irrigated,GRAIN,132.4,BU / ACRE,
31095,NE,JEFFERSON,2012,CORN,ALL CLASSES,NON-IRRIGATED,non_irrigated,GRAIN,51.1,BU / ACRE,
31095,NE,JEFFERSON,2011,CORN,ALL CLASSES,NON-IRRIGATED,non_irrigated,GRAIN,117.6,BU / ACRE,
31095,NE,JEFFERSON,2010,CORN,ALL CLASSES,NON-IRRIGATED,non_irrigated,GRAIN,123.8,BU / ACRE,
31095,NE,JEFFERSON,2009,CORN,ALL CLASSES,NON-IRRIGATED,non_irrigated,GRAIN,135.8,BU / ACRE,
31095,NE,JEFFERSON,2008,CORN,ALL CLASSES,NON-IRRIGATED,non_irrigated,GRAIN,142.0,BU / ACRE,
31097,NE,JOHNSON,2015,CORN,ALL CLASSES,NON-IRRIGATED,non_irrigated,GRAIN,136.2,BU / ACRE,
31097,NE,JOHNSON,2014,CORN,ALL CLASSES,NON-IRRIGATED,non_irrigated,GRAIN,148.4,BU / ACRE,
31097,NE,JOHNSON,2013,CORN,ALL CLASSES,NON-IRRIGATED,non_irrigated,GRAIN,135.1,BU / ACRE,
31097,NE,JOHNSON,2012,CORN,ALL CLASSES,NON-IRRIGATED,non_irrigated,GRAIN,56.8,BU / ACRE,
31097,NE,JOHNSON,2011,CORN,ALL CLASSES,NON-IRRIGATED,non_irrigated,GRAIN,107.2,BU / ACRE,
31097,NE,JOHNSON,2010,CORN,ALL CLASSES,NON-IRRIGATED,non_irrigated,GRAIN,121.8,BU / ACRE,
31097,NE,JOHNSON,2009,CORN,ALL CLASSES,NON-IRRIGATED,non_irrigated,GRAIN,143.8,BU / ACRE,
31097,NE,JOHNSON,2008,CORN,ALL CLASSES,NON-IRRIGATED,non_irrigated,GRAIN,117.0,BU / ACRE,
31127,NE,NEMAHA,2017,CORN,ALL CLASSES,NON-IRRIGATED,non_irrigated,GRAIN,171.3,BU / ACRE,
31127,NE,NEMAHA,2016,CORN,ALL CLASSES,NON-IRRIGATED,non_irrigated,GRAIN,143.8,BU / ACRE,
31127,NE,NEMAHA,2014,CORN,ALL CLASSES,NON-IRRIGATED,non_irrigated,GRAIN,172.6,BU / ACRE,
31127,NE,NEMAHA,2013,CORN,ALL CLASSES,NON-IRRIGATED,non_irrigated,GRAIN,154.8,BU / ACRE,
31127,NE,NEMAHA,2012,CORN,ALL CLASSES,NON-IRRIGATED,non_irrigated,GRAIN,95.9,BU / ACRE,
31127,NE,NEMAHA,2011,CORN,ALL CLASSES,NON-IRRIGATED,non_irrigated,GRAIN,149.5,BU / ACRE,
31127,NE,NEMAHA,2010,CORN,ALL CLASSES,NON-IRRIGATED,non_irrigated,GRAIN,140.1,BU / ACRE,
31127,NE,NEMAHA,2009,CORN,ALL CLASSES,NON-IRRIGATED,non_irrigated,GRAIN,166.4,BU / ACRE,
31127,NE,NEMAHA,2008,CORN,ALL CLASSES,NON-IRRIGATED,non_irrigated,GRAIN,138.0,BU / ACRE,
31129,NE,NUCKOLLS,2017,CORN,ALL CLASSES,NON-IRRIGATED,non_irrigated,GRAIN,153.9,BU / ACRE,
31129,NE,NUCKOLLS,2016,CORN,ALL CLASSES,NON-IRRIGATED,non_irrigated,GRAIN,141.7,BU / ACRE,
31129,NE,NUCKOLLS,2015,CORN,ALL CLASSES,NON-IRRIGATED,non_irrigated,GRAIN,141.4,BU / ACRE,
31129,NE,NUCKOLLS,2014,CORN,ALL CLASSES,NON-IRRIGATED,non_irrigated,GRAIN,151.9,BU / ACRE,
31129,NE,NUCKOLLS,2013,CORN,ALL CLASSES,NON-IRRIGATED,non_irrigated,GRAIN,129.9,BU / ACRE,
31129,NE,NUCKOLLS,2012,CORN,ALL CLASSES,NON-IRRIGATED,non_irrigated,GRAIN,95.1,BU / ACRE,
31129,NE,NUCKOLLS,2011,CORN,ALL CLASSES,NON-IRRIGATED,non_irrigated,GRAIN,127.6,BU / ACRE,
31129,NE,NUCKOLLS,2010,CORN,ALL CLASSES,NON-IRRIGATED,non_irrigated,GRAIN,119.9,BU / ACRE,
31129,NE,NUCKOLLS,2009,CORN,ALL CLASSES,NON-IRRIGATED,non_irrigated,GRAIN,127.7,BU / ACRE,
31129,NE,NUCKOLLS,2008,CORN,ALL CLASSES,NON-IRRIGATED,non_irrigated,GRAIN,145.0,BU / ACRE,
31131,NE,OTOE,2018,CORN,ALL CLASSES,NON-IRRIGATED,non_irrigated,GRAIN,163.1,BU / ACRE,
31131,NE,OTOE,2016,CORN,ALL CLASSES,NON-IRRIGATED,non_irrigated,GRAIN,163.7,BU / ACRE,
31131,NE,OTOE,2012,CORN,ALL CLASSES,NON-IRRIGATED,non_irrigated,GRAIN,79.0,BU / ACRE,
31131,NE,OTOE,2011,CORN,ALL CLASSES,NON-IRRIGATED,non_irrigated,GRAIN,137.4,BU / ACRE,
31131,NE,OTOE,2010,CORN,ALL CLASSES,NON-IRRIGATED,non_irrigated,GRAIN,130.8,BU / ACRE,
31131,NE,OTOE,2009,CORN,ALL CLASSES,NON-IRRIGATED,non_irrigated,GRAIN,165.9,BU / ACRE,
31131,NE,OTOE,2008,CORN,ALL CLASSES,NON-IRRIGATED,non_irrigated,GRAIN,130.0,BU / ACRE,
31133,NE,PAWNEE,2015,CORN,ALL CLASSES,NON-IRRIGATED,non_irrigated,GRAIN,148.4,BU / ACRE,
31133,NE,PAWNEE,2014,CORN,ALL CLASSES,NON-IRRIGATED,non_irrigated,GRAIN,146.9,BU / ACRE,
31133,NE,PAWNEE,2012,CORN,ALL CLASSES,NON-IRRIGATED,non_irrigated,GRAIN,66.0,BU / ACRE,
31133,NE,PAWNEE,2011,CORN,ALL CLASSES,NON-IRRIGATED,non_irrigated,GRAIN,109.9,BU / ACRE,
31133,NE,PAWNEE,2009,CORN,ALL CLASSES,NON-IRRIGATED,non_irrigated,GRAIN,129.7,BU / ACRE,
31133,NE,PAWNEE,2008,CORN,ALL CLASSES,NON-IRRIGATED,non_irrigated,GRAIN,129.0,BU / ACRE,
31147,NE,RICHARDSON,2016,CORN,ALL CLASSES,NON-IRRIGATED,non_irrigated,GRAIN,154.4,BU / ACRE,
31147,NE,RICHARDSON,2015,CORN,ALL CLASSES,NON-IRRIGATED,non_irrigated,GRAIN,158.1,BU / ACRE,
31147,NE,RICHARDSON,2013,CORN,ALL CLASSES,NON-IRRIGATED,non_irrigated,GRAIN,160.0,BU / ACRE,
31147,NE,RICHARDSON,2012,CORN,ALL CLASSES,NON-IRRIGATED,non_irrigated,GRAIN,101.1,BU / ACRE,
31147,NE,RICHARDSON,2011,CORN,ALL CLASSES,NON-IRRIGATED,non_irrigated,GRAIN,146.5,BU / ACRE,
31147,NE,RICHARDSON,2009,CORN,ALL CLASSES,NON-IRRIGATED,non_irrigated,GRAIN,163.9,BU / ACRE,
31147,NE,RICHARDSON,2008,CORN,ALL CLASSES,NON-IRRIGATED,non_irrigated,GRAIN,140.0,BU / ACRE,
31151,NE,SALINE,2018,CORN,ALL CLASSES,NON-IRRIGATED,non_irrigated,GRAIN,158.2,BU / ACRE,
31151,NE,SALINE,2017,CORN,ALL CLASSES,NON-IRRIGATED,non_irrigated,GRAIN,134.0,BU / ACRE,
31151,NE,SALINE,2016,CORN,ALL CLASSES,NON-IRRIGATED,non_irrigated,GRAIN,137.1,BU / ACRE,
31151,NE,SALINE,2013,CORN,ALL CLASSES,NON-IRRIGATED,non_irrigated,GRAIN,121.8,BU / ACRE,
31151,NE,SALINE,2012,CORN,ALL CLASSES,NON-IRRIGATED,non_irrigated,GRAIN,50.6,BU / ACRE,
31151,NE,SALINE,2011,CORN,ALL CLASSES,NON-IRRIGATED,non_irrigated,GRAIN,120.7,BU / ACRE,
31151,NE,SALINE,2010,CORN,ALL CLASSES,NON-IRRIGATED,non_irrigated,GRAIN,116.2,BU / ACRE,
31151,NE,SALINE,2009,CORN,ALL CLASSES,NON-IRRIGATED,non_irrigated,GRAIN,126.7,BU / ACRE,
31151,NE,SALINE,2008,CORN,ALL CLASSES,NON-IRRIGATED,non_irrigated,GRAIN,134.0,BU / ACRE,
31169,NE,THAYER,2018,CORN,ALL CLASSES,NON-IRRIGATED,non_irrigated,GRAIN,116.8,BU / ACRE,
31169,NE,THAYER,2015,CORN,ALL CLASSES,NON-IRRIGATED,non_irrigated,GRAIN,140.5,BU / ACRE,
31169,NE,THAYER,2014,CORN,ALL CLASSES,NON-IRRIGATED,non_irrigated,GRAIN,148.6,BU / ACRE,
31169,NE,THAYER,2013,CORN,ALL CLASSES,NON-IRRIGATED,non_irrigated,GRAIN,111.9,BU / ACRE,
31169,NE,THAYER,2012,CORN,ALL CLASSES,NON-IRRIGATED,non_irrigated,GRAIN,81.9,BU / ACRE,
31169,NE,THAYER,2011,CORN,ALL CLASSES,NON-IRRIGATED,non_irrigated,GRAIN,123.8,BU / ACRE,
31169,NE,THAYER,2010,CORN,ALL CLASSES,NON-IRRIGATED,non_irrigated,GRAIN,118.1,BU / ACRE,
31169,NE,THAYER,2009,CORN,ALL CLASSES,NON-IRRIGATED,non_irrigated,GRAIN,130.7,BU / ACRE,
31169,NE,THAYER,2008,CORN,ALL CLASSES,NON-IRRIGATED,non_irrigated,GRAIN,142.0,BU / ACRE,
31015,NE,BOYD,2012,SOYBEANS,ALL CLASSES,IRRIGATED,irrigated,ALL UTILIZATION PRACTICES,59.8,BU / ACRE,
31015,NE,BOYD,2011,SOYBEANS,ALL CLASSES,IRRIGATED,irrigated,ALL UTILIZATION PRACTICES,59.1,BU / ACRE,
31015,NE,BOYD,2010,SOYBEANS,ALL CLASSES,IRRIGATED,irrigated,ALL UTILIZATION PRACTICES,52.0,BU / ACRE,
31015,NE,BOYD,2009,SOYBEANS,ALL CLASSES,IRRIGATED,irrigated,ALL UTILIZATION PRACTICES,57.0,BU / ACRE,
31015,NE,BOYD,2008,SOYBEANS,ALL CLASSES,IRRIGATED,irrigated,ALL UTILIZATION PRACTICES,54.0,BU / ACRE,
31017,NE,BROWN,2010,SOYBEANS,ALL CLASSES,IRRIGATED,irrigated,ALL UTILIZATION PRACTICES,52.0,BU / ACRE,
31071,NE,GARFIELD,2011,SOYBEANS,ALL CLASSES,IRRIGATED,irrigated,ALL UTILIZATION PRACTICES,53.8,BU / ACRE,
31089,NE,HOLT,2012,SOYBEANS,ALL CLASSES,IRRIGATED,irrigated,ALL UTILIZATION PRACTICES,59.7,BU / ACRE,
31089,NE,HOLT,2011,SOYBEANS,ALL CLASSES,IRRIGATED,irrigated,ALL UTILIZATION PRACTICES,58.7,BU / ACRE,
31089,NE,HOLT,2010,SOYBEANS,ALL CLASSES,IRRIGATED,irrigated,ALL UTILIZATION PRACTICES,47.0,BU / ACRE,
31089,NE,HOLT,2009,SOYBEANS,ALL CLASSES,IRRIGATED,irrigated,ALL UTILIZATION PRACTICES,59.0,BU / ACRE,
31089,NE,HOLT,2008,SOYBEANS,ALL CLASSES,IRRIGATED,irrigated,ALL UTILIZATION PRACTICES,53.0,BU / ACRE,
31103,NE,KEYA PAHA,2013,SOYBEANS,ALL CLASSES,IRRIGATED,irrigated,ALL UTILIZATION PRACTICES,60.6,BU / ACRE,
31103,NE,KEYA PAHA,2011,SOYBEANS,ALL CLASSES,IRRIGATED,irrigated,ALL UTILIZATION PRACTICES,51.3,BU / ACRE,
31103,NE,KEYA PAHA,2010,SOYBEANS,ALL CLASSES,IRRIGATED,irrigated,ALL UTILIZATION PRACTICES,56.2,BU / ACRE,
31113,NE,LOGAN,2017,SOYBEANS,ALL CLASSES,IRRIGATED,irrigated,ALL UTILIZATION PRACTICES,62.4,BU / ACRE,
31113,NE,LOGAN,2013,SOYBEANS,ALL CLASSES,IRRIGATED,irrigated,ALL UTILIZATION PRACTICES,69.7,BU / ACRE,
31113,NE,LOGAN,2011,SOYBEANS,ALL CLASSES,IRRIGATED,irrigated,ALL UTILIZATION PRACTICES,63.0,BU / ACRE,
31113,NE,LOGAN,2009,SOYBEANS,ALL CLASSES,IRRIGATED,irrigated,ALL UTILIZATION PRACTICES,54.0,BU / ACRE,
31149,NE,ROCK,2013,SOYBEANS,ALL CLASSES,IRRIGATED,irrigated,ALL UTILIZATION PRACTICES,53.6,BU / ACRE,
31183,NE,WHEELER,2011,SOYBEANS,ALL CLASSES,IRRIGATED,irrigated,ALL UTILIZATION PRACTICES,56.8,BU / ACRE,
31003,NE,ANTELOPE,2017,SOYBEANS,ALL CLASSES,IRRIGATED,irrigated,ALL UTILIZATION PRACTICES,63.6,BU / ACRE,
31003,NE,ANTELOPE,2016,SOYBEANS,ALL CLASSES,IRRIGATED,irrigated,ALL UTILIZATION PRACTICES,66.7,BU / ACRE,
31003,NE,ANTELOPE,2015,SOYBEANS,ALL CLASSES,IRRIGATED,irrigated,ALL UTILIZATION PRACTICES,63.5,BU / ACRE,
31003,NE,ANTELOPE,2014,SOYBEANS,ALL CLASSES,IRRIGATED,irrigated,ALL UTILIZATION PRACTICES,59.0,BU / ACRE,
31003,NE,ANTELOPE,2013,SOYBEANS,ALL CLASSES,IRRIGATED,irrigated,ALL UTILIZATION PRACTICES,60.6,BU / ACRE,
31003,NE,ANTELOPE,2012,SOYBEANS,ALL CLASSES,IRRIGATED,irrigated,ALL UTILIZATION PRACTICES,61.2,BU / ACRE,
31003,NE,ANTELOPE,2011,SOYBEANS,ALL CLASSES,IRRIGATED,irrigated,ALL UTILIZATION PRACTICES,56.5,BU / ACRE,
31003,NE,ANTELOPE,2010,SOYBEANS,ALL CLASSES,IRRIGATED,irrigated,ALL UTILIZATION PRACTICES,60.0,BU / ACRE,
31003,NE,ANTELOPE,2009,SOYBEANS,ALL CLASSES,IRRIGATED,irrigated,ALL UTILIZATION PRACTICES,61.0,BU / ACRE,
31003,NE,ANTELOPE,2008,SOYBEANS,ALL CLASSES,IRRIGATED,irrigated,ALL UTILIZATION PRACTICES,57.0,BU / ACRE,
31011,NE,BOONE,2018,SOYBEANS,ALL CLASSES,IRRIGATED,irrigated,ALL UTILIZATION PRACTICES,64.8,BU / ACRE,
31011,NE,BOONE,2017,SOYBEANS,ALL CLASSES,IRRIGATED,irrigated,ALL UTILIZATION PRACTICES,65.1,BU / ACRE,
31011,NE,BOONE,2016,SOYBEANS,ALL CLASSES,IRRIGATED,irrigated,ALL UTILIZATION PRACTICES,68.5,BU / ACRE,
31011,NE,BOONE,2015,SOYBEANS,ALL CLASSES,IRRIGATED,irrigated,ALL UTILIZATION PRACTICES,62.3,BU / ACRE,
31011,NE,BOONE,2014,SOYBEANS,ALL CLASSES,IRRIGATED,irrigated,ALL UTILIZATION PRACTICES,59.5,BU / ACRE,
31011,NE,BOONE,2013,SOYBEANS,ALL CLASSES,IRRIGATED,irrigated,ALL UTILIZATION PRACTICES,63.4,BU / ACRE,
31011,NE,BOONE,2012,SOYBEANS,ALL CLASSES,IRRIGATED,irrigated,ALL UTILIZATION PRACTICES,56.6,BU / ACRE,
31011,NE,BOONE,2011,SOYBEANS,ALL CLASSES,IRRIGATED,irrigated,ALL UTILIZATION PRACTICES,56.7,BU / ACRE,
31011,NE,BOONE,2010,SOYBEANS,ALL CLASSES,IRRIGATED,irrigated,ALL UTILIZATION PRACTICES,58.2,BU / ACRE,
31011,NE,BOONE,2009,SOYBEANS,ALL CLASSES,IRRIGATED,irrigated,ALL UTILIZATION PRACTICES,60.0,BU / ACRE,
31011,NE,BOONE,2008,SOYBEANS,ALL CLASSES,IRRIGATED,irrigated,ALL UTILIZATION PRACTICES,53.0,BU / ACRE,
31021,NE,BURT,2014,SOYBEANS,ALL CLASSES,IRRIGATED,irrigated,ALL UTILIZATION PRACTICES,48.2,BU / ACRE,
31021,NE,BURT,2013,SOYBEANS,ALL CLASSES,IRRIGATED,irrigated,ALL UTILIZATION PRACTICES,60.6,BU / ACRE,
31021,NE,BURT,2012,SOYBEANS,ALL CLASSES,IRRIGATED,irrigated,ALL UTILIZATION PRACTICES,50.2,BU / ACRE,
31021,NE,BURT,2010,SOYBEANS,ALL CLASSES,IRRIGATED,irrigated,ALL UTILIZATION PRACTICES,52.7,BU / ACRE,
31021,NE,BURT,2009,SOYBEANS,ALL CLASSES,IRRIGATED,irrigated,ALL UTILIZATION PRACTICES,56.0,BU / ACRE,
31021,NE,BURT,2008,SOYBEANS,ALL CLASSES,IRRIGATED,irrigated,ALL UTILIZATION PRACTICES,50.0,BU / ACRE,
31027,NE,CEDAR,2018,SOYBEANS,ALL CLASSES,IRRIGATED,irrigated,ALL UTILIZATION PRACTICES,63.6,BU / ACRE,
31027,NE,CEDAR,2017,SOYBEANS,ALL CLASSES,IRRIGATED,irrigated,ALL UTILIZATION PRACTICES,63.2,BU / ACRE,
31027,NE,CEDAR,2016,SOYBEANS,ALL CLASSES,IRRIGATED,irrigated,ALL UTILIZATION PRACTICES,63.5,BU / ACRE,
31027,NE,CEDAR,2015,SOYBEANS,ALL CLASSES,IRRIGATED,irrigated,ALL UTILIZATION PRACTICES,62.4,BU / ACRE,
31027,NE,CEDAR,2014,SOYBEANS,ALL CLASSES,IRRIGATED,irrigated,ALL UTILIZATION PRACTICES,56.3,BU / ACRE,
31027,NE,CEDAR,2013,SOYBEANS,ALL CLASSES,IRRIGATED,irrigated,ALL UTILIZATION PRACTICES,62.1,BU / ACRE,
31027,NE,CEDAR,2012,SOYBEANS,ALL CLASSES,IRRIGATED,irrigated,ALL UTILIZATION PRACTICES,51.5,BU / ACRE,
31027,NE,CEDAR,2011,SOYBEANS,ALL CLASSES,IRRIGATED,irrigated,ALL UTILIZATION PRACTICES,55.0,BU / ACRE,
31027,NE,CEDAR,2010,SOYBEANS,ALL CLASSES,IRRIGATED,irrigated,ALL UTILIZATION PRACTICES,57.0,BU / ACRE,
31027,NE,CEDAR,2009,SOYBEANS,ALL CLASSES,IRRIGATED,irrigated,ALL UTILIZATION PRACTICES,57.0,BU / ACRE,
31027,NE,CEDAR,2008,SOYBEANS,ALL CLASSES,IRRIGATED,irrigated,ALL UTILIZATION PRACTICES,53.0,BU / ACRE,
31039,NE,CUMING,2016,SOYBEANS,ALL CLASSES,IRRIGATED,irrigated,ALL UTILIZATION PRACTICES,62.7,BU / ACRE,
31039,NE,CUMING,2015,SOYBEANS,ALL CLASSES,IRRIGATED,irrigated,ALL UTILIZATION PRACTICES,64.9,BU / ACRE,
31039,NE,CUMING,2011,SOYBEANS,ALL CLASSES,IRRIGATED,irrigated,ALL UTILIZATION PRACTICES,58.1,BU / ACRE,
31039,NE,CUMING,2009,SOYBEANS,ALL CLASSES,IRRIGATED,irrigated,ALL UTILIZATION PRACTICES,62.0,BU / ACRE,
31039,NE,CUMING,2008,SOYBEANS,ALL CLASSES,IRRIGATED,irrigated,ALL UTILIZATION PRACTICES,51.0,BU / ACRE,
31043,NE,DAKOTA,2014,SOYBEANS,ALL CLASSES,IRRIGATED,irrigated,ALL UTILIZATION PRACTICES,63.6,BU / ACRE,
31043,NE,DAKOTA,2013,SOYBEANS,ALL CLASSES,IRRIGATED,irrigated,ALL UTILIZATION PRACTICES,61.7,BU / ACRE,
31051,NE,DIXON,2008,SOYBEANS,ALL CLASSES,IRRIGATED,irrigated,ALL UTILIZATION PRACTICES,50.0,BU / ACRE,
31107,NE,KNOX,2014,SOYBEANS,ALL CLASSES,IRRIGATED,irrigated,ALL UTILIZATION PRACTICES,57.5,BU / ACRE,
31107,NE,KNOX,2013,SOYBEANS,ALL CLASSES,IRRIGATED,irrigated,ALL UTILIZATION PRACTICES,59.1,BU / ACRE,
31107,NE,KNOX,2012,SOYBEANS,ALL CLASSES,IRRIGATED,irrigated,ALL UTILIZATION PRACTICES,55.8,BU / ACRE,
31107,NE,KNOX,2011,SOYBEANS,ALL CLASSES,IRRIGATED,irrigated,ALL UTILIZATION PRACTICES,56.5,BU / ACRE,
31107,NE,KNOX,2010,SOYBEANS,ALL CLASSES,IRRIGATED,irrigated,ALL UTILIZATION PRACTICES,61.0,BU / ACRE,
31107,NE,KNOX,2009,SOYBEANS,ALL CLASSES,IRRIGATED,irrigated,ALL UTILIZATION PRACTICES,61.0,BU / ACRE,
31107,NE,KNOX,2008,SOYBEANS,ALL CLASSES,IRRIGATED,irrigated,ALL UTILIZATION PRACTICES,50.0,BU / ACRE,
31119,NE,MADISON,2017,SOYBEANS,ALL CLASSES,IRRIGATED,irrigated,ALL UTILIZATION PRACTICES,61.2,BU / ACRE,
31119,NE,MADISON,2016,SOYBEANS,ALL CLASSES,IRRIGATED,irrigated,ALL UTILIZATION PRACTICES,63.3,BU / ACRE,
31119,NE,MADISON,2015,SOYBEANS,ALL CLASSES,IRRIGATED,irrigated,ALL UTILIZATION PRACTICES,61.8,BU / ACRE,
31119,NE,MADISON,2014,SOYBEANS,ALL CLASSES,IRRIGATED,irrigated,ALL UTILIZATION PRACTICES,56.5,BU / ACRE,
31119,NE,MADISON,2013,SOYBEANS,ALL CLASSES,IRRIGATED,irrigated,ALL UTILIZATION PRACTICES,58.9,BU / ACRE,
31119,NE,MADISON,2012,SOYBEANS,ALL CLASSES,IRRIGATED,irrigated,ALL UTILIZATION PRACTICES,54.1,BU / ACRE,
31119,NE,MADISON,2010,SOYBEANS,ALL CLASSES,IRRIGATED,irrigated,ALL UTILIZATION PRACTICES,58.0,BU / ACRE,
31119,NE,MADISON,2009,SOYBEANS,ALL CLASSES,IRRIGATED,irrigated,ALL UTILIZATION PRACTICES,58.0,BU / ACRE,
31119,NE,MADISON,2008,SOYBEANS,ALL CLASSES,IRRIGATED,irrigated,ALL UTILIZATION PRACTICES,52.0,BU / ACRE,
31139,NE,PIERCE,2016,SOYBEANS,ALL CLASSES,IRRIGATED,irrigated,ALL UTILIZATION PRACTICES,63.3,BU / ACRE,
31139,NE,PIERCE,2015,SOYBEANS,ALL CLASSES,IRRIGATED,irrigated,ALL UTILIZATION PRACTICES,60.3,BU / ACRE,
31139,NE,PIERCE,2014,SOYBEANS,ALL CLASSES,IRRIGATED,irrigated,ALL UTILIZATION PRACTICES,53.4,BU / ACRE,
31139,NE,PIERCE,2013,SOYBEANS,ALL CLASSES,IRRIGATED,irrigated,ALL UTILIZATION PRACTICES,59.1,BU / ACRE,
31139,NE,PIERCE,2012,SOYBEANS,ALL CLASSES,IRRIGATED,irrigated,ALL UTILIZATION PRACTICES,58.5,BU / ACRE,
31139,NE,PIERCE,2011,SOYBEANS,ALL CLASSES,IRRIGATED,irrigated,ALL UTILIZATION PRACTICES,53.3,BU / ACRE,
31139,NE,PIERCE,2010,SOYBEANS,ALL CLASSES,IRRIGATED,irrigated,ALL UTILIZATION PRACTICES,56.3,BU / ACRE,
31139,NE,PIERCE,2009,SOYBEANS,ALL CLASSES,IRRIGATED,irrigated,ALL UTILIZATION PRACTICES,56.0,BU / ACRE,
31139,NE,PIERCE,2008,SOYBEANS,ALL CLASSES,IRRIGATED,irrigated,ALL UTILIZATION PRACTICES,52.0,BU / ACRE,
31167,NE,STANTON,2013,SOYBEANS,ALL CLASSES,IRRIGATED,irrigated,ALL UTILIZATION PRACTICES,59.9,BU / ACRE,
31167,NE,STANTON,2012,SOYBEANS,ALL CLASSES,IRRIGATED,irrigated,ALL UTILIZATION PRACTICES,52.1,BU / ACRE,
31167,NE,STANTON,2011,SOYBEANS,ALL CLASSES,IRRIGATED,irrigated,ALL UTILIZATION PRACTICES,51.3,BU / ACRE,
31167,NE,STANTON,2010,SOYBEANS,ALL CLASSES,IRRIGATED,irrigated,ALL UTILIZATION PRACTICES,56.6,BU / ACRE,
31167,NE,STANTON,2009,SOYBEANS,ALL CLASSES,IRRIGATED,irrigated,ALL UTILIZATION PRACTICES,58.0,BU / ACRE,
31167,NE,STANTON,2008,SOYBEANS,ALL CLASSES,IRRIGATED,irrigated,ALL UTILIZATION PRACTICES,49.0,BU / ACRE,
31179,NE,WAYNE,2013,SOYBEANS,ALL CLASSES,IRRIGATED,irrigated,ALL UTILIZATION PRACTICES,60.4,BU / ACRE,
31179,NE,WAYNE,2012,SOYBEANS,ALL CLASSES,IRRIGATED,irrigated,ALL UTILIZATION PRACTICES,56.7,BU / ACRE,
31179,NE,WAYNE,2011,SOYBEANS,ALL CLASSES,IRRIGATED,irrigated,ALL UTILIZATION PRACTICES,55.0,BU / ACRE,
31179,NE,WAYNE,2010,SOYBEANS,ALL CLASSES,IRRIGATED,irrigated,ALL UTILIZATION PRACTICES,56.4,BU / ACRE,
31179,NE,WAYNE,2009,SOYBEANS,ALL CLASSES,IRRIGATED,irrigated,ALL UTILIZATION PRACTICES,60.0,BU / ACRE,
31179,NE,WAYNE,2008,SOYBEANS,ALL CLASSES,IRRIGATED,irrigated,ALL UTILIZATION PRACTICES,53.0,BU / ACRE,
31019,NE,BUFFALO,2017,SOYBEANS,ALL CLASSES,IRRIGATED,irrigated,ALL UTILIZATION PRACTICES,71.6,BU / ACRE,
31019,NE,BUFFALO,2016,SOYBEANS,ALL CLASSES,IRRIGATED,irrigated,ALL UTILIZATION PRACTICES,72.3,BU / ACRE,
31019,NE,BUFFALO,2015,SOYBEANS,ALL CLASSES,IRRIGATED,irrigated,ALL UTILIZATION PRACTICES,69.1,BU / ACRE,
31019,NE,BUFFALO,2014,SOYBEANS,ALL CLASSES,IRRIGATED,irrigated,ALL UTILIZATION PRACTICES,64.1,BU / ACRE,
31019,NE,BUFFALO,2013,SOYBEANS,ALL CLASSES,IRRIGATED,irrigated,ALL UTILIZATION PRACTICES,66.2,BU / ACRE,
31019,NE,BUFFALO,2012,SOYBEANS,ALL CLASSES,IRRIGATED,irrigated,ALL UTILIZATION PRACTICES,65.5,BU / ACRE,
31019,NE,BUFFALO,2011,SOYBEANS,ALL CLASSES,IRRIGATED,irrigated,ALL UTILIZATION PRACTICES,65.7,BU / ACRE,
31019,NE,BUFFALO,2010,SOYBEANS,ALL CLASSES,IRRIGATED,irrigated,ALL UTILIZATION PRACTICES,64.0,BU / ACRE,
31019,NE,BUFFALO,2009,SOYBEANS,ALL CLASSES,IRRIGATED,irrigated,ALL UTILIZATION PRACTICES,62.0,BU / ACRE,
31019,NE,BUFFALO,2008,SOYBEANS,ALL CLASSES,IRRIGATED,irrigated,ALL UTILIZATION PRACTICES,55.0,BU / ACRE,
31041,NE,CUSTER,2016,SOYBEANS,ALL CLASSES,IRRIGATED,irrigated,ALL UTILIZATION PRACTICES,68.3,BU / ACRE,
31041,NE,CUSTER,2015,SOYBEANS,ALL CLASSES,IRRIGATED,irrigated,ALL UTILIZATION PRACTICES,65.3,BU / ACRE,
31041,NE,CUSTER,2014,SOYBEANS,ALL CLASSES,IRRIGATED,irrigated,ALL UTILIZATION PRACTICES,56.0,BU / ACRE,
31041,NE,CUSTER,2013,SOYBEANS,ALL CLASSES,IRRIGATED,irrigated,ALL UTILIZATION PRACTICES,64.5,BU / ACRE,
31041,NE,CUSTER,2012,SOYBEANS,ALL CLASSES,IRRIGATED,irrigated,ALL UTILIZATION PRACTICES,62.2,BU / ACRE,
31041,NE,CUSTER,2011,SOYBEANS,ALL CLASSES,IRRIGATED,irrigated,ALL UTILIZATION PRACTICES,58.6,BU / ACRE,
31041,NE,CUSTER,2010,SOYBEANS,ALL CLASSES,IRRIGATED,irrigated,ALL UTILIZATION PRACTICES,59.0,BU / ACRE,
31041,NE,CUSTER,2009,SOYBEANS,ALL CLASSES,IRRIGATED,irrigated,ALL UTILIZATION PRACTICES,58.0,BU / ACRE,
31041,NE,CUSTER,2008,SOYBEANS,ALL CLASSES,IRRIGATED,irrigated,ALL UTILIZATION PRACTICES,54.0,BU / ACRE,
31047,NE,DAWSON,2012,SOYBEANS,ALL CLASSES,IRRIGATED,irrigated,ALL UTILIZATION PRACTICES,64.7,BU / ACRE,
31047,NE,DAWSON,2011,SOYBEANS,ALL CLASSES,IRRIGATED,irrigated,ALL UTILIZATION PRACTICES,63.7,BU / ACRE,
31047,NE,DAWSON,2010,SOYBEANS,ALL CLASSES,IRRIGATED,irrigated,ALL UTILIZATION PRACTICES,62.1,BU / ACRE,
31047,NE,DAWSON,2009,SOYBEANS,ALL CLASSES,IRRIGATED,irrigated,ALL UTILIZATION PRACTICES,66.0,BU / ACRE,
31047,NE,DAWSON,2008,SOYBEANS,ALL CLASSES,IRRIGATED,irrigated,ALL UTILIZATION PRACTICES,56.0,BU / ACRE,
31077,NE,GREELEY,2018,SOYBEANS,ALL CLASSES,IRRIGATED,irrigated,ALL UTILIZATION PRACTICES,62.3,BU / ACRE,
31077,NE,GREELEY,2014,SOYBEANS,ALL CLASSES,IRRIGATED,irrigated,ALL UTILIZATION PRACTICES,54.2,BU / ACRE,
31077,NE,GREELEY,2011,SOYBEANS,ALL CLASSES,IRRIGATED,irrigated,ALL UTILIZATION PRACTICES,56.6,BU / ACRE,
31077,NE,GREELEY,2010,SOYBEANS,ALL CLASSES,IRRIGATED,irrigated,ALL UTILIZATION PRACTICES,53.5,BU / ACRE,
31077,NE,GREELEY,2009,SOYBEANS,ALL CLASSES,IRRIGATED,irrigated,ALL UTILIZATION PRACTICES,61.0,BU / ACRE,
31077,NE,GREELEY,2008,SOYBEANS,ALL CLASSES,IRRIGATED,irrigated,ALL UTILIZATION PRACTICES,53.0,BU / ACRE,
31079,NE,HALL,2011,SOYBEANS,ALL CLASSES,IRRIGATED,irrigated,ALL UTILIZATION PRACTICES,65.2,BU / ACRE,
31079,NE,HALL,2010,SOYBEANS,ALL CLASSES,IRRIGATED,irrigated,ALL UTILIZATION PRACTICES,62.0,BU / ACRE,
31079,NE,HALL,2009,SOYBEANS,ALL CLASSES,IRRIGATED,irrigated,ALL UTILIZATION PRACTICES,56.0,BU / ACRE,
31079,NE,HALL,2008,SOYBEANS,ALL CLASSES,IRRIGATED,irrigated,ALL UTILIZATION PRACTICES,56.0,BU / ACRE,
31093,NE,HOWARD,2016,SOYBEANS,ALL CLASSES,IRRIGATED,irrigated,ALL UTILIZATION PRACTICES,68.2,BU / ACRE,
31093,NE,HOWARD,2013,SOYBEANS,ALL CLASSES,IRRIGATED,irrigated,ALL UTILIZATION PRACTICES,64.5,BU / ACRE,
31093,NE,HOWARD,2012,SOYBEANS,ALL CLASSES,IRRIGATED,irrigated,ALL UTILIZATION PRACTICES,53.9,BU / ACRE,
31093,NE,HOWARD,2011,SOYBEANS,ALL CLASSES,IRRIGATED,irrigated,ALL UTILIZATION PRACTICES,59.2,BU / ACRE,
31093,NE,HOWARD,2010,SOYBEANS,ALL CLASSES,IRRIGATED,irrigated,ALL UTILIZATION PRACTICES,60.1,BU / ACRE,
31093,NE,HOWARD,2009,SOYBEANS,ALL CLASSES,IRRIGATED,irrigated,ALL UTILIZATION PRACTICES,60.0,BU / ACRE,
31093,NE,HOWARD,2008,SOYBEANS,ALL CLASSES,IRRIGATED,irrigated,ALL UTILIZATION PRACTICES,54.0,BU / ACRE,
31163,NE,SHERMAN,2017,SOYBEANS,ALL CLASSES,IRRIGATED,irrigated,ALL UTILIZATION PRACTICES,65.2,BU / ACRE,
31163,NE,SHERMAN,2012,SOYBEANS,ALL CLASSES,IRRIGATED,irrigated,ALL UTILIZATION PRACTICES,64.2,BU / ACRE,
31163,NE,SHERMAN,2011,SOYBEANS,ALL CLASSES,IRRIGATED,irrigated,ALL UTILIZATION PRACTICES,60.2,BU / ACRE,
31163,NE,SHERMAN,2010,SOYBEANS,ALL CLASSES,IRRIGATED,irrigated,ALL UTILIZATION PRACTICES,61.5,BU / ACRE,
31163,NE,SHERMAN,2009,SOYBEANS,ALL CLASSES,IRRIGATED,irrigated,ALL UTILIZATION PRACTICES,60.0,BU / ACRE,
31163,NE,SHERMAN,2008,SOYBEANS,ALL CLASSES,IRRIGATED,irrigated,ALL UTILIZATION PRACTICES,57.0,BU / ACRE,
31175,NE,VALLEY,2018,SOYBEANS,ALL CLASSES,IRRIGATED,irrigated,ALL UTILIZATION PRACTICES,66.5,BU / ACRE,
31175,NE,VALLEY,2012,SOYBEANS,ALL CLASSES,IRRIGATED,irrigated,ALL UTILIZATION PRACTICES,58.7,BU / ACRE,
31175,NE,VALLEY,2011,SOYBEANS,ALL CLASSES,IRRIGATED,irrigated,ALL UTILIZATION PRACTICES,58.7,BU / ACRE,
31175,NE,VALLEY,2010,SOYBEANS,ALL CLASSES,IRRIGATED,irrigated,ALL UTILIZATION PRACTICES,56.0,BU / ACRE,
31175,NE,VALLEY,2009,SOYBEANS,ALL CLASSES,IRRIGATED,irrigated,ALL UTILIZATION PRACTICES,55.0,BU / ACRE,
31175,NE,VALLEY,2008,SOYBEANS,ALL CLASSES,IRRIGATED,irrigated,ALL UTILIZATION PRACTICES,51.0,BU / ACRE,
31023,NE,BUTLER,2017,SOYBEANS,ALL CLASSES,IRRIGATED,irrigated,ALL UTILIZATION PRACTICES,61.9,BU / ACRE,
31023,NE,BUTLER,2016,SOYBEANS,ALL CLASSES,IRRIGATED,irrigated,ALL UTILIZATION PRACTICES,65.5,BU / ACRE,
31023,NE,BUTLER,2015,SOYBEANS,ALL CLASSES,IRRIGATED,irrigated,ALL UTILIZATION PRACTICES,65.6,BU / ACRE,
31023,NE,BUTLER,2013,SOYBEANS,ALL CLASSES,IRRIGATED,irrigated,ALL UTILIZATION PRACTICES,60.6,BU / ACRE,
31023,NE,BUTLER,2012,SOYBEANS,ALL CLASSES,IRRIGATED,irrigated,ALL UTILIZATION PRACTICES,59.4,BU / ACRE,
31023,NE,BUTLER,2011,SOYBEANS,ALL CLASSES,IRRIGATED,irrigated,ALL UTILIZATION PRACTICES,60.2,BU / ACRE,
31023,NE,BUTLER,2010,SOYBEANS,ALL CLASSES,IRRIGATED,irrigated,ALL UTILIZATION PRACTICES,59.9,BU / ACRE,
31023,NE,BUTLER,2009,SOYBEANS,ALL CLASSES,IRRIGATED,irrigated,ALL UTILIZATION PRACTICES,60.0,BU / ACRE,
31023,NE,BUTLER,2008,SOYBEANS,ALL CLASSES,IRRIGATED,irrigated,ALL UTILIZATION PRACTICES,56.0,BU / ACRE,
31025,NE,CASS,2013,SOYBEANS,ALL CLASSES,IRRIGATED,irrigated,ALL UTILIZATION PRACTICES,61.3,BU / ACRE,
31025,NE,CASS,2009,SOYBEANS,ALL CLASSES,IRRIGATED,irrigated,ALL UTILIZATION PRACTICES,56.0,BU / ACRE,
31037,NE,COLFAX,2017,SOYBEANS,ALL CLASSES,IRRIGATED,irrigated,ALL UTILIZATION PRACTICES,59.7,BU / ACRE,
31037,NE,COLFAX,2016,SOYBEANS,ALL CLASSES,IRRIGATED,irrigated,ALL UTILIZATION PRACTICES,64.2,BU / ACRE,
31037,NE,COLFAX,2015,SOYBEANS,ALL CLASSES,IRRIGATED,irrigated,ALL UTILIZATION PRACTICES,66.6,BU / ACRE,
31037,NE,COLFAX,2013,SOYBEANS,ALL CLASSES,IRRIGATED,irrigated,ALL UTILIZATION PRACTICES,62.1,BU / ACRE,
31037,NE,COLFAX,2012,SOYBEANS,ALL CLASSES,IRRIGATED,irrigated,ALL UTILIZATION PRACTICES,53.2,BU / ACRE,
31037,NE,COLFAX,2011,SOYBEANS,ALL CLASSES,IRRIGATED,irrigated,ALL UTILIZATION PRACTICES,59.0,BU / ACRE,
31037,NE,COLFAX,2010,SOYBEANS,ALL CLASSES,IRRIGATED,irrigated,ALL UTILIZATION PRACTICES,60.0,BU / ACRE,
31037,NE,COLFAX,2009,SOYBEANS,ALL CLASSES,IRRIGATED,irrigated,ALL UTILIZATION PRACTICES,57.0,BU / ACRE,
31037,NE,COLFAX,2008,SOYBEANS,ALL CLASSES,IRRIGATED,irrigated,ALL UTILIZATION PRACTICES,54.0,BU / ACRE,
31053,NE,DODGE,2018,SOYBEANS,ALL CLASSES,IRRIGATED,irrigated,ALL UTILIZATION PRACTICES,59.1,BU / ACRE,
31053,NE,DODGE,2014,SOYBEANS,ALL CLASSES,IRRIGATED,irrigated,ALL UTILIZATION PRACTICES,55.3,BU / ACRE,
31053,NE,DODGE,2013,SOYBEANS,ALL CLASSES,IRRIGATED,irrigated,ALL UTILIZATION PRACTICES,58.3,BU / ACRE,
31053,NE,DODGE,2012,SOYBEANS,ALL CLASSES,IRRIGATED,irrigated,ALL UTILIZATION PRACTICES,55.3,BU / ACRE,
31053,NE,DODGE,2011,SOYBEANS,ALL CLASSES,IRRIGATED,irrigated,ALL UTILIZATION PRACTICES,55.1,BU / ACRE,
31053,NE,DODGE,2010,SOYBEANS,ALL CLASSES,IRRIGATED,irrigated,ALL UTILIZATION PRACTICES,55.4,BU / ACRE,
31053,NE,DODGE,2009,SOYBEANS,ALL CLASSES,IRRIGATED,irrigated,ALL UTILIZATION PRACTICES,60.0,BU / ACRE,
31053,NE,DODGE,2008,SOYBEANS,ALL CLASSES,IRRIGATED,irrigated,ALL UTILIZATION PRACTICES,50.0,BU / ACRE,
31055,NE,DOUGLAS,2018,SOYBEANS,ALL CLASSES,IRRIGATED,irrigated,ALL UTILIZATION PRACTICES,63.0,BU / ACRE,
31055,NE,DOUGLAS,2017,SOYBEANS,ALL CLASSES,IRRIGATED,irrigated,ALL UTILIZATION PRACTICES,61.7,BU / ACRE,
31055,NE,DOUGLAS,2016,SOYBEANS,ALL CLASSES,IRRIGATED,irrigated,ALL UTILIZATION PRACTICES,66.0,BU / ACRE,
31055,NE,DOUGLAS,2015,SOYBEANS,ALL CLASSES,IRRIGATED,irrigated,ALL UTILIZATION PRACTICES,57.5,BU / ACRE,
31055,NE,DOUGLAS,2014,SOYBEANS,ALL CLASSES,IRRIGATED,irrigated,ALL UTILIZATION PRACTICES,58.5,BU / ACRE,
31055,NE,DOUGLAS,2013,SOYBEANS,ALL CLASSES,IRRIGATED,irrigated,ALL UTILIZATION PRACTICES,61.6,BU / ACRE,
31055,NE,DOUGLAS,2012,SOYBEANS,ALL CLASSES,IRRIGATED,irrigated,ALL UTILIZATION PRACTICES,48.0,BU / ACRE,
31055,NE,DOUGLAS,2011,SOYBEANS,ALL CLASSES,IRRIGATED,irrigated,ALL UTILIZATION PRACTICES,52.0,BU / ACRE,
31055,NE,DOUGLAS,2010,SOYBEANS,ALL CLASSES,IRRIGATED,irrigated,ALL UTILIZATION PRACTICES,48.0,BU / ACRE,
31055,NE,DOUGLAS,2009,SOYBEANS,ALL CLASSES,IRRIGATED,irrigated,ALL UTILIZATION PRACTICES,61.0,BU / ACRE,
31055,NE,DOUGLAS,2008,SOYBEANS,ALL CLASSES,IRRIGATED,irrigated,ALL UTILIZATION PRACTICES,42.0,BU / ACRE,
31081,NE,HAMILTON,2016,SOYBEANS,ALL CLASSES,IRRIGATED,irrigated,ALL UTILIZATION PRACTICES,72.0,BU / ACRE,
31081,NE,HAMILTON,2013,SOYBEANS,ALL CLASSES,IRRIGATED,irrigated,ALL UTILIZATION PRACTICES,64.9,BU / ACRE,
31081,NE,HAMILTON,2012,SOYBEANS,ALL CLASSES,IRRIGATED,irrigated,ALL UTILIZATION PRACTICES,66.8,BU / ACRE,
31081,NE,HAMILTON,2011,SOYBEANS,ALL CLASSES,IRRIGATED,irrigated,ALL UTILIZATION PRACTICES,70.3,BU / ACRE,
31081,NE,HAMILTON,2010,SOYBEANS,ALL CLASSES,IRRIGATED,irrigated,ALL UTILIZATION PRACTICES,66.0,BU / ACRE,
31081,NE,HAMILTON,2009,SOYBEANS,ALL CLASSES,IRRIGATED,irrigated,ALL UTILIZATION PRACTICES,64.0,BU / ACRE,
31081,NE,HAMILTON,2008,SOYBEANS,ALL CLASSES,IRRIGATED,irrigated,ALL UTILIZATION PRACTICES,61.0,BU / ACRE,
31109,NE,LANCASTER,2013,SOYBEANS,ALL CLASSES,IRRIGATED,irrigated,ALL UTILIZATION PRACTICES,64.3,BU / ACRE,
31109,NE,LANCASTER,2012,SOYBEANS,ALL CLASSES,IRRIGATED,irrigated,ALL UTILIZATION PRACTICES,52.3,BU / ACRE,
31109,NE,LANCASTER,2011,SOYBEANS,ALL CLASSES,IRRIGATED,irrigated,ALL UTILIZATION PRACTICES,57.7,BU / ACRE,
31109,NE,LANCASTER,2010,SOYBEANS,ALL CLASSES,IRRIGATED,irrigated,ALL UTILIZATION PRACTICES,54.0,BU / ACRE,
31109,NE,LANCASTER,2009,SOYBEANS,ALL CLASSES,IRRIGATED,irrigated,ALL UTILIZATION PRACTICES,59.0,BU / ACRE,
31109,NE,LANCASTER,2008,SOYBEANS,ALL CLASSES,IRRIGATED,irrigated,ALL UTILIZATION PRACTICES,49.0,BU / ACRE,
31121,NE,MERRICK,2018,SOYBEANS,ALL CLASSES,IRRIGATED,irrigated,ALL UTILIZATION PRACTICES,59.1,BU / ACRE,
31121,NE,MERRICK,2016,SOYBEANS,ALL CLASSES,IRRIGATED,irrigated,ALL UTILIZATION PRACTICES,64.0,BU / ACRE,
31121,NE,MERRICK,2015,SOYBEANS,ALL CLASSES,IRRIGATED,irrigated,ALL UTILIZATION PRACTICES,65.0,BU / ACRE,
31121,NE,MERRICK,2014,SOYBEANS,ALL CLASSES,IRRIGATED,irrigated,ALL UTILIZATION PRACTICES,58.7,BU / ACRE,
31121,NE,MERRICK,2012,SOYBEANS,ALL CLASSES,IRRIGATED,irrigated,ALL UTILIZATION PRACTICES,55.9,BU / ACRE,
31121,NE,MERRICK,2010,SOYBEANS,ALL CLASSES,IRRIGATED,irrigated,ALL UTILIZATION PRACTICES,62.0,BU / ACRE,
31121,NE,MERRICK,2009,SOYBEANS,ALL CLASSES,IRRIGATED,irrigated,ALL UTILIZATION PRACTICES,62.0,BU / ACRE,
31121,NE,MERRICK,2008,SOYBEANS,ALL CLASSES,IRRIGATED,irrigated,ALL UTILIZATION PRACTICES,52.0,BU / ACRE,
31125,NE,NANCE,2017,SOYBEANS,ALL CLASSES,IRRIGATED,irrigated,ALL UTILIZATION PRACTICES,65.3,BU / ACRE,
31125,NE,NANCE,2015,SOYBEANS,ALL CLASSES,IRRIGATED,irrigated,ALL UTILIZATION PRACTICES,66.1,BU / ACRE,
31125,NE,NANCE,2014,SOYBEANS,ALL CLASSES,IRRIGATED,irrigated,ALL UTILIZATION PRACTICES,60.4,BU / ACRE,
31125,NE,NANCE,2011,SOYBEANS,ALL CLASSES,IRRIGATED,irrigated,ALL UTILIZATION PRACTICES,55.6,BU / ACRE,
31125,NE,NANCE,2010,SOYBEANS,ALL CLASSES,IRRIGATED,irrigated,ALL UTILIZATION PRACTICES,59.0,BU / ACRE,
31125,NE,NANCE,2009,SOYBEANS,ALL CLASSES,IRRIGATED,irrigated,ALL UTILIZATION PRACTICES,57.0,BU / ACRE,
31125,NE,NANCE,2008,SOYBEANS,ALL CLASSES,IRRIGATED,irrigated,ALL UTILIZATION PRACTICES,55.0,BU / ACRE,
31141,NE,PLATTE,2018,SOYBEANS,ALL CLASSES,IRRIGATED,irrigated,ALL UTILIZATION PRACTICES,57.3,BU / ACRE,
31141,NE,PLATTE,2017,SOYBEANS,ALL CLASSES,IRRIGATED,irrigated,ALL UTILIZATION PRACTICES,64.8,BU / ACRE,
31141,NE,PLATTE,2016,SOYBEANS,ALL CLASSES,IRRIGATED,irrigated,ALL UTILIZATION PRACTICES,67.9,BU / ACRE,
31141,NE,PLATTE,2015,SOYBEANS,ALL CLASSES,IRRIGATED,irrigated,ALL UTILIZATION PRACTICES,65.4,BU / ACRE,
31141,NE,PLATTE,2014,SOYBEANS,ALL CLASSES,IRRIGATED,irrigated,ALL UTILIZATION PRACTICES,59.8,BU / ACRE,
31141,NE,PLATTE,2013,SOYBEANS,ALL CLASSES,IRRIGATED,irrigated,ALL UTILIZATION PRACTICES,64.9,BU / ACRE,
31141,NE,PLATTE,2012,SOYBEANS,ALL CLASSES,IRRIGATED,irrigated,ALL UTILIZATION PRACTICES,58.6,BU / ACRE,
31141,NE,PLATTE,2011,SOYBEANS,ALL CLASSES,IRRIGATED,irrigated,ALL UTILIZATION PRACTICES,59.9,BU / ACRE,
31141,NE,PLATTE,2010,SOYBEANS,ALL CLASSES,IRRIGATED,irrigated,ALL UTILIZATION PRACTICES,57.8,BU / ACRE,
31141,NE,PLATTE,2009,SOYBEANS,ALL CLASSES,IRRIGATED,irrigated,ALL UTILIZATION PRACTICES,59.0,BU / ACRE,
31141,NE,PLATTE,2008,SOYBEANS,ALL CLASSES,IRRIGATED,irrigated,ALL UTILIZATION PRACTICES,56.0,BU / ACRE,
31143,NE,POLK,2018,SOYBEANS,ALL CLASSES,IRRIGATED,irrigated,ALL UTILIZATION PRACTICES,65.6,BU / ACRE,
31143,NE,POLK,2015,SOYBEANS,ALL CLASSES,IRRIGATED,irrigated,ALL UTILIZATION PRACTICES,65.3,BU / ACRE,
31143,NE,POLK,2013,SOYBEANS,ALL CLASSES,IRRIGATED,irrigated,ALL UTILIZATION PRACTICES,65.7,BU / ACRE,
31143,NE,POLK,2012,SOYBEANS,ALL CLASSES,IRRIGATED,irrigated,ALL UTILIZATION PRACTICES,59.7,BU / ACRE,
31143,NE,POLK,2011,SOYBEANS,ALL CLASSES,IRRIGATED,irrigated,ALL UTILIZATION PRACTICES,59.2,BU / ACRE,
31143,NE,POLK,2010,SOYBEANS,ALL CLASSES,IRRIGATED,irrigated,ALL UTILIZATION PRACTICES,61.8,BU / ACRE,
31143,NE,POLK,2009,SOYBEANS,ALL CLASSES,IRRIGATED,irrigated,ALL UTILIZATION PRACTICES,63.0,BU / ACRE,
31143,NE,POLK,2008,SOYBEANS,ALL CLASSES,IRRIGATED,irrigated,ALL UTILIZATION PRACTICES,56.0,BU / ACRE,
31153,NE,SARPY,2017,SOYBEANS,ALL CLASSES,IRRIGATED,irrigated,ALL UTILIZATION PRACTICES,57.0,BU / ACRE,
31153,NE,SARPY,2016,SOYBEANS,ALL CLASSES,IRRIGATED,irrigated,ALL UTILIZATION PRACTICES,59.6,BU / ACRE,
31153,NE,SARPY,2014,SOYBEANS,ALL CLASSES,IRRIGATED,irrigated,ALL UTILIZATION PRACTICES,60.7,BU / ACRE,
31153,NE,SARPY,2013,SOYBEANS,ALL CLASSES,IRRIGATED,irrigated,ALL UTILIZATION PRACTICES,59.5,BU / ACRE,
31153,NE,SARPY,2012,SOYBEANS,ALL CLASSES,IRRIGATED,irrigated,ALL UTILIZATION PRACTICES,53.8,BU / ACRE,
31153,NE,SARPY,2011,SOYBEANS,ALL CLASSES,IRRIGATED,irrigated,ALL UTILIZATION PRACTICES,55.8,BU / ACRE,
31153,NE,SARPY,2010,SOYBEANS,ALL CLASSES,IRRIGATED,irrigated,ALL UTILIZATION PRACTICES,52.9,BU / ACRE,
31153,NE,SARPY,2009,SOYBEANS,ALL CLASSES,IRRIGATED,irrigated,ALL UTILIZATION PRACTICES,62.0,BU / ACRE,
31153,NE,SARPY,2008,SOYBEANS,ALL CLASSES,IRRIGATED,irrigated,ALL UTILIZATION PRACTICES,48.0,BU / ACRE,
31155,NE,SAUNDERS,2017,SOYBEANS,ALL CLASSES,IRRIGATED,irrigated,ALL UTILIZATION PRACTICES,62.5,BU / ACRE,
31155,NE,SAUNDERS,2016,SOYBEANS,ALL CLASSES,IRRIGATED,irrigated,ALL UTILIZATION PRACTICES,65.8,BU / ACRE,
31155,NE,SAUNDERS,2015,SOYBEANS,ALL CLASSES,IRRIGATED,irrigated,ALL UTILIZATION PRACTICES,63.4,BU / ACRE,
31155,NE,SAUNDERS,2014,SOYBEANS,ALL CLASSES,IRRIGATED,irrigated,ALL UTILIZATION PRACTICES,61.7,BU / ACRE,
31155,NE,SAUNDERS,2013,SOYBEANS,ALL CLASSES,IRRIGATED,irrigated,ALL UTILIZATION PRACTICES,63.5,BU / ACRE,
31155,NE,SAUNDERS,2012,SOYBEANS,ALL CLASSES,IRRIGATED,irrigated,ALL UTILIZATION PRACTICES,56.4,BU / ACRE,
31155,NE,SAUNDERS,2011,SOYBEANS,ALL CLASSES,IRRIGATED,irrigated,ALL UTILIZATION PRACTICES,59.5,BU / ACRE,
31155,NE,SAUNDERS,2010,SOYBEANS,ALL CLASSES,IRRIGATED,irrigated,ALL UTILIZATION PRACTICES,58.0,BU / ACRE,
31155,NE,SAUNDERS,2009,SOYBEANS,ALL CLASSES,IRRIGATED,irrigated,ALL UTILIZATION PRACTICES,65.0,BU / ACRE,
31155,NE,SAUNDERS,2008,SOYBEANS,ALL CLASSES,IRRIGATED,irrigated,ALL UTILIZATION PRACTICES,53.0,BU / ACRE,
31159,NE,SEWARD,2017,SOYBEANS,ALL CLASSES,IRRIGATED,irrigated,ALL UTILIZATION PRACTICES,68.1,BU / ACRE,
31159,NE,SEWARD,2016,SOYBEANS,ALL CLASSES,IRRIGATED,irrigated,ALL UTILIZATION PRACTICES,67.6,BU / ACRE,
31159,NE,SEWARD,2015,SOYBEANS,ALL CLASSES,IRRIGATED,irrigated,ALL UTILIZATION PRACTICES,66.9,BU / ACRE,
31159,NE,SEWARD,2014,SOYBEANS,ALL CLASSES,IRRIGATED,irrigated,ALL UTILIZATION PRACTICES,66.2,BU / ACRE,
31159,NE,SEWARD,2013,SOYBEANS,ALL CLASSES,IRRIGATED,irrigated,ALL UTILIZATION PRACTICES,66.7,BU / ACRE,
31159,NE,SEWARD,2012,SOYBEANS,ALL CLASSES,IRRIGATED,irrigated,ALL UTILIZATION PRACTICES,62.4,BU / ACRE,
31159,NE,SEWARD,2011,SOYBEANS,ALL CLASSES,IRRIGATED,irrigated,ALL UTILIZATION PRACTICES,62.8,BU / ACRE,
31159,NE,SEWARD,2010,SOYBEANS,ALL CLASSES,IRRIGATED,irrigated,ALL UTILIZATION PRACTICES,61.6,BU / ACRE,
31159,NE,SEWARD,2009,SOYBEANS,ALL CLASSES,IRRIGATED,irrigated,ALL UTILIZATION PRACTICES,64.0,BU / ACRE,
31159,NE,SEWARD,2008,SOYBEANS,ALL CLASSES,IRRIGATED,irrigated,ALL UTILIZATION PRACTICES,62.0,BU / ACRE,
31177,NE,WASHINGTON,2014,SOYBEANS,ALL CLASSES,IRRIGATED,irrigated,ALL UTILIZATION PRACTICES,47.3,BU / ACRE,
31177,NE,WASHINGTON,2012,SOYBEANS,ALL CLASSES,IRRIGATED,irrigated,ALL UTILIZATION PRACTICES,52.8,BU / ACRE,
31177,NE,WASHINGTON,2011,SOYBEANS,ALL CLASSES,IRRIGATED,irrigated,ALL UTILIZATION PRACTICES,50.5,BU / ACRE,
31177,NE,WASHINGTON,2009,SOYBEANS,ALL CLASSES,IRRIGATED,irrigated,ALL UTILIZATION PRACTICES,57.0,BU / ACRE,
31185,NE,YORK,2013,SOYBEANS,ALL CLASSES,IRRIGATED,irrigated,ALL UTILIZATION PRACTICES,62.8,BU / ACRE,
31185,NE,YORK,2012,SOYBEANS,ALL CLASSES,IRRIGATED,irrigated,ALL UTILIZATION PRACTICES,63.7,BU / ACRE,
31185,NE,YORK,2011,SOYBEANS,ALL CLASSES,IRRIGATED,irrigated,ALL UTILIZATION PRACTICES,64.9,BU / ACRE,
31185,NE,YORK,2010,SOYBEANS,ALL CLASSES,IRRIGATED,irrigated,ALL UTILIZATION PRACTICES,62.4,BU / ACRE,
31185,NE,YORK,2009,SOYBEANS,ALL CLASSES,IRRIGATED,irrigated,ALL UTILIZATION PRACTICES,63.0,BU / ACRE,
31185,NE,YORK,2008,SOYBEANS,ALL CLASSES,IRRIGATED,irrigated,ALL UTILIZATION PRACTICES,61.0,BU / ACRE,
31029,NE,CHASE,2009,SOYBEANS,ALL CLASSES,IRRIGATED,irrigated,ALL UTILIZATION PRACTICES,49.0,BU / ACRE,
31063,NE,FRONTIER,2008,SOYBEANS,ALL CLASSES,IRRIGATED,irrigated,ALL UTILIZATION PRACTICES,52.0,BU / ACRE,
31001,NE,ADAMS,2016,SOYBEANS,ALL CLASSES,IRRIGATED,irrigated,ALL UTILIZATION PRACTICES,69.8,BU / ACRE,
31001,NE,ADAMS,2015,SOYBEANS,ALL CLASSES,IRRIGATED,irrigated,ALL UTILIZATION PRACTICES,69.7,BU / ACRE,
31001,NE,ADAMS,2014,SOYBEANS,ALL CLASSES,IRRIGATED,irrigated,ALL UTILIZATION PRACTICES,59.1,BU / ACRE,
31001,NE,ADAMS,2013,SOYBEANS,ALL CLASSES,IRRIGATED,irrigated,ALL UTILIZATION PRACTICES,60.4,BU / ACRE,
31001,NE,ADAMS,2012,SOYBEANS,ALL CLASSES,IRRIGATED,irrigated,ALL UTILIZATION PRACTICES,66.0,BU / ACRE,
31001,NE,ADAMS,2011,SOYBEANS,ALL CLASSES,IRRIGATED,irrigated,ALL UTILIZATION PRACTICES,67.4,BU / ACRE,
31001,NE,ADAMS,2010,SOYBEANS,ALL CLASSES,IRRIGATED,irrigated,ALL UTILIZATION PRACTICES,62.0,BU / ACRE,
31001,NE,ADAMS,2009,SOYBEANS,ALL CLASSES,IRRIGATED,irrigated,ALL UTILIZATION PRACTICES,61.0,BU / ACRE,
31001,NE,ADAMS,2008,SOYBEANS,ALL CLASSES,IRRIGATED,irrigated,ALL UTILIZATION PRACTICES,59.0,BU / ACRE,
31061,NE,FRANKLIN,2016,SOYBEANS,ALL CLASSES,IRRIGATED,irrigated,ALL UTILIZATION PRACTICES,69.5,BU / ACRE,
31061,NE,FRANKLIN,2015,SOYBEANS,ALL CLASSES,IRRIGATED,irrigated,ALL UTILIZATION PRACTICES,67.6,BU / ACRE,
31061,NE,FRANKLIN,2014,SOYBEANS,ALL CLASSES,IRRIGATED,irrigated,ALL UTILIZATION PRACTICES,61.7,BU / ACRE,
31061,NE,FRANKLIN,2012,SOYBEANS,ALL CLASSES,IRRIGATED,irrigated,ALL UTILIZATION PRACTICES,60.6,BU / ACRE,
31061,NE,FRANKLIN,2010,SOYBEANS,ALL CLASSES,IRRIGATED,irrigated,ALL UTILIZATION PRACTICES,60.0,BU / ACRE,
31061,NE,FRANKLIN,2009,SOYBEANS,ALL CLASSES,IRRIGATED,irrigated,ALL UTILIZATION PRACTICES,64.0,BU / ACRE,
31061,NE,FRANKLIN,2008,SOYBEANS,ALL CLASSES,IRRIGATED,irrigated,ALL UTILIZATION PRACTICES,58.0,BU / ACRE,
31065,NE,FURNAS,2016,SOYBEANS,ALL CLASSES,IRRIGATED,irrigated,ALL UTILIZATION PRACTICES,70.1,BU / ACRE,
31065,NE,FURNAS,2015,SOYBEANS,ALL CLASSES,IRRIGATED,irrigated,ALL UTILIZATION PRACTICES,69.2,BU / ACRE,
31065,NE,FURNAS,2014,SOYBEANS,ALL CLASSES,IRRIGATED,irrigated,ALL UTILIZATION PRACTICES,59.3,BU / ACRE,
31065,NE,FURNAS,2012,SOYBEANS,ALL CLASSES,IRRIGATED,irrigated,ALL UTILIZATION PRACTICES,57.7,BU / ACRE,
31065,NE,FURNAS,2011,SOYBEANS,ALL CLASSES,IRRIGATED,irrigated,ALL UTILIZATION PRACTICES,66.7,BU / ACRE,
31065,NE,FURNAS,2010,SOYBEANS,ALL CLASSES,IRRIGATED,irrigated,ALL UTILIZATION PRACTICES,64.3,BU / ACRE,
31065,NE,FURNAS,2009,SOYBEANS,ALL CLASSES,IRRIGATED,irrigated,ALL UTILIZATION PRACTICES,65.0,BU / ACRE,
31065,NE,FURNAS,2008,SOYBEANS,ALL CLASSES,IRRIGATED,irrigated,ALL UTILIZATION PRACTICES,55.0,BU / ACRE,
31073,NE,GOSPER,2018,SOYBEANS,ALL CLASSES,IRRIGATED,irrigated,ALL UTILIZATION PRACTICES,74.2,BU / ACRE,
31073,NE,GOSPER,2013,SOYBEANS,ALL CLASSES,IRRIGATED,irrigated,ALL UTILIZATION PRACTICES,66.0,BU / ACRE,
31073,NE,GOSPER,2012,SOYBEANS,ALL CLASSES,IRRIGATED,irrigated,ALL UTILIZATION PRACTICES,65.1,BU / ACRE,
31073,NE,GOSPER,2010,SOYBEANS,ALL CLASSES,IRRIGATED,irrigated,ALL UTILIZATION PRACTICES,62.5,BU / ACRE,
31073,NE,GOSPER,2009,SOYBEANS,ALL CLASSES,IRRIGATED,irrigated,ALL UTILIZATION PRACTICES,65.0,BU / ACRE,
31073,NE,GOSPER,2008,SOYBEANS,ALL CLASSES,IRRIGATED,irrigated,ALL UTILIZATION PRACTICES,57.0,BU / ACRE,
31083,NE,HARLAN,2016,SOYBEANS,ALL CLASSES,IRRIGATED,irrigated,ALL UTILIZATION PRACTICES,73.1,BU / ACRE,
31083,NE,HARLAN,2015,SOYBEANS,ALL CLASSES,IRRIGATED,irrigated,ALL UTILIZATION PRACTICES,69.4,BU / ACRE,
31083,NE,HARLAN,2013,SOYBEANS,ALL CLASSES,IRRIGATED,irrigated,ALL UTILIZATION PRACTICES,53.0,BU / ACRE,
31083,NE,HARLAN,2012,SOYBEANS,ALL CLASSES,IRRIGATED,irrigated,ALL UTILIZATION PRACTICES,62.3,BU / ACRE,
31083,NE,HARLAN,2011,SOYBEANS,ALL CLASSES,IRRIGATED,irrigated,ALL UTILIZATION PRACTICES,67.1,BU / ACRE,
31083,NE,HARLAN,2010,SOYBEANS,ALL CLASSES,IRRIGATED,irrigated,ALL UTILIZATION PRACTICES,61.0,BU / ACRE,
31083,NE,HARLAN,2009,SOYBEANS,ALL CLASSES,IRRIGATED,irrigated,ALL UTILIZATION PRACTICES,62.0,BU / ACRE,
31083,NE,HARLAN,2008,SOYBEANS,ALL CLASSES,IRRIGATED,irrigated,ALL UTILIZATION PRACTICES,58.0,BU / ACRE,
31099,NE,KEARNEY,2017,SOYBEANS,ALL CLASSES,IRRIGATED,irrigated,ALL UTILIZATION PRACTICES,69.8,BU / ACRE,
31099,NE,KEARNEY,2016,SOYBEANS,ALL CLASSES,IRRIGATED,irrigated,ALL UTILIZATION PRACTICES,70.7,BU / ACRE,
31099,NE,KEARNEY,2015,SOYBEANS,ALL CLASSES,IRRIGATED,irrigated,ALL UTILIZATION PRACTICES,70.3,BU / ACRE,
31099,NE,KEARNEY,2014,SOYBEANS,ALL CLASSES,IRRIGATED,irrigated,ALL UTILIZATION PRACTICES,62.1,BU / ACRE,
31099,NE,KEARNEY,2013,SOYBEANS,ALL CLASSES,IRRIGATED,irrigated,ALL UTILIZATION PRACTICES,62.7,BU / ACRE,
31099,NE,KEARNEY,2012,SOYBEANS,ALL CLASSES,IRRIGATED,irrigated,ALL UTILIZATION PRACTICES,68.8,BU / ACRE,
31099,NE,KEARNEY,2011,SOYBEANS,ALL CLASSES,IRRIGATED,irrigated,ALL UTILIZATION PRACTICES,67.2,BU / ACRE,
31099,NE,KEARNEY,2010,SOYBEANS,ALL CLASSES,IRRIGATED,irrigated,ALL UTILIZATION PRACTICES,60.1,BU / ACRE,
31099,NE,KEARNEY,2009,SOYBEANS,ALL CLASSES,IRRIGATED,irrigated,ALL UTILIZATION PRACTICES,64.0,BU / ACRE,
31099,NE,KEARNEY,2008,SOYBEANS,ALL CLASSES,IRRIGATED,irrigated,ALL UTILIZATION PRACTICES,58.0,BU / ACRE,
31137,NE,PHELPS,2018,SOYBEANS,ALL CLASSES,IRRIGATED,irrigated,ALL UTILIZATION PRACTICES,68.4,BU / ACRE,
31137,NE,PHELPS,2017,SOYBEANS,ALL CLASSES,IRRIGATED,irrigated,ALL UTILIZATION PRACTICES,67.5,BU / ACRE,
31137,NE,PHELPS,2013,SOYBEANS,ALL CLASSES,IRRIGATED,irrigated,ALL UTILIZATION PRACTICES,64.6,BU / ACRE,
31137,NE,PHELPS,2012,SOYBEANS,ALL CLASSES,IRRIGATED,irrigated,ALL UTILIZATION PRACTICES,68.7,BU / ACRE,
31137,NE,PHELPS,2011,SOYBEANS,ALL CLASSES,IRRIGATED,irrigated,ALL UTILIZATION PRACTICES,68.7,BU / ACRE,
31137,NE,PHELPS,2010,SOYBEANS,ALL CLASSES,IRRIGATED,irrigated,ALL UTILIZATION PRACTICES,66.9,BU / ACRE,
31137,NE,PHELPS,2009,SOYBEANS,ALL CLASSES,IRRIGATED,irrigated,ALL UTILIZATION PRACTICES,64.0,BU / ACRE,
31137,NE,PHELPS,2008,SOYBEANS,ALL CLASSES,IRRIGATED,irrigated,ALL UTILIZATION PRACTICES,60.0,BU / ACRE,
31181,NE,WEBSTER,2018,SOYBEANS,ALL CLASSES,IRRIGATED,irrigated,ALL UTILIZATION PRACTICES,63.9,BU / ACRE,
31181,NE,WEBSTER,2017,SOYBEANS,ALL CLASSES,IRRIGATED,irrigated,ALL UTILIZATION PRACTICES,63.5,BU / ACRE,
31181,NE,WEBSTER,2016,SOYBEANS,ALL CLASSES,IRRIGATED,irrigated,ALL UTILIZATION PRACTICES,69.2,BU / ACRE,
31181,NE,WEBSTER,2015,SOYBEANS,ALL CLASSES,IRRIGATED,irrigated,ALL UTILIZATION PRACTICES,64.6,BU / ACRE,
31181,NE,WEBSTER,2014,SOYBEANS,ALL CLASSES,IRRIGATED,irrigated,ALL UTILIZATION PRACTICES,60.5,BU / ACRE,
31181,NE,WEBSTER,2013,SOYBEANS,ALL CLASSES,IRRIGATED,irrigated,ALL UTILIZATION PRACTICES,60.4,BU / ACRE,
31181,NE,WEBSTER,2012,SOYBEANS,ALL CLASSES,IRRIGATED,irrigated,ALL UTILIZATION PRACTICES,59.3,BU / ACRE,
31181,NE,WEBSTER,2011,SOYBEANS,ALL CLASSES,IRRIGATED,irrigated,ALL UTILIZATION PRACTICES,64.9,BU / ACRE,
31181,NE,WEBSTER,2010,SOYBEANS,ALL CLASSES,IRRIGATED,irrigated,ALL UTILIZATION PRACTICES,60.9,BU / ACRE,
31181,NE,WEBSTER,2009,SOYBEANS,ALL CLASSES,IRRIGATED,irrigated,ALL UTILIZATION PRACTICES,61.0,BU / ACRE,
31181,NE,WEBSTER,2008,SOYBEANS,ALL CLASSES,IRRIGATED,irrigated,ALL UTILIZATION PRACTICES,59.0,BU / ACRE,
31035,NE,CLAY,2018,SOYBEANS,ALL CLASSES,IRRIGATED,irrigated,ALL UTILIZATION PRACTICES,67.9,BU / ACRE,
31035,NE,CLAY,2017,SOYBEANS,ALL CLASSES,IRRIGATED,irrigated,ALL UTILIZATION PRACTICES,68.2,BU / ACRE,
31035,NE,CLAY,2016,SOYBEANS,ALL CLASSES,IRRIGATED,irrigated,ALL UTILIZATION PRACTICES,69.7,BU / ACRE,
31035,NE,CLAY,2015,SOYBEANS,ALL CLASSES,IRRIGATED,irrigated,ALL UTILIZATION PRACTICES,68.5,BU / ACRE,
31035,NE,CLAY,2014,SOYBEANS,ALL CLASSES,IRRIGATED,irrigated,ALL UTILIZATION PRACTICES,64.0,BU / ACRE,
31035,NE,CLAY,2013,SOYBEANS,ALL CLASSES,IRRIGATED,irrigated,ALL UTILIZATION PRACTICES,47.3,BU / ACRE,
31035,NE,CLAY,2012,SOYBEANS,ALL CLASSES,IRRIGATED,irrigated,ALL UTILIZATION PRACTICES,63.5,BU / ACRE,
31035,NE,CLAY,2011,SOYBEANS,ALL CLASSES,IRRIGATED,irrigated,ALL UTILIZATION PRACTICES,68.1,BU / ACRE,
31035,NE,CLAY,2010,SOYBEANS,ALL CLASSES,IRRIGATED,irrigated,ALL UTILIZATION PRACTICES,63.1,BU / ACRE,
31035,NE,CLAY,2009,SOYBEANS,ALL CLASSES,IRRIGATED,irrigated,ALL UTILIZATION PRACTICES,60.0,BU / ACRE,
31035,NE,CLAY,2008,SOYBEANS,ALL CLASSES,IRRIGATED,irrigated,ALL UTILIZATION PRACTICES,62.0,BU / ACRE,
31059,NE,FILLMORE,2017,SOYBEANS,ALL CLASSES,IRRIGATED,irrigated,ALL UTILIZATION PRACTICES,69.7,BU / ACRE,
31059,NE,FILLMORE,2016,SOYBEANS,ALL CLASSES,IRRIGATED,irrigated,ALL UTILIZATION PRACTICES,71.3,BU / ACRE,
31059,NE,FILLMORE,2015,SOYBEANS,ALL CLASSES,IRRIGATED,irrigated,ALL UTILIZATION PRACTICES,66.8,BU / ACRE,
31059,NE,FILLMORE,2014,SOYBEANS,ALL CLASSES,IRRIGATED,irrigated,ALL UTILIZATION PRACTICES,65.4,BU / ACRE,
31059,NE,FILLMORE,2013,SOYBEANS,ALL CLASSES,IRRIGATED,irrigated,ALL UTILIZATION PRACTICES,65.2,BU / ACRE,
31059,NE,FILLMORE,2012,SOYBEANS,ALL CLASSES,IRRIGATED,irrigated,ALL UTILIZATION PRACTICES,65.1,BU / ACRE,
31059,NE,FILLMORE,2011,SOYBEANS,ALL CLASSES,IRRIGATED,irrigated,ALL UTILIZATION PRACTICES,68.9,BU / ACRE,
31059,NE,FILLMORE,2010,SOYBEANS,ALL CLASSES,IRRIGATED,irrigated,ALL UTILIZATION PRACTICES,61.7,BU / ACRE,
31059,NE,FILLMORE,2009,SOYBEANS,ALL CLASSES,IRRIGATED,irrigated,ALL UTILIZATION PRACTICES,62.0,BU / ACRE,
31059,NE,FILLMORE,2008,SOYBEANS,ALL CLASSES,IRRIGATED,irrigated,ALL UTILIZATION PRACTICES,61.0,BU / ACRE,
31067,NE,GAGE,2016,SOYBEANS,ALL CLASSES,IRRIGATED,irrigated,ALL UTILIZATION PRACTICES,64.6,BU / ACRE,
31067,NE,GAGE,2015,SOYBEANS,ALL CLASSES,IRRIGATED,irrigated,ALL UTILIZATION PRACTICES,60.4,BU / ACRE,
31067,NE,GAGE,2014,SOYBEANS,ALL CLASSES,IRRIGATED,irrigated,ALL UTILIZATION PRACTICES,61.3,BU / ACRE,
31067,NE,GAGE,2013,SOYBEANS,ALL CLASSES,IRRIGATED,irrigated,ALL UTILIZATION PRACTICES,63.0,BU / ACRE,
31067,NE,GAGE,2011,SOYBEANS,ALL CLASSES,IRRIGATED,irrigated,ALL UTILIZATION PRACTICES,57.1,BU / ACRE,
31067,NE,GAGE,2010,SOYBEANS,ALL CLASSES,IRRIGATED,irrigated,ALL UTILIZATION PRACTICES,52.5,BU / ACRE,
31067,NE,GAGE,2009,SOYBEANS,ALL CLASSES,IRRIGATED,irrigated,ALL UTILIZATION PRACTICES,58.0,BU / ACRE,
31067,NE,GAGE,2008,SOYBEANS,ALL CLASSES,IRRIGATED,irrigated,ALL UTILIZATION PRACTICES,50.0,BU / ACRE,
31095,NE,JEFFERSON,2015,SOYBEANS,ALL CLASSES,IRRIGATED,irrigated,ALL UTILIZATION PRACTICES,62.2,BU / ACRE,
31095,NE,JEFFERSON,2014,SOYBEANS,ALL CLASSES,IRRIGATED,irrigated,ALL UTILIZATION PRACTICES,61.2,BU / ACRE,
31095,NE,JEFFERSON,2013,SOYBEANS,ALL CLASSES,IRRIGATED,irrigated,ALL UTILIZATION PRACTICES,58.8,BU / ACRE,
31095,NE,JEFFERSON,2012,SOYBEANS,ALL CLASSES,IRRIGATED,irrigated,ALL UTILIZATION PRACTICES,56.3,BU / ACRE,
31095,NE,JEFFERSON,2011,SOYBEANS,ALL CLASSES,IRRIGATED,irrigated,ALL UTILIZATION PRACTICES,60.0,BU / ACRE,
31095,NE,JEFFERSON,2010,SOYBEANS,ALL CLASSES,IRRIGATED,irrigated,ALL UTILIZATION PRACTICES,52.0,BU / ACRE,
31095,NE,JEFFERSON,2009,SOYBEANS,ALL CLASSES,IRRIGATED,irrigated,ALL UTILIZATION PRACTICES,57.0,BU / ACRE,
31095,NE,JEFFERSON,2008,SOYBEANS,ALL CLASSES,IRRIGATED,irrigated,ALL UTILIZATION PRACTICES,55.0,BU / ACRE,
31097,NE,JOHNSON,2015,SOYBEANS,ALL CLASSES,IRRIGATED,irrigated,ALL UTILIZATION PRACTICES,59.3,BU / ACRE,
31097,NE,JOHNSON,2014,SOYBEANS,ALL CLASSES,IRRIGATED,irrigated,ALL UTILIZATION PRACTICES,56.0,BU / ACRE,
31097,NE,JOHNSON,2013,SOYBEANS,ALL CLASSES,IRRIGATED,irrigated,ALL UTILIZATION PRACTICES,60.8,BU / ACRE,
31097,NE,JOHNSON,2012,SOYBEANS,ALL CLASSES,IRRIGATED,irrigated,ALL UTILIZATION PRACTICES,56.9,BU / ACRE,
31097,NE,JOHNSON,2011,SOYBEANS,ALL CLASSES,IRRIGATED,irrigated,ALL UTILIZATION PRACTICES,56.3,BU / ACRE,
31097,NE,JOHNSON,2009,SOYBEANS,ALL CLASSES,IRRIGATED,irrigated,ALL UTILIZATION PRACTICES,59.0,BU / ACRE,
31097,NE,JOHNSON,2008,SOYBEANS,ALL CLASSES,IRRIGATED,irrigated,ALL UTILIZATION PRACTICES,47.0,BU / ACRE,
31127,NE,NEMAHA,2014,SOYBEANS,ALL CLASSES,IRRIGATED,irrigated,ALL UTILIZATION PRACTICES,69.3,BU / ACRE,
31127,NE,NEMAHA,2013,SOYBEANS,ALL CLASSES,IRRIGATED,irrigated,ALL UTILIZATION PRACTICES,64.7,BU / ACRE,
31127,NE,NEMAHA,2012,SOYBEANS,ALL CLASSES,IRRIGATED,irrigated,ALL UTILIZATION PRACTICES,70.0,BU / ACRE,
31127,NE,NEMAHA,2011,SOYBEANS,ALL CLASSES,IRRIGATED,irrigated,ALL UTILIZATION PRACTICES,63.0,BU / ACRE,
31127,NE,NEMAHA,2009,SOYBEANS,ALL CLASSES,IRRIGATED,irrigated,ALL UTILIZATION PRACTICES,56.0,BU / ACRE,
31127,NE,NEMAHA,2008,SOYBEANS,ALL CLASSES,IRRIGATED,irrigated,ALL UTILIZATION PRACTICES,45.0,BU / ACRE,
31129,NE,NUCKOLLS,2017,SOYBEANS,ALL CLASSES,IRRIGATED,irrigated,ALL UTILIZATION PRACTICES,74.1,BU / ACRE,
31129,NE,NUCKOLLS,2016,SOYBEANS,ALL CLASSES,IRRIGATED,irrigated,ALL UTILIZATION PRACTICES,74.3,BU / ACRE,
31129,NE,NUCKOLLS,2014,SOYBEANS,ALL CLASSES,IRRIGATED,irrigated,ALL UTILIZATION PRACTICES,66.4,BU / ACRE,
31129,NE,NUCKOLLS,2013,SOYBEANS,ALL CLASSES,IRRIGATED,irrigated,ALL UTILIZATION PRACTICES,66.5,BU / ACRE,
31129,NE,NUCKOLLS,2012,SOYBEANS,ALL CLASSES,IRRIGATED,irrigated,ALL UTILIZATION PRACTICES,67.6,BU / ACRE,
31129,NE,NUCKOLLS,2011,SOYBEANS,ALL CLASSES,IRRIGATED,irrigated,ALL UTILIZATION PRACTICES,65.9,BU / ACRE,
31129,NE,NUCKOLLS,2010,SOYBEANS,ALL CLASSES,IRRIGATED,irrigated,ALL UTILIZATION PRACTICES,62.6,BU / ACRE,
31129,NE,NUCKOLLS,2009,SOYBEANS,ALL CLASSES,IRRIGATED,irrigated,ALL UTILIZATION PRACTICES,65.0,BU / ACRE,
31129,NE,NUCKOLLS,2008,SOYBEANS,ALL CLASSES,IRRIGATED,irrigated,ALL UTILIZATION PRACTICES,59.0,BU / ACRE,
31131,NE,OTOE,2012,SOYBEANS,ALL CLASSES,IRRIGATED,irrigated,ALL UTILIZATION PRACTICES,49.1,BU / ACRE,
31131,NE,OTOE,2011,SOYBEANS,ALL CLASSES,IRRIGATED,irrigated,ALL UTILIZATION PRACTICES,59.0,BU / ACRE,
31131,NE,OTOE,2008,SOYBEANS,ALL CLASSES,IRRIGATED,irrigated,ALL UTILIZATION PRACTICES,42.0,BU / ACRE,
31147,NE,RICHARDSON,2016,SOYBEANS,ALL CLASSES,IRRIGATED,irrigated,ALL UTILIZATION PRACTICES,60.9,BU / ACRE,
31147,NE,RICHARDSON,2012,SOYBEANS,ALL CLASSES,IRRIGATED,irrigated,ALL UTILIZATION PRACTICES,57.1,BU / ACRE,
31147,NE,RICHARDSON,2009,SOYBEANS,ALL CLASSES,IRRIGATED,irrigated,ALL UTILIZATION PRACTICES,64.0,BU / ACRE,
31151,NE,SALINE,2017,SOYBEANS,ALL CLASSES,IRRIGATED,irrigated,ALL UTILIZATION PRACTICES,65.9,BU / ACRE,
31151,NE,SALINE,2016,SOYBEANS,ALL CLASSES,IRRIGATED,irrigated,ALL UTILIZATION PRACTICES,67.4,BU / ACRE,
31151,NE,SALINE,2015,SOYBEANS,ALL CLASSES,IRRIGATED,irrigated,ALL UTILIZATION PRACTICES,62.3,BU / ACRE,
31151,NE,SALINE,2014,SOYBEANS,ALL CLASSES,IRRIGATED,irrigated,ALL UTILIZATION PRACTICES,59.9,BU / ACRE,
31151,NE,SALINE,2013,SOYBEANS,ALL CLASSES,IRRIGATED,irrigated,ALL UTILIZATION PRACTICES,62.9,BU / ACRE,
31151,NE,SALINE,2012,SOYBEANS,ALL CLASSES,IRRIGATED,irrigated,ALL UTILIZATION PRACTICES,61.9,BU / ACRE,
31151,NE,SALINE,2011,SOYBEANS,ALL CLASSES,IRRIGATED,irrigated,ALL UTILIZATION PRACTICES,63.0,BU / ACRE,
31151,NE,SALINE,2010,SOYBEANS,ALL CLASSES,IRRIGATED,irrigated,ALL UTILIZATION PRACTICES,57.0,BU / ACRE,
31151,NE,SALINE,2009,SOYBEANS,ALL CLASSES,IRRIGATED,irrigated,ALL UTILIZATION PRACTICES,59.0,BU / ACRE,
31151,NE,SALINE,2008,SOYBEANS,ALL CLASSES,IRRIGATED,irrigated,ALL UTILIZATION PRACTICES,57.0,BU / ACRE,
31169,NE,THAYER,2018,SOYBEANS,ALL CLASSES,IRRIGATED,irrigated,ALL UTILIZATION PRACTICES,64.7,BU / ACRE,
31169,NE,THAYER,2016,SOYBEANS,ALL CLASSES,IRRIGATED,irrigated,ALL UTILIZATION PRACTICES,66.6,BU / ACRE,
31169,NE,THAYER,2015,SOYBEANS,ALL CLASSES,IRRIGATED,irrigated,ALL UTILIZATION PRACTICES,65.6,BU / ACRE,
31169,NE,THAYER,2014,SOYBEANS,ALL CLASSES,IRRIGATED,irrigated,ALL UTILIZATION PRACTICES,66.7,BU / ACRE,
31169,NE,THAYER,2013,SOYBEANS,ALL CLASSES,IRRIGATED,irrigated,ALL UTILIZATION PRACTICES,64.9,BU / ACRE,
31169,NE,THAYER,2012,SOYBEANS,ALL CLASSES,IRRIGATED,irrigated,ALL UTILIZATION PRACTICES,65.1,BU / ACRE,
31169,NE,THAYER,2011,SOYBEANS,ALL CLASSES,IRRIGATED,irrigated,ALL UTILIZATION PRACTICES,65.0,BU / ACRE,
31169,NE,THAYER,2010,SOYBEANS,ALL CLASSES,IRRIGATED,irrigated,ALL UTILIZATION PRACTICES,55.1,BU / ACRE,
31169,NE,THAYER,2009,SOYBEANS,ALL CLASSES,IRRIGATED,irrigated,ALL UTILIZATION PRACTICES,63.0,BU / ACRE,
31169,NE,THAYER,2008,SOYBEANS,ALL CLASSES,IRRIGATED,irrigated,ALL UTILIZATION PRACTICES,61.0,BU / ACRE,
31015,NE,BOYD,2012,SOYBEANS,ALL CLASSES,NON-IRRIGATED,non_irrigated,ALL UTILIZATION PRACTICES,14.0,BU / ACRE,
31015,NE,BOYD,2011,SOYBEANS,ALL CLASSES,NON-IRRIGATED,non_irrigated,ALL UTILIZATION PRACTICES,43.3,BU / ACRE,
31015,NE,BOYD,2010,SOYBEANS,ALL CLASSES,NON-IRRIGATED,non_irrigated,ALL UTILIZATION PRACTICES,48.0,BU / ACRE,
31015,NE,BOYD,2009,SOYBEANS,ALL CLASSES,NON-IRRIGATED,non_irrigated,ALL UTILIZATION PRACTICES,47.0,BU / ACRE,
31015,NE,BOYD,2008,SOYBEANS,ALL CLASSES,NON-IRRIGATED,non_irrigated,ALL UTILIZATION PRACTICES,36.0,BU / ACRE,
31017,NE,BROWN,2010,SOYBEANS,ALL CLASSES,NON-IRRIGATED,non_irrigated,ALL UTILIZATION PRACTICES,26.0,BU / ACRE,
31071,NE,GARFIELD,2011,SOYBEANS,ALL CLASSES,NON-IRRIGATED,non_irrigated,ALL UTILIZATION PRACTICES,31.0,BU / ACRE,
31089,NE,HOLT,2012,SOYBEANS,ALL CLASSES,NON-IRRIGATED,non_irrigated,ALL UTILIZATION PRACTICES,10.5,BU / ACRE,
31089,NE,HOLT,2011,SOYBEANS,ALL CLASSES,NON-IRRIGATED,non_irrigated,ALL UTILIZATION PRACTICES,33.1,BU / ACRE,
31089,NE,HOLT,2010,SOYBEANS,ALL CLASSES,NON-IRRIGATED,non_irrigated,ALL UTILIZATION PRACTICES,35.1,BU / ACRE,
31089,NE,HOLT,2009,SOYBEANS,ALL CLASSES,NON-IRRIGATED,non_irrigated,ALL UTILIZATION PRACTICES,37.0,BU / ACRE,
31089,NE,HOLT,2008,SOYBEANS,ALL CLASSES,NON-IRRIGATED,non_irrigated,ALL UTILIZATION PRACTICES,30.0,BU / ACRE,
31103,NE,KEYA PAHA,2013,SOYBEANS,ALL CLASSES,NON-IRRIGATED,non_irrigated,ALL UTILIZATION PRACTICES,29.0,BU / ACRE,
31103,NE,KEYA PAHA,2011,SOYBEANS,ALL CLASSES,NON-IRRIGATED,non_irrigated,ALL UTILIZATION PRACTICES,35.8,BU / ACRE,
31103,NE,KEYA PAHA,2010,SOYBEANS,ALL CLASSES,NON-IRRIGATED,non_irrigated,ALL UTILIZATION PRACTICES,33.0,BU / ACRE,
31113,NE,LOGAN,2017,SOYBEANS,ALL CLASSES,NON-IRRIGATED,non_irrigated,ALL UTILIZATION PRACTICES,34.1,BU / ACRE,
31113,NE,LOGAN,2013,SOYBEANS,ALL CLASSES,NON-IRRIGATED,non_irrigated,ALL UTILIZATION PRACTICES,17.9,BU / ACRE,
31113,NE,LOGAN,2011,SOYBEANS,ALL CLASSES,NON-IRRIGATED,non_irrigated,ALL UTILIZATION PRACTICES,31.4,BU / ACRE,
31113,NE,LOGAN,2009,SOYBEANS,ALL CLASSES,NON-IRRIGATED,non_irrigated,ALL UTILIZATION PRACTICES,26.0,BU / ACRE,
31149,NE,ROCK,2013,SOYBEANS,ALL CLASSES,NON-IRRIGATED,non_irrigated,ALL UTILIZATION PRACTICES,30.4,BU / ACRE,
31183,NE,WHEELER,2011,SOYBEANS,ALL CLASSES,NON-IRRIGATED,non_irrigated,ALL UTILIZATION PRACTICES,42.3,BU / ACRE,
31003,NE,ANTELOPE,2017,SOYBEANS,ALL CLASSES,NON-IRRIGATED,non_irrigated,ALL UTILIZATION PRACTICES,44.0,BU / ACRE,
31003,NE,ANTELOPE,2016,SOYBEANS,ALL CLASSES,NON-IRRIGATED,non_irrigated,ALL UTILIZATION PRACTICES,50.7,BU / ACRE,
31003,NE,ANTELOPE,2015,SOYBEANS,ALL CLASSES,NON-IRRIGATED,non_irrigated,ALL UTILIZATION PRACTICES,53.4,BU / ACRE,
31003,NE,ANTELOPE,2014,SOYBEANS,ALL CLASSES,NON-IRRIGATED,non_irrigated,ALL UTILIZATION PRACTICES,51.7,BU / ACRE,
31003,NE,ANTELOPE,2013,SOYBEANS,ALL CLASSES,NON-IRRIGATED,non_irrigated,ALL UTILIZATION PRACTICES,38.0,BU / ACRE,
31003,NE,ANTELOPE,2012,SOYBEANS,ALL CLASSES,NON-IRRIGATED,non_irrigated,ALL UTILIZATION PRACTICES,17.8,BU / ACRE,
31003,NE,ANTELOPE,2011,SOYBEANS,ALL CLASSES,NON-IRRIGATED,non_irrigated,ALL UTILIZATION PRACTICES,41.7,BU / ACRE,
31003,NE,ANTELOPE,2010,SOYBEANS,ALL CLASSES,NON-IRRIGATED,non_irrigated,ALL UTILIZATION PRACTICES,41.6,BU / ACRE,
31003,NE,ANTELOPE,2009,SOYBEANS,ALL CLASSES,NON-IRRIGATED,non_irrigated,ALL UTILIZATION PRACTICES,44.0,BU / ACRE,
31003,NE,ANTELOPE,2008,SOYBEANS,ALL CLASSES,NON-IRRIGATED,non_irrigated,ALL UTILIZATION PRACTICES,35.0,BU / ACRE,
31011,NE,BOONE,2018,SOYBEANS,ALL CLASSES,NON-IRRIGATED,non_irrigated,ALL UTILIZATION PRACTICES,62.4,BU / ACRE,
31011,NE,BOONE,2017,SOYBEANS,ALL CLASSES,NON-IRRIGATED,non_irrigated,ALL UTILIZATION PRACTICES,55.2,BU / ACRE,
31011,NE,BOONE,2016,SOYBEANS,ALL CLASSES,NON-IRRIGATED,non_irrigated,ALL UTILIZATION PRACTICES,61.1,BU / ACRE,
31011,NE,BOONE,2015,SOYBEANS,ALL CLASSES,NON-IRRIGATED,non_irrigated,ALL UTILIZATION PRACTICES,50.8,BU / ACRE,
31011,NE,BOONE,2014,SOYBEANS,ALL CLASSES,NON-IRRIGATED,non_irrigated,ALL UTILIZATION PRACTICES,54.1,BU / ACRE,
31011,NE,BOONE,2013,SOYBEANS,ALL CLASSES,NON-IRRIGATED,non_irrigated,ALL UTILIZATION PRACTICES,47.6,BU / ACRE,
31011,NE,BOONE,2012,SOYBEANS,ALL CLASSES,NON-IRRIGATED,non_irrigated,ALL UTILIZATION PRACTICES,18.7,BU / ACRE,
31011,NE,BOONE,2011,SOYBEANS,ALL CLASSES,NON-IRRIGATED,non_irrigated,ALL UTILIZATION PRACTICES,50.3,BU / ACRE,
31011,NE,BOONE,2010,SOYBEANS,ALL CLASSES,NON-IRRIGATED,non_irrigated,ALL UTILIZATION PRACTICES,48.3,BU / ACRE,
31011,NE,BOONE,2009,SOYBEANS,ALL CLASSES,NON-IRRIGATED,non_irrigated,ALL UTILIZATION PRACTICES,52.0,BU / ACRE,
31011,NE,BOONE,2008,SOYBEANS,ALL CLASSES,NON-IRRIGATED,non_irrigated,ALL UTILIZATION PRACTICES,43.0,BU / ACRE,
31021,NE,BURT,2014,SOYBEANS,ALL CLASSES,NON-IRRIGATED,non_irrigated,ALL UTILIZATION PRACTICES,46.3,BU / ACRE,
31021,NE,BURT,2013,SOYBEANS,ALL CLASSES,NON-IRRIGATED,non_irrigated,ALL UTILIZATION PRACTICES,55.7,BU / ACRE,
31021,NE,BURT,2012,SOYBEANS,ALL CLASSES,NON-IRRIGATED,non_irrigated,ALL UTILIZATION PRACTICES,29.9,BU / ACRE,
31021,NE,BURT,2010,SOYBEANS,ALL CLASSES,NON-IRRIGATED,non_irrigated,ALL UTILIZATION PRACTICES,50.7,BU / ACRE,
31021,NE,BURT,2009,SOYBEANS,ALL CLASSES,NON-IRRIGATED,non_irrigated,ALL UTILIZATION PRACTICES,53.0,BU / ACRE,
31021,NE,BURT,2008,SOYBEANS,ALL CLASSES,NON-IRRIGATED,non_irrigated,ALL UTILIZATION PRACTICES,37.0,BU / ACRE,
31027,NE,CEDAR,2018,SOYBEANS,ALL CLASSES,NON-IRRIGATED,non_irrigated,ALL UTILIZATION PRACTICES,57.0,BU / ACRE,
31027,NE,CEDAR,2017,SOYBEANS,ALL CLASSES,NON-IRRIGATED,non_irrigated,ALL UTILIZATION PRACTICES,49.9,BU / ACRE,
31027,NE,CEDAR,2016,SOYBEANS,ALL CLASSES,NON-IRRIGATED,non_irrigated,ALL UTILIZATION PRACTICES,54.3,BU / ACRE,
31027,NE,CEDAR,2015,SOYBEANS,ALL CLASSES,NON-IRRIGATED,non_irrigated,ALL UTILIZATION PRACTICES,56.3,BU / ACRE,
31027,NE,CEDAR,2014,SOYBEANS,ALL CLASSES,NON-IRRIGATED,non_irrigated,ALL UTILIZATION PRACTICES,53.1,BU / ACRE,
31027,NE,CEDAR,2013,SOYBEANS,ALL CLASSES,NON-IRRIGATED,non_irrigated,ALL UTILIZATION PRACTICES,51.8,BU / ACRE,
31027,NE,CEDAR,2012,SOYBEANS,ALL CLASSES,NON-IRRIGATED,non_irrigated,ALL UTILIZATION PRACTICES,17.9,BU / ACRE,
31027,NE,CEDAR,2011,SOYBEANS,ALL CLASSES,NON-IRRIGATED,non_irrigated,ALL UTILIZATION PRACTICES,47.6,BU / ACRE,
31027,NE,CEDAR,2010,SOYBEANS,ALL CLASSES,NON-IRRIGATED,non_irrigated,ALL UTILIZATION PRACTICES,53.9,BU / ACRE,
31027,NE,CEDAR,2009,SOYBEANS,ALL CLASSES,NON-IRRIGATED,non_irrigated,ALL UTILIZATION PRACTICES,48.0,BU / ACRE,
31027,NE,CEDAR,2008,SOYBEANS,ALL CLASSES,NON-IRRIGATED,non_irrigated,ALL UTILIZATION PRACTICES,37.0,BU / ACRE,
31039,NE,CUMING,2016,SOYBEANS,ALL CLASSES,NON-IRRIGATED,non_irrigated,ALL UTILIZATION PRACTICES,62.2,BU / ACRE,
31039,NE,CUMING,2015,SOYBEANS,ALL CLASSES,NON-IRRIGATED,non_irrigated,ALL UTILIZATION PRACTICES,58.7,BU / ACRE,
31039,NE,CUMING,2011,SOYBEANS,ALL CLASSES,NON-IRRIGATED,non_irrigated,ALL UTILIZATION PRACTICES,52.0,BU / ACRE,
31039,NE,CUMING,2009,SOYBEANS,ALL CLASSES,NON-IRRIGATED,non_irrigated,ALL UTILIZATION PRACTICES,56.0,BU / ACRE,
31039,NE,CUMING,2008,SOYBEANS,ALL CLASSES,NON-IRRIGATED,non_irrigated,ALL UTILIZATION PRACTICES,37.0,BU / ACRE,
31043,NE,DAKOTA,2014,SOYBEANS,ALL CLASSES,NON-IRRIGATED,non_irrigated,ALL UTILIZATION PRACTICES,53.0,BU / ACRE,
31043,NE,DAKOTA,2013,SOYBEANS,ALL CLASSES,NON-IRRIGATED,non_irrigated,ALL UTILIZATION PRACTICES,52.7,BU / ACRE,
31051,NE,DIXON,2008,SOYBEANS,ALL CLASSES,NON-IRRIGATED,non_irrigated,ALL UTILIZATION PRACTICES,40.0,BU / ACRE,
31107,NE,KNOX,2014,SOYBEANS,ALL CLASSES,NON-IRRIGATED,non_irrigated,ALL UTILIZATION PRACTICES,54.0,BU / ACRE,
31107,NE,KNOX,2013,SOYBEANS,ALL CLASSES,NON-IRRIGATED,non_irrigated,ALL UTILIZATION PRACTICES,54.2,BU / ACRE,
31107,NE,KNOX,2012,SOYBEANS,ALL CLASSES,NON-IRRIGATED,non_irrigated,ALL UTILIZATION PRACTICES,16.1,BU / ACRE,
31107,NE,KNOX,2011,SOYBEANS,ALL CLASSES,NON-IRRIGATED,non_irrigated,ALL UTILIZATION PRACTICES,45.3,BU / ACRE,
31107,NE,KNOX,2010,SOYBEANS,ALL CLASSES,NON-IRRIGATED,non_irrigated,ALL UTILIZATION PRACTICES,49.0,BU / ACRE,
31107,NE,KNOX,2009,SOYBEANS,ALL CLASSES,NON-IRRIGATED,non_irrigated,ALL UTILIZATION PRACTICES,47.0,BU / ACRE,
31107,NE,KNOX,2008,SOYBEANS,ALL CLASSES,NON-IRRIGATED,non_irrigated,ALL UTILIZATION PRACTICES,32.0,BU / ACRE,
31119,NE,MADISON,2017,SOYBEANS,ALL CLASSES,NON-IRRIGATED,non_irrigated,ALL UTILIZATION PRACTICES,54.5,BU / ACRE,
31119,NE,MADISON,2016,SOYBEANS,ALL CLASSES,NON-IRRIGATED,non_irrigated,ALL UTILIZATION PRACTICES,55.0,BU / ACRE,
31119,NE,MADISON,2015,SOYBEANS,ALL CLASSES,NON-IRRIGATED,non_irrigated,ALL UTILIZATION PRACTICES,54.3,BU / ACRE,
31119,NE,MADISON,2014,SOYBEANS,ALL CLASSES,NON-IRRIGATED,non_irrigated,ALL UTILIZATION PRACTICES,46.8,BU / ACRE,
31119,NE,MADISON,2013,SOYBEANS,ALL CLASSES,NON-IRRIGATED,non_irrigated,ALL UTILIZATION PRACTICES,46.4,BU / ACRE,
31119,NE,MADISON,2012,SOYBEANS,ALL CLASSES,NON-IRRIGATED,non_irrigated,ALL UTILIZATION PRACTICES,18.0,BU / ACRE,
31119,NE,MADISON,2010,SOYBEANS,ALL CLASSES,NON-IRRIGATED,non_irrigated,ALL UTILIZATION PRACTICES,48.8,BU / ACRE,
31119,NE,MADISON,2009,SOYBEANS,ALL CLASSES,NON-IRRIGATED,non_irrigated,ALL UTILIZATION PRACTICES,47.0,BU / ACRE,
31119,NE,MADISON,2008,SOYBEANS,ALL CLASSES,NON-IRRIGATED,non_irrigated,ALL UTILIZATION PRACTICES,37.0,BU / ACRE,
31139,NE,PIERCE,2016,SOYBEANS,ALL CLASSES,NON-IRRIGATED,non_irrigated,ALL UTILIZATION PRACTICES,52.3,BU / ACRE,
31139,NE,PIERCE,2015,SOYBEANS,ALL CLASSES,NON-IRRIGATED,non_irrigated,ALL UTILIZATION PRACTICES,51.2,BU / ACRE,
31139,NE,PIERCE,2014,SOYBEANS,ALL CLASSES,NON-IRRIGATED,non_irrigated,ALL UTILIZATION PRACTICES,50.6,BU / ACRE,
31139,NE,PIERCE,2013,SOYBEANS,ALL CLASSES,NON-IRRIGATED,non_irrigated,ALL UTILIZATION PRACTICES,49.9,BU / ACRE,
31139,NE,PIERCE,2012,SOYBEANS,ALL CLASSES,NON-IRRIGATED,non_irrigated,ALL UTILIZATION PRACTICES,17.3,BU / ACRE,
31139,NE,PIERCE,2011,SOYBEANS,ALL CLASSES,NON-IRRIGATED,non_irrigated,ALL UTILIZATION PRACTICES,44.2,BU / ACRE,
31139,NE,PIERCE,2010,SOYBEANS,ALL CLASSES,NON-IRRIGATED,non_irrigated,ALL UTILIZATION PRACTICES,49.0,BU / ACRE,
31139,NE,PIERCE,2009,SOYBEANS,ALL CLASSES,NON-IRRIGATED,non_irrigated,ALL UTILIZATION PRACTICES,45.0,BU / ACRE,
31139,NE,PIERCE,2008,SOYBEANS,ALL CLASSES,NON-IRRIGATED,non_irrigated,ALL UTILIZATION PRACTICES,38.0,BU / ACRE,
31167,NE,STANTON,2013,SOYBEANS,ALL CLASSES,NON-IRRIGATED,non_irrigated,ALL UTILIZATION PRACTICES,53.6,BU / ACRE,
31167,NE,STANTON,2012,SOYBEANS,ALL CLASSES,NON-IRRIGATED,non_irrigated,ALL UTILIZATION PRACTICES,19.9,BU / ACRE,
31167,NE,STANTON,2011,SOYBEANS,ALL CLASSES,NON-IRRIGATED,non_irrigated,ALL UTILIZATION PRACTICES,46.3,BU / ACRE,
31167,NE,STANTON,2010,SOYBEANS,ALL CLASSES,NON-IRRIGATED,non_irrigated,ALL UTILIZATION PRACTICES,50.1,BU / ACRE,
31167,NE,STANTON,2009,SOYBEANS,ALL CLASSES,NON-IRRIGATED,non_irrigated,ALL UTILIZATION PRACTICES,52.0,BU / ACRE,
31167,NE,STANTON,2008,SOYBEANS,ALL CLASSES,NON-IRRIGATED,non_irrigated,ALL UTILIZATION PRACTICES,31.0,BU / ACRE,
31179,NE,WAYNE,2013,SOYBEANS,ALL CLASSES,NON-IRRIGATED,non_irrigated,ALL UTILIZATION PRACTICES,53.3,BU / ACRE,
31179,NE,WAYNE,2012,SOYBEANS,ALL CLASSES,NON-IRRIGATED,non_irrigated,ALL UTILIZATION PRACTICES,20.7,BU / ACRE,
31179,NE,WAYNE,2011,SOYBEANS,ALL CLASSES,NON-IRRIGATED,non_irrigated,ALL UTILIZATION PRACTICES,46.3,BU / ACRE,
31179,NE,WAYNE,2010,SOYBEANS,ALL CLASSES,NON-IRRIGATED,non_irrigated,ALL UTILIZATION PRACTICES,51.2,BU / ACRE,
31179,NE,WAYNE,2009,SOYBEANS,ALL CLASSES,NON-IRRIGATED,non_irrigated,ALL UTILIZATION PRACTICES,49.0,BU / ACRE,
31179,NE,WAYNE,2008,SOYBEANS,ALL CLASSES,NON-IRRIGATED,non_irrigated,ALL UTILIZATION PRACTICES,39.0,BU / ACRE,
31019,NE,BUFFALO,2017,SOYBEANS,ALL CLASSES,NON-IRRIGATED,non_irrigated,ALL UTILIZATION PRACTICES,49.9,BU / ACRE,
31019,NE,BUFFALO,2016,SOYBEANS,ALL CLASSES,NON-IRRIGATED,non_irrigated,ALL UTILIZATION PRACTICES,47.1,BU / ACRE,
31019,NE,BUFFALO,2015,SOYBEANS,ALL CLASSES,NON-IRRIGATED,non_irrigated,ALL UTILIZATION PRACTICES,46.1,BU / ACRE,
31019,NE,BUFFALO,2014,SOYBEANS,ALL CLASSES,NON-IRRIGATED,non_irrigated,ALL UTILIZATION PRACTICES,37.8,BU / ACRE,
31019,NE,BUFFALO,2013,SOYBEANS,ALL CLASSES,NON-IRRIGATED,non_irrigated,ALL UTILIZATION PRACTICES,26.0,BU / ACRE,
31019,NE,BUFFALO,2012,SOYBEANS,ALL CLASSES,NON-IRRIGATED,non_irrigated,ALL UTILIZATION PRACTICES,12.5,BU / ACRE,
31019,NE,BUFFALO,2011,SOYBEANS,ALL CLASSES,NON-IRRIGATED,non_irrigated,ALL UTILIZATION PRACTICES,51.0,BU / ACRE,
31019,NE,BUFFALO,2010,SOYBEANS,ALL CLASSES,NON-IRRIGATED,non_irrigated,ALL UTILIZATION PRACTICES,52.8,BU / ACRE,
31019,NE,BUFFALO,2009,SOYBEANS,ALL CLASSES,NON-IRRIGATED,non_irrigated,ALL UTILIZATION PRACTICES,47.0,BU / ACRE,
31019,NE,BUFFALO,2008,SOYBEANS,ALL CLASSES,NON-IRRIGATED,non_irrigated,ALL UTILIZATION PRACTICES,38.0,BU / ACRE,
31041,NE,CUSTER,2016,SOYBEANS,ALL CLASSES,NON-IRRIGATED,non_irrigated,ALL UTILIZATION PRACTICES,47.3,BU / ACRE,
31041,NE,CUSTER,2015,SOYBEANS,ALL CLASSES,NON-IRRIGATED,non_irrigated,ALL UTILIZATION PRACTICES,47.3,BU / ACRE,
31041,NE,CUSTER,2014,SOYBEANS,ALL CLASSES,NON-IRRIGATED,non_irrigated,ALL UTILIZATION PRACTICES,29.4,BU / ACRE,
31041,NE,CUSTER,2013,SOYBEANS,ALL CLASSES,NON-IRRIGATED,non_irrigated,ALL UTILIZATION PRACTICES,35.0,BU / ACRE,
31041,NE,CUSTER,2012,SOYBEANS,ALL CLASSES,NON-IRRIGATED,non_irrigated,ALL UTILIZATION PRACTICES,11.2,BU / ACRE,
31041,NE,CUSTER,2011,SOYBEANS,ALL CLASSES,NON-IRRIGATED,non_irrigated,ALL UTILIZATION PRACTICES,41.8,BU / ACRE,
31041,NE,CUSTER,2010,SOYBEANS,ALL CLASSES,NON-IRRIGATED,non_irrigated,ALL UTILIZATION PRACTICES,46.2,BU / ACRE,
31041,NE,CUSTER,2009,SOYBEANS,ALL CLASSES,NON-IRRIGATED,non_irrigated,ALL UTILIZATION PRACTICES,46.0,BU / ACRE,
31041,NE,CUSTER,2008,SOYBEANS,ALL CLASSES,NON-IRRIGATED,non_irrigated,ALL UTILIZATION PRACTICES,37.0,BU / ACRE,
31047,NE,DAWSON,2012,SOYBEANS,ALL CLASSES,NON-IRRIGATED,non_irrigated,ALL UTILIZATION PRACTICES,12.9,BU / ACRE,
31047,NE,DAWSON,2011,SOYBEANS,ALL CLASSES,NON-IRRIGATED,non_irrigated,ALL UTILIZATION PRACTICES,45.9,BU / ACRE,
31047,NE,DAWSON,2010,SOYBEANS,ALL CLASSES,NON-IRRIGATED,non_irrigated,ALL UTILIZATION PRACTICES,47.3,BU / ACRE,
31047,NE,DAWSON,2009,SOYBEANS,ALL CLASSES,NON-IRRIGATED,non_irrigated,ALL UTILIZATION PRACTICES,48.0,BU / ACRE,
31047,NE,DAWSON,2008,SOYBEANS,ALL CLASSES,NON-IRRIGATED,non_irrigated,ALL UTILIZATION PRACTICES,40.0,BU / ACRE,
31077,NE,GREELEY,2018,SOYBEANS,ALL CLASSES,NON-IRRIGATED,non_irrigated,ALL UTILIZATION PRACTICES,49.5,BU / ACRE,
31077,NE,GREELEY,2014,SOYBEANS,ALL CLASSES,NON-IRRIGATED,non_irrigated,ALL UTILIZATION PRACTICES,46.3,BU / ACRE,
31077,NE,GREELEY,2011,SOYBEANS,ALL CLASSES,NON-IRRIGATED,non_irrigated,ALL UTILIZATION PRACTICES,44.3,BU / ACRE,
31077,NE,GREELEY,2010,SOYBEANS,ALL CLASSES,NON-IRRIGATED,non_irrigated,ALL UTILIZATION PRACTICES,37.0,BU / ACRE,
31077,NE,GREELEY,2009,SOYBEANS,ALL CLASSES,NON-IRRIGATED,non_irrigated,ALL UTILIZATION PRACTICES,51.0,BU / ACRE,
31077,NE,GREELEY,2008,SOYBEANS,ALL CLASSES,NON-IRRIGATED,non_irrigated,ALL UTILIZATION PRACTICES,36.0,BU / ACRE,
31079,NE,HALL,2011,SOYBEANS,ALL CLASSES,NON-IRRIGATED,non_irrigated,ALL UTILIZATION PRACTICES,50.6,BU / ACRE,
31079,NE,HALL,2010,SOYBEANS,ALL CLASSES,NON-IRRIGATED,non_irrigated,ALL UTILIZATION PRACTICES,45.6,BU / ACRE,
31079,NE,HALL,2009,SOYBEANS,ALL CLASSES,NON-IRRIGATED,non_irrigated,ALL UTILIZATION PRACTICES,42.0,BU / ACRE,
31079,NE,HALL,2008,SOYBEANS,ALL CLASSES,NON-IRRIGATED,non_irrigated,ALL UTILIZATION PRACTICES,33.0,BU / ACRE,
31093,NE,HOWARD,2016,SOYBEANS,ALL CLASSES,NON-IRRIGATED,non_irrigated,ALL UTILIZATION PRACTICES,53.8,BU / ACRE,
31093,NE,HOWARD,2013,SOYBEANS,ALL CLASSES,NON-IRRIGATED,non_irrigated,ALL UTILIZATION PRACTICES,41.6,BU / ACRE,
31093,NE,HOWARD,2012,SOYBEANS,ALL CLASSES,NON-IRRIGATED,non_irrigated,ALL UTILIZATION PRACTICES,12.9,BU / ACRE,
31093,NE,HOWARD,2011,SOYBEANS,ALL CLASSES,NON-IRRIGATED,non_irrigated,ALL UTILIZATION PRACTICES,49.4,BU / ACRE,
31093,NE,HOWARD,2010,SOYBEANS,ALL CLASSES,NON-IRRIGATED,non_irrigated,ALL UTILIZATION PRACTICES,46.0,BU / ACRE,
31093,NE,HOWARD,2009,SOYBEANS,ALL CLASSES,NON-IRRIGATED,non_irrigated,ALL UTILIZATION PRACTICES,47.0,BU / ACRE,
31093,NE,HOWARD,2008,SOYBEANS,ALL CLASSES,NON-IRRIGATED,non_irrigated,ALL UTILIZATION PRACTICES,36.0,BU / ACRE,
31163,NE,SHERMAN,2017,SOYBEANS,ALL CLASSES,NON-IRRIGATED,non_irrigated,ALL UTILIZATION PRACTICES,50.9,BU / ACRE,
31163,NE,SHERMAN,2012,SOYBEANS,ALL CLASSES,NON-IRRIGATED,non_irrigated,ALL UTILIZATION PRACTICES,11.6,BU / ACRE,
31163,NE,SHERMAN,2011,SOYBEANS,ALL CLASSES,NON-IRRIGATED,non_irrigated,ALL UTILIZATION PRACTICES,45.4,BU / ACRE,
31163,NE,SHERMAN,2010,SOYBEANS,ALL CLASSES,NON-IRRIGATED,non_irrigated,ALL UTILIZATION PRACTICES,46.5,BU / ACRE,
31163,NE,SHERMAN,2009,SOYBEANS,ALL CLASSES,NON-IRRIGATED,non_irrigated,ALL UTILIZATION PRACTICES,50.0,BU / ACRE,
31163,NE,SHERMAN,2008,SOYBEANS,ALL CLASSES,NON-IRRIGATED,non_irrigated,ALL UTILIZATION PRACTICES,41.0,BU / ACRE,
31175,NE,VALLEY,2018,SOYBEANS,ALL CLASSES,NON-IRRIGATED,non_irrigated,ALL UTILIZATION PRACTICES,60.4,BU / ACRE,
31175,NE,VALLEY,2012,SOYBEANS,ALL CLASSES,NON-IRRIGATED,non_irrigated,ALL UTILIZATION PRACTICES,12.6,BU / ACRE,
31175,NE,VALLEY,2011,SOYBEANS,ALL CLASSES,NON-IRRIGATED,non_irrigated,ALL UTILIZATION PRACTICES,47.9,BU / ACRE,
31175,NE,VALLEY,2010,SOYBEANS,ALL CLASSES,NON-IRRIGATED,non_irrigated,ALL UTILIZATION PRACTICES,40.0,BU / ACRE,
31175,NE,VALLEY,2009,SOYBEANS,ALL CLASSES,NON-IRRIGATED,non_irrigated,ALL UTILIZATION PRACTICES,47.0,BU / ACRE,
31175,NE,VALLEY,2008,SOYBEANS,ALL CLASSES,NON-IRRIGATED,non_irrigated,ALL UTILIZATION PRACTICES,38.0,BU / ACRE,
31023,NE,BUTLER,2017,SOYBEANS,ALL CLASSES,NON-IRRIGATED,non_irrigated,ALL UTILIZATION PRACTICES,52.7,BU / ACRE,
31023,NE,BUTLER,2016,SOYBEANS,ALL CLASSES,NON-IRRIGATED,non_irrigated,ALL UTILIZATION PRACTICES,55.6,BU / ACRE,
31023,NE,BUTLER,2015,SOYBEANS,ALL CLASSES,NON-IRRIGATED,non_irrigated,ALL UTILIZATION PRACTICES,57.7,BU / ACRE,
31023,NE,BUTLER,2013,SOYBEANS,ALL CLASSES,NON-IRRIGATED,non_irrigated,ALL UTILIZATION PRACTICES,48.0,BU / ACRE,
31023,NE,BUTLER,2012,SOYBEANS,ALL CLASSES,NON-IRRIGATED,non_irrigated,ALL UTILIZATION PRACTICES,27.0,BU / ACRE,
31023,NE,BUTLER,2011,SOYBEANS,ALL CLASSES,NON-IRRIGATED,non_irrigated,ALL UTILIZATION PRACTICES,53.0,BU / ACRE,
31023,NE,BUTLER,2010,SOYBEANS,ALL CLASSES,NON-IRRIGATED,non_irrigated,ALL UTILIZATION PRACTICES,50.4,BU / ACRE,
31023,NE,BUTLER,2009,SOYBEANS,ALL CLASSES,NON-IRRIGATED,non_irrigated,ALL UTILIZATION PRACTICES,50.0,BU / ACRE,
31023,NE,BUTLER,2008,SOYBEANS,ALL CLASSES,NON-IRRIGATED,non_irrigated,ALL UTILIZATION PRACTICES,39.0,BU / ACRE,
31025,NE,CASS,2013,SOYBEANS,ALL CLASSES,NON-IRRIGATED,non_irrigated,ALL UTILIZATION PRACTICES,46.3,BU / ACRE,
31025,NE,CASS,2009,SOYBEANS,ALL CLASSES,NON-IRRIGATED,non_irrigated,ALL UTILIZATION PRACTICES,52.0,BU / ACRE,
31037,NE,COLFAX,2017,SOYBEANS,ALL CLASSES,NON-IRRIGATED,non_irrigated,ALL UTILIZATION PRACTICES,52.6,BU / ACRE,
31037,NE,COLFAX,2016,SOYBEANS,ALL CLASSES,NON-IRRIGATED,non_irrigated,ALL UTILIZATION PRACTICES,62.2,BU / ACRE,
31037,NE,COLFAX,2015,SOYBEANS,ALL CLASSES,NON-IRRIGATED,non_irrigated,ALL UTILIZATION PRACTICES,59.8,BU / ACRE,
31037,NE,COLFAX,2013,SOYBEANS,ALL CLASSES,NON-IRRIGATED,non_irrigated,ALL UTILIZATION PRACTICES,51.0,BU / ACRE,
31037,NE,COLFAX,2012,SOYBEANS,ALL CLASSES,NON-IRRIGATED,non_irrigated,ALL UTILIZATION PRACTICES,21.8,BU / ACRE,
31037,NE,COLFAX,2011,SOYBEANS,ALL CLASSES,NON-IRRIGATED,non_irrigated,ALL UTILIZATION PRACTICES,50.1,BU / ACRE,
31037,NE,COLFAX,2010,SOYBEANS,ALL CLASSES,NON-IRRIGATED,non_irrigated,ALL UTILIZATION PRACTICES,47.9,BU / ACRE,
31037,NE,COLFAX,2009,SOYBEANS,ALL CLASSES,NON-IRRIGATED,non_irrigated,ALL UTILIZATION PRACTICES,54.0,BU / ACRE,
31037,NE,COLFAX,2008,SOYBEANS,ALL CLASSES,NON-IRRIGATED,non_irrigated,ALL UTILIZATION PRACTICES,39.0,BU / ACRE,
31053,NE,DODGE,2018,SOYBEANS,ALL CLASSES,NON-IRRIGATED,non_irrigated,ALL UTILIZATION PRACTICES,56.0,BU / ACRE,
31053,NE,DODGE,2014,SOYBEANS,ALL CLASSES,NON-IRRIGATED,non_irrigated,ALL UTILIZATION PRACTICES,48.5,BU / ACRE,
31053,NE,DODGE,2013,SOYBEANS,ALL CLASSES,NON-IRRIGATED,non_irrigated,ALL UTILIZATION PRACTICES,51.9,BU / ACRE,
31053,NE,DODGE,2012,SOYBEANS,ALL CLASSES,NON-IRRIGATED,non_irrigated,ALL UTILIZATION PRACTICES,29.3,BU / ACRE,
31053,NE,DODGE,2011,SOYBEANS,ALL CLASSES,NON-IRRIGATED,non_irrigated,ALL UTILIZATION PRACTICES,51.3,BU / ACRE,
31053,NE,DODGE,2010,SOYBEANS,ALL CLASSES,NON-IRRIGATED,non_irrigated,ALL UTILIZATION PRACTICES,51.1,BU / ACRE,
31053,NE,DODGE,2009,SOYBEANS,ALL CLASSES,NON-IRRIGATED,non_irrigated,ALL UTILIZATION PRACTICES,57.0,BU / ACRE,
31053,NE,DODGE,2008,SOYBEANS,ALL CLASSES,NON-IRRIGATED,non_irrigated,ALL UTILIZATION PRACTICES,36.0,BU / ACRE,
31055,NE,DOUGLAS,2018,SOYBEANS,ALL CLASSES,NON-IRRIGATED,non_irrigated,ALL UTILIZATION PRACTICES,58.4,BU / ACRE,
31055,NE,DOUGLAS,2017,SOYBEANS,ALL CLASSES,NON-IRRIGATED,non_irrigated,ALL UTILIZATION PRACTICES,52.0,BU / ACRE,
31055,NE,DOUGLAS,2016,SOYBEANS,ALL CLASSES,NON-IRRIGATED,non_irrigated,ALL UTILIZATION PRACTICES,60.1,BU / ACRE,
31055,NE,DOUGLAS,2015,SOYBEANS,ALL CLASSES,NON-IRRIGATED,non_irrigated,ALL UTILIZATION PRACTICES,55.7,BU / ACRE,
31055,NE,DOUGLAS,2014,SOYBEANS,ALL CLASSES,NON-IRRIGATED,non_irrigated,ALL UTILIZATION PRACTICES,50.8,BU / ACRE,
31055,NE,DOUGLAS,2013,SOYBEANS,ALL CLASSES,NON-IRRIGATED,non_irrigated,ALL UTILIZATION PRACTICES,45.2,BU / ACRE,
31055,NE,DOUGLAS,2012,SOYBEANS,ALL CLASSES,NON-IRRIGATED,non_irrigated,ALL UTILIZATION PRACTICES,26.8,BU / ACRE,
31055,NE,DOUGLAS,2011,SOYBEANS,ALL CLASSES,NON-IRRIGATED,non_irrigated,ALL UTILIZATION PRACTICES,48.6,BU / ACRE,
31055,NE,DOUGLAS,2010,SOYBEANS,ALL CLASSES,NON-IRRIGATED,non_irrigated,ALL UTILIZATION PRACTICES,49.0,BU / ACRE,
31055,NE,DOUGLAS,2009,SOYBEANS,ALL CLASSES,NON-IRRIGATED,non_irrigated,ALL UTILIZATION PRACTICES,53.0,BU / ACRE,
31055,NE,DOUGLAS,2008,SOYBEANS,ALL CLASSES,NON-IRRIGATED,non_irrigated,ALL UTILIZATION PRACTICES,33.0,BU / ACRE,
31081,NE,HAMILTON,2016,SOYBEANS,ALL CLASSES,NON-IRRIGATED,non_irrigated,ALL UTILIZATION PRACTICES,59.7,BU / ACRE,
31081,NE,HAMILTON,2013,SOYBEANS,ALL CLASSES,NON-IRRIGATED,non_irrigated,ALL UTILIZATION PRACTICES,36.1,BU / ACRE,
31081,NE,HAMILTON,2012,SOYBEANS,ALL CLASSES,NON-IRRIGATED,non_irrigated,ALL UTILIZATION PRACTICES,17.7,BU / ACRE,
31081,NE,HAMILTON,2011,SOYBEANS,ALL CLASSES,NON-IRRIGATED,non_irrigated,ALL UTILIZATION PRACTICES,53.2,BU / ACRE,
31081,NE,HAMILTON,2010,SOYBEANS,ALL CLASSES,NON-IRRIGATED,non_irrigated,ALL UTILIZATION PRACTICES,49.6,BU / ACRE,
31081,NE,HAMILTON,2009,SOYBEANS,ALL CLASSES,NON-IRRIGATED,non_irrigated,ALL UTILIZATION PRACTICES,47.0,BU / ACRE,
31081,NE,HAMILTON,2008,SOYBEANS,ALL CLASSES,NON-IRRIGATED,non_irrigated,ALL UTILIZATION PRACTICES,46.0,BU / ACRE,
31109,NE,LANCASTER,2013,SOYBEANS,ALL CLASSES,NON-IRRIGATED,non_irrigated,ALL UTILIZATION PRACTICES,44.8,BU / ACRE,
31109,NE,LANCASTER,2012,SOYBEANS,ALL CLASSES,NON-IRRIGATED,non_irrigated,ALL UTILIZATION PRACTICES,25.0,BU / ACRE,
31109,NE,LANCASTER,2011,SOYBEANS,ALL CLASSES,NON-IRRIGATED,non_irrigated,ALL UTILIZATION PRACTICES,46.8,BU / ACRE,
31109,NE,LANCASTER,2010,SOYBEANS,ALL CLASSES,NON-IRRIGATED,non_irrigated,ALL UTILIZATION PRACTICES,43.0,BU / ACRE,
31109,NE,LANCASTER,2009,SOYBEANS,ALL CLASSES,NON-IRRIGATED,non_irrigated,ALL UTILIZATION PRACTICES,48.0,BU / ACRE,
31109,NE,LANCASTER,2008,SOYBEANS,ALL CLASSES,NON-IRRIGATED,non_irrigated,ALL UTILIZATION PRACTICES,39.0,BU / ACRE,
31121,NE,MERRICK,2018,SOYBEANS,ALL CLASSES,NON-IRRIGATED,non_irrigated,ALL UTILIZATION PRACTICES,52.1,BU / ACRE,
31121,NE,MERRICK,2016,SOYBEANS,ALL CLASSES,NON-IRRIGATED,non_irrigated,ALL UTILIZATION PRACTICES,36.0,BU / ACRE,
31121,NE,MERRICK,2015,SOYBEANS,ALL CLASSES,NON-IRRIGATED,non_irrigated,ALL UTILIZATION PRACTICES,42.7,BU / ACRE,
31121,NE,MERRICK,2014,SOYBEANS,ALL CLASSES,NON-IRRIGATED,non_irrigated,ALL UTILIZATION PRACTICES,35.4,BU / ACRE,
31121,NE,MERRICK,2012,SOYBEANS,ALL CLASSES,NON-IRRIGATED,non_irrigated,ALL UTILIZATION PRACTICES,13.0,BU / ACRE,
31121,NE,MERRICK,2010,SOYBEANS,ALL CLASSES,NON-IRRIGATED,non_irrigated,ALL UTILIZATION PRACTICES,40.2,BU / ACRE,
31121,NE,MERRICK,2009,SOYBEANS,ALL CLASSES,NON-IRRIGATED,non_irrigated,ALL UTILIZATION PRACTICES,43.0,BU / ACRE,
31121,NE,MERRICK,2008,SOYBEANS,ALL CLASSES,NON-IRRIGATED,non_irrigated,ALL UTILIZATION PRACTICES,33.0,BU / ACRE,
31125,NE,NANCE,2017,SOYBEANS,ALL CLASSES,NON-IRRIGATED,non_irrigated,ALL UTILIZATION PRACTICES,52.0,BU / ACRE,
31125,NE,NANCE,2015,SOYBEANS,ALL CLASSES,NON-IRRIGATED,non_irrigated,ALL UTILIZATION PRACTICES,55.4,BU / ACRE,
31125,NE,NANCE,2014,SOYBEANS,ALL CLASSES,NON-IRRIGATED,non_irrigated,ALL UTILIZATION PRACTICES,51.7,BU / ACRE,
31125,NE,NANCE,2011,SOYBEANS,ALL CLASSES,NON-IRRIGATED,non_irrigated,ALL UTILIZATION PRACTICES,52.1,BU / ACRE,
31125,NE,NANCE,2010,SOYBEANS,ALL CLASSES,NON-IRRIGATED,non_irrigated,ALL UTILIZATION PRACTICES,47.0,BU / ACRE,
31125,NE,NANCE,2009,SOYBEANS,ALL CLASSES,NON-IRRIGATED,non_irrigated,ALL UTILIZATION PRACTICES,51.0,BU / ACRE,
31125,NE,NANCE,2008,SOYBEANS,ALL CLASSES,NON-IRRIGATED,non_irrigated,ALL UTILIZATION PRACTICES,43.0,BU / ACRE,
31141,NE,PLATTE,2018,SOYBEANS,ALL CLASSES,NON-IRRIGATED,non_irrigated,ALL UTILIZATION PRACTICES,50.3,BU / ACRE,
31141,NE,PLATTE,2017,SOYBEANS,ALL CLASSES,NON-IRRIGATED,non_irrigated,ALL UTILIZATION PRACTICES,53.5,BU / ACRE,
31141,NE,PLATTE,2016,SOYBEANS,ALL CLASSES,NON-IRRIGATED,non_irrigated,ALL UTILIZATION PRACTICES,60.5,BU / ACRE,
31141,NE,PLATTE,2015,SOYBEANS,ALL CLASSES,NON-IRRIGATED,non_irrigated,ALL UTILIZATION PRACTICES,59.0,BU / ACRE,
31141,NE,PLATTE,2014,SOYBEANS,ALL CLASSES,NON-IRRIGATED,non_irrigated,ALL UTILIZATION PRACTICES,53.9,BU / ACRE,
31141,NE,PLATTE,2013,SOYBEANS,ALL CLASSES,NON-IRRIGATED,non_irrigated,ALL UTILIZATION PRACTICES,53.4,BU / ACRE,
31141,NE,PLATTE,2012,SOYBEANS,ALL CLASSES,NON-IRRIGATED,non_irrigated,ALL UTILIZATION PRACTICES,21.0,BU / ACRE,
31141,NE,PLATTE,2011,SOYBEANS,ALL CLASSES,NON-IRRIGATED,non_irrigated,ALL UTILIZATION PRACTICES,52.2,BU / ACRE,
31141,NE,PLATTE,2010,SOYBEANS,ALL CLASSES,NON-IRRIGATED,non_irrigated,ALL UTILIZATION PRACTICES,46.0,BU / ACRE,
31141,NE,PLATTE,2009,SOYBEANS,ALL CLASSES,NON-IRRIGATED,non_irrigated,ALL UTILIZATION PRACTICES,50.0,BU / ACRE,
31141,NE,PLATTE,2008,SOYBEANS,ALL CLASSES,NON-IRRIGATED,non_irrigated,ALL UTILIZATION PRACTICES,41.0,BU / ACRE,
31143,NE,POLK,2018,SOYBEANS,ALL CLASSES,NON-IRRIGATED,non_irrigated,ALL UTILIZATION PRACTICES,59.2,BU / ACRE,
31143,NE,POLK,2015,SOYBEANS,ALL CLASSES,NON-IRRIGATED,non_irrigated,ALL UTILIZATION PRACTICES,58.5,BU / ACRE,
31143,NE,POLK,2013,SOYBEANS,ALL CLASSES,NON-IRRIGATED,non_irrigated,ALL UTILIZATION PRACTICES,45.6,BU / ACRE,
31143,NE,POLK,2012,SOYBEANS,ALL CLASSES,NON-IRRIGATED,non_irrigated,ALL UTILIZATION PRACTICES,23.5,BU / ACRE,
31143,NE,POLK,2011,SOYBEANS,ALL CLASSES,NON-IRRIGATED,non_irrigated,ALL UTILIZATION PRACTICES,52.4,BU / ACRE,
31143,NE,POLK,2010,SOYBEANS,ALL CLASSES,NON-IRRIGATED,non_irrigated,ALL UTILIZATION PRACTICES,52.8,BU / ACRE,
31143,NE,POLK,2009,SOYBEANS,ALL CLASSES,NON-IRRIGATED,non_irrigated,ALL UTILIZATION PRACTICES,54.0,BU / ACRE,
31143,NE,POLK,2008,SOYBEANS,ALL CLASSES,NON-IRRIGATED,non_irrigated,ALL UTILIZATION PRACTICES,46.0,BU / ACRE,
31153,NE,SARPY,2017,SOYBEANS,ALL CLASSES,NON-IRRIGATED,non_irrigated,ALL UTILIZATION PRACTICES,55.5,BU / ACRE,
31153,NE,SARPY,2016,SOYBEANS,ALL CLASSES,NON-IRRIGATED,non_irrigated,ALL UTILIZATION PRACTICES,61.0,BU / ACRE,
31153,NE,SARPY,2014,SOYBEANS,ALL CLASSES,NON-IRRIGATED,non_irrigated,ALL UTILIZATION PRACTICES,57.4,BU / ACRE,
31153,NE,SARPY,2013,SOYBEANS,ALL CLASSES,NON-IRRIGATED,non_irrigated,ALL UTILIZATION PRACTICES,47.1,BU / ACRE,
31153,NE,SARPY,2012,SOYBEANS,ALL CLASSES,NON-IRRIGATED,non_irrigated,ALL UTILIZATION PRACTICES,32.6,BU / ACRE,
31153,NE,SARPY,2011,SOYBEANS,ALL CLASSES,NON-IRRIGATED,non_irrigated,ALL UTILIZATION PRACTICES,51.1,BU / ACRE,
31153,NE,SARPY,2010,SOYBEANS,ALL CLASSES,NON-IRRIGATED,non_irrigated,ALL UTILIZATION PRACTICES,54.0,BU / ACRE,
31153,NE,SARPY,2009,SOYBEANS,ALL CLASSES,NON-IRRIGATED,non_irrigated,ALL UTILIZATION PRACTICES,56.0,BU / ACRE,
31153,NE,SARPY,2008,SOYBEANS,ALL CLASSES,NON-IRRIGATED,non_irrigated,ALL UTILIZATION PRACTICES,44.0,BU / ACRE,
31155,NE,SAUNDERS,2017,SOYBEANS,ALL CLASSES,NON-IRRIGATED,non_irrigated,ALL UTILIZATION PRACTICES,53.9,BU / ACRE,
31155,NE,SAUNDERS,2016,SOYBEANS,ALL CLASSES,NON-IRRIGATED,non_irrigated,ALL UTILIZATION PRACTICES,56.3,BU / ACRE,
31155,NE,SAUNDERS,2015,SOYBEANS,ALL CLASSES,NON-IRRIGATED,non_irrigated,ALL UTILIZATION PRACTICES,55.3,BU / ACRE,
31155,NE,SAUNDERS,2014,SOYBEANS,ALL CLASSES,NON-IRRIGATED,non_irrigated,ALL UTILIZATION PRACTICES,52.8,BU / ACRE,
31155,NE,SAUNDERS,2013,SOYBEANS,ALL CLASSES,NON-IRRIGATED,non_irrigated,ALL UTILIZATION PRACTICES,47.7,BU / ACRE,
31155,NE,SAUNDERS,2012,SOYBEANS,ALL CLASSES,NON-IRRIGATED,non_irrigated,ALL UTILIZATION PRACTICES,27.8,BU / ACRE,
31155,NE,SAUNDERS,2011,SOYBEANS,ALL CLASSES,NON-IRRIGATED,non_irrigated,ALL UTILIZATION PRACTICES,48.4,BU / ACRE,
31155,NE,SAUNDERS,2010,SOYBEANS,ALL CLASSES,NON-IRRIGATED,non_irrigated,ALL UTILIZATION PRACTICES,46.8,BU / ACRE,
31155,NE,SAUNDERS,2009,SOYBEANS,ALL CLASSES,NON-IRRIGATED,non_irrigated,ALL UTILIZATION PRACTICES,52.0,BU / ACRE,
31155,NE,SAUNDERS,2008,SOYBEANS,ALL CLASSES,NON-IRRIGATED,non_irrigated,ALL UTILIZATION PRACTICES,40.0,BU / ACRE,
31159,NE,SEWARD,2017,SOYBEANS,ALL CLASSES,NON-IRRIGATED,non_irrigated,ALL UTILIZATION PRACTICES,54.6,BU / ACRE,
31159,NE,SEWARD,2016,SOYBEANS,ALL CLASSES,NON-IRRIGATED,non_irrigated,ALL UTILIZATION PRACTICES,54.9,BU / ACRE,
31159,NE,SEWARD,2015,SOYBEANS,ALL CLASSES,NON-IRRIGATED,non_irrigated,ALL UTILIZATION PRACTICES,53.7,BU / ACRE,
31159,NE,SEWARD,2014,SOYBEANS,ALL CLASSES,NON-IRRIGATED,non_irrigated,ALL UTILIZATION PRACTICES,49.5,BU / ACRE,
31159,NE,SEWARD,2013,SOYBEANS,ALL CLASSES,NON-IRRIGATED,non_irrigated,ALL UTILIZATION PRACTICES,44.7,BU / ACRE,
31159,NE,SEWARD,2012,SOYBEANS,ALL CLASSES,NON-IRRIGATED,non_irrigated,ALL UTILIZATION PRACTICES,24.9,BU / ACRE,
31159,NE,SEWARD,2011,SOYBEANS,ALL CLASSES,NON-IRRIGATED,non_irrigated,ALL UTILIZATION PRACTICES,50.0,BU / ACRE,
31159,NE,SEWARD,2010,SOYBEANS,ALL CLASSES,NON-IRRIGATED,non_irrigated,ALL UTILIZATION PRACTICES,44.9,BU / ACRE,
31159,NE,SEWARD,2009,SOYBEANS,ALL CLASSES,NON-IRRIGATED,non_irrigated,ALL UTILIZATION PRACTICES,49.0,BU / ACRE,
31159,NE,SEWARD,2008,SOYBEANS,ALL CLASSES,NON-IRRIGATED,non_irrigated,ALL UTILIZATION PRACTICES,43.0,BU / ACRE,
31177,NE,WASHINGTON,2014,SOYBEANS,ALL CLASSES,NON-IRRIGATED,non_irrigated,ALL UTILIZATION PRACTICES,47.0,BU / ACRE,
31177,NE,WASHINGTON,2012,SOYBEANS,ALL CLASSES,NON-IRRIGATED,non_irrigated,ALL UTILIZATION PRACTICES,27.4,BU / ACRE,
31177,NE,WASHINGTON,2011,SOYBEANS,ALL CLASSES,NON-IRRIGATED,non_irrigated,ALL UTILIZATION PRACTICES,48.8,BU / ACRE,
31177,NE,WASHINGTON,2009,SOYBEANS,ALL CLASSES,NON-IRRIGATED,non_irrigated,ALL UTILIZATION PRACTICES,54.0,BU / ACRE,
31185,NE,YORK,2013,SOYBEANS,ALL CLASSES,NON-IRRIGATED,non_irrigated,ALL UTILIZATION PRACTICES,36.8,BU / ACRE,
31185,NE,YORK,2012,SOYBEANS,ALL CLASSES,NON-IRRIGATED,non_irrigated,ALL UTILIZATION PRACTICES,20.1,BU / ACRE,
31185,NE,YORK,2011,SOYBEANS,ALL CLASSES,NON-IRRIGATED,non_irrigated,ALL UTILIZATION PRACTICES,51.8,BU / ACRE,
31185,NE,YORK,2010,SOYBEANS,ALL CLASSES,NON-IRRIGATED,non_irrigated,ALL UTILIZATION PRACTICES,49.3,BU / ACRE,
31185,NE,YORK,2009,SOYBEANS,ALL CLASSES,NON-IRRIGATED,non_irrigated,ALL UTILIZATION PRACTICES,52.0,BU / ACRE,
31185,NE,YORK,2008,SOYBEANS,ALL CLASSES,NON-IRRIGATED,non_irrigated,ALL UTILIZATION PRACTICES,49.0,BU / ACRE,
31063,NE,FRONTIER,2008,SOYBEANS,ALL CLASSES,NON-IRRIGATED,non_irrigated,ALL UTILIZATION PRACTICES,27.0,BU / ACRE,
31001,NE,ADAMS,2016,SOYBEANS,ALL CLASSES,NON-IRRIGATED,non_irrigated,ALL UTILIZATION PRACTICES,41.9,BU / ACRE,
31001,NE,ADAMS,2015,SOYBEANS,ALL CLASSES,NON-IRRIGATED,non_irrigated,ALL UTILIZATION PRACTICES,44.3,BU / ACRE,
31001,NE,ADAMS,2014,SOYBEANS,ALL CLASSES,NON-IRRIGATED,non_irrigated,ALL UTILIZATION PRACTICES,37.9,BU / ACRE,
31001,NE,ADAMS,2013,SOYBEANS,ALL CLASSES,NON-IRRIGATED,non_irrigated,ALL UTILIZATION PRACTICES,40.5,BU / ACRE,
31001,NE,ADAMS,2012,SOYBEANS,ALL CLASSES,NON-IRRIGATED,non_irrigated,ALL UTILIZATION PRACTICES,22.6,BU / ACRE,
31001,NE,ADAMS,2011,SOYBEANS,ALL CLASSES,NON-IRRIGATED,non_irrigated,ALL UTILIZATION PRACTICES,58.4,BU / ACRE,
31001,NE,ADAMS,2010,SOYBEANS,ALL CLASSES,NON-IRRIGATED,non_irrigated,ALL UTILIZATION PRACTICES,46.7,BU / ACRE,
31001,NE,ADAMS,2009,SOYBEANS,ALL CLASSES,NON-IRRIGATED,non_irrigated,ALL UTILIZATION PRACTICES,41.0,BU / ACRE,
31001,NE,ADAMS,2008,SOYBEANS,ALL CLASSES,NON-IRRIGATED,non_irrigated,ALL UTILIZATION PRACTICES,47.0,BU / ACRE,
31061,NE,FRANKLIN,2016,SOYBEANS,ALL CLASSES,NON-IRRIGATED,non_irrigated,ALL UTILIZATION PRACTICES,43.5,BU / ACRE,
31061,NE,FRANKLIN,2015,SOYBEANS,ALL CLASSES,NON-IRRIGATED,non_irrigated,ALL UTILIZATION PRACTICES,36.2,BU / ACRE,
31061,NE,FRANKLIN,2014,SOYBEANS,ALL CLASSES,NON-IRRIGATED,non_irrigated,ALL UTILIZATION PRACTICES,37.1,BU / ACRE,
31061,NE,FRANKLIN,2012,SOYBEANS,ALL CLASSES,NON-IRRIGATED,non_irrigated,ALL UTILIZATION PRACTICES,26.7,BU / ACRE,
31061,NE,FRANKLIN,2010,SOYBEANS,ALL CLASSES,NON-IRRIGATED,non_irrigated,ALL UTILIZATION PRACTICES,49.6,BU / ACRE,
31061,NE,FRANKLIN,2009,SOYBEANS,ALL CLASSES,NON-IRRIGATED,non_irrigated,ALL UTILIZATION PRACTICES,45.0,BU / ACRE,
31061,NE,FRANKLIN,2008,SOYBEANS,ALL CLASSES,NON-IRRIGATED,non_irrigated,ALL UTILIZATION PRACTICES,46.0,BU / ACRE,
31065,NE,FURNAS,2016,SOYBEANS,ALL CLASSES,NON-IRRIGATED,non_irrigated,ALL UTILIZATION PRACTICES,42.8,BU / ACRE,
31065,NE,FURNAS,2015,SOYBEANS,ALL CLASSES,NON-IRRIGATED,non_irrigated,ALL UTILIZATION PRACTICES,41.6,BU / ACRE,
31065,NE,FURNAS,2014,SOYBEANS,ALL CLASSES,NON-IRRIGATED,non_irrigated,ALL UTILIZATION PRACTICES,34.8,BU / ACRE,
31065,NE,FURNAS,2012,SOYBEANS,ALL CLASSES,NON-IRRIGATED,non_irrigated,ALL UTILIZATION PRACTICES,9.1,BU / ACRE,
31065,NE,FURNAS,2011,SOYBEANS,ALL CLASSES,NON-IRRIGATED,non_irrigated,ALL UTILIZATION PRACTICES,38.4,BU / ACRE,
31065,NE,FURNAS,2010,SOYBEANS,ALL CLASSES,NON-IRRIGATED,non_irrigated,ALL UTILIZATION PRACTICES,39.0,BU / ACRE,
31065,NE,FURNAS,2009,SOYBEANS,ALL CLASSES,NON-IRRIGATED,non_irrigated,ALL UTILIZATION PRACTICES,47.0,BU / ACRE,
31065,NE,FURNAS,2008,SOYBEANS,ALL CLASSES,NON-IRRIGATED,non_irrigated,ALL UTILIZATION PRACTICES,32.0,BU / ACRE,
31073,NE,GOSPER,2018,SOYBEANS,ALL CLASSES,NON-IRRIGATED,non_irrigated,ALL UTILIZATION PRACTICES,46.4,BU / ACRE,
31073,NE,GOSPER,2013,SOYBEANS,ALL CLASSES,NON-IRRIGATED,non_irrigated,ALL UTILIZATION PRACTICES,6.3,BU / ACRE,
31073,NE,GOSPER,2012,SOYBEANS,ALL CLASSES,NON-IRRIGATED,non_irrigated,ALL UTILIZATION PRACTICES,7.8,BU / ACRE,
31073,NE,GOSPER,2010,SOYBEANS,ALL CLASSES,NON-IRRIGATED,non_irrigated,ALL UTILIZATION PRACTICES,39.1,BU / ACRE,
31073,NE,GOSPER,2009,SOYBEANS,ALL CLASSES,NON-IRRIGATED,non_irrigated,ALL UTILIZATION PRACTICES,49.0,BU / ACRE,
31073,NE,GOSPER,2008,SOYBEANS,ALL CLASSES,NON-IRRIGATED,non_irrigated,ALL UTILIZATION PRACTICES,34.0,BU / ACRE,
31083,NE,HARLAN,2016,SOYBEANS,ALL CLASSES,NON-IRRIGATED,non_irrigated,ALL UTILIZATION PRACTICES,48.8,BU / ACRE,
31083,NE,HARLAN,2015,SOYBEANS,ALL CLASSES,NON-IRRIGATED,non_irrigated,ALL UTILIZATION PRACTICES,42.7,BU / ACRE,
31083,NE,HARLAN,2013,SOYBEANS,ALL CLASSES,NON-IRRIGATED,non_irrigated,ALL UTILIZATION PRACTICES,12.8,BU / ACRE,
31083,NE,HARLAN,2012,SOYBEANS,ALL CLASSES,NON-IRRIGATED,non_irrigated,ALL UTILIZATION PRACTICES,20.0,BU / ACRE,
31083,NE,HARLAN,2011,SOYBEANS,ALL CLASSES,NON-IRRIGATED,non_irrigated,ALL UTILIZATION PRACTICES,53.0,BU / ACRE,
31083,NE,HARLAN,2010,SOYBEANS,ALL CLASSES,NON-IRRIGATED,non_irrigated,ALL UTILIZATION PRACTICES,47.0,BU / ACRE,
31083,NE,HARLAN,2009,SOYBEANS,ALL CLASSES,NON-IRRIGATED,non_irrigated,ALL UTILIZATION PRACTICES,51.0,BU / ACRE,
31083,NE,HARLAN,2008,SOYBEANS,ALL CLASSES,NON-IRRIGATED,non_irrigated,ALL UTILIZATION PRACTICES,42.0,BU / ACRE,
31099,NE,KEARNEY,2017,SOYBEANS,ALL CLASSES,NON-IRRIGATED,non_irrigated,ALL UTILIZATION PRACTICES,56.6,BU / ACRE,
31099,NE,KEARNEY,2016,SOYBEANS,ALL CLASSES,NON-IRRIGATED,non_irrigated,ALL UTILIZATION PRACTICES,43.1,BU / ACRE,
31099,NE,KEARNEY,2015,SOYBEANS,ALL CLASSES,NON-IRRIGATED,non_irrigated,ALL UTILIZATION PRACTICES,38.1,BU / ACRE,
31099,NE,KEARNEY,2014,SOYBEANS,ALL CLASSES,NON-IRRIGATED,non_irrigated,ALL UTILIZATION PRACTICES,40.3,BU / ACRE,
31099,NE,KEARNEY,2013,SOYBEANS,ALL CLASSES,NON-IRRIGATED,non_irrigated,ALL UTILIZATION PRACTICES,33.2,BU / ACRE,
31099,NE,KEARNEY,2012,SOYBEANS,ALL CLASSES,NON-IRRIGATED,non_irrigated,ALL UTILIZATION PRACTICES,30.5,BU / ACRE,
31099,NE,KEARNEY,2011,SOYBEANS,ALL CLASSES,NON-IRRIGATED,non_irrigated,ALL UTILIZATION PRACTICES,55.0,BU / ACRE,
31099,NE,KEARNEY,2010,SOYBEANS,ALL CLASSES,NON-IRRIGATED,non_irrigated,ALL UTILIZATION PRACTICES,47.1,BU / ACRE,
31099,NE,KEARNEY,2009,SOYBEANS,ALL CLASSES,NON-IRRIGATED,non_irrigated,ALL UTILIZATION PRACTICES,53.0,BU / ACRE,
31099,NE,KEARNEY,2008,SOYBEANS,ALL CLASSES,NON-IRRIGATED,non_irrigated,ALL UTILIZATION PRACTICES,47.0,BU / ACRE,
31137,NE,PHELPS,2018,SOYBEANS,ALL CLASSES,NON-IRRIGATED,non_irrigated,ALL UTILIZATION PRACTICES,51.9,BU / ACRE,
31137,NE,PHELPS,2017,SOYBEANS,ALL CLASSES,NON-IRRIGATED,non_irrigated,ALL UTILIZATION PRACTICES,51.1,BU / ACRE,
31137,NE,PHELPS,2013,SOYBEANS,ALL CLASSES,NON-IRRIGATED,non_irrigated,ALL UTILIZATION PRACTICES,15.5,BU / ACRE,
31137,NE,PHELPS,2012,SOYBEANS,ALL CLASSES,NON-IRRIGATED,non_irrigated,ALL UTILIZATION PRACTICES,25.5,BU / ACRE,
31137,NE,PHELPS,2011,SOYBEANS,ALL CLASSES,NON-IRRIGATED,non_irrigated,ALL UTILIZATION PRACTICES,54.9,BU / ACRE,
31137,NE,PHELPS,2010,SOYBEANS,ALL CLASSES,NON-IRRIGATED,non_irrigated,ALL UTILIZATION PRACTICES,51.1,BU / ACRE,
31137,NE,PHELPS,2009,SOYBEANS,ALL CLASSES,NON-IRRIGATED,non_irrigated,ALL UTILIZATION PRACTICES,50.0,BU / ACRE,
31137,NE,PHELPS,2008,SOYBEANS,ALL CLASSES,NON-IRRIGATED,non_irrigated,ALL UTILIZATION PRACTICES,48.0,BU / ACRE,
31181,NE,WEBSTER,2018,SOYBEANS,ALL CLASSES,NON-IRRIGATED,non_irrigated,ALL UTILIZATION PRACTICES,46.3,BU / ACRE,
31181,NE,WEBSTER,2017,SOYBEANS,ALL CLASSES,NON-IRRIGATED,non_irrigated,ALL UTILIZATION PRACTICES,49.0,BU / ACRE,
31181,NE,WEBSTER,2016,SOYBEANS,ALL CLASSES,NON-IRRIGATED,non_irrigated,ALL UTILIZATION PRACTICES,45.0,BU / ACRE,
31181,NE,WEBSTER,2015,SOYBEANS,ALL CLASSES,NON-IRRIGATED,non_irrigated,ALL UTILIZATION PRACTICES,35.7,BU / ACRE,
31181,NE,WEBSTER,2014,SOYBEANS,ALL CLASSES,NON-IRRIGATED,non_irrigated,ALL UTILIZATION PRACTICES,37.4,BU / ACRE,
31181,NE,WEBSTER,2013,SOYBEANS,ALL CLASSES,NON-IRRIGATED,non_irrigated,ALL UTILIZATION PRACTICES,29.7,BU / ACRE,
31181,NE,WEBSTER,2012,SOYBEANS,ALL CLASSES,NON-IRRIGATED,non_irrigated,ALL UTILIZATION PRACTICES,26.8,BU / ACRE,
31181,NE,WEBSTER,2011,SOYBEANS,ALL CLASSES,NON-IRRIGATED,non_irrigated,ALL UTILIZATION PRACTICES,53.1,BU / ACRE,
31181,NE,WEBSTER,2010,SOYBEANS,ALL CLASSES,NON-IRRIGATED,non_irrigated,ALL UTILIZATION PRACTICES,45.0,BU / ACRE,
31181,NE,WEBSTER,2009,SOYBEANS,ALL CLASSES,NON-IRRIGATED,non_irrigated,ALL UTILIZATION PRACTICES,38.0,BU / ACRE,
31181,NE,WEBSTER,2008,SOYBEANS,ALL CLASSES,NON-IRRIGATED,non_irrigated,ALL UTILIZATION PRACTICES,50.0,BU / ACRE,
31035,NE,CLAY,2018,SOYBEANS,ALL CLASSES,NON-IRRIGATED,non_irrigated,ALL UTILIZATION PRACTICES,51.2,BU / ACRE,
31035,NE,CLAY,2017,SOYBEANS,ALL CLASSES,NON-IRRIGATED,non_irrigated,ALL UTILIZATION PRACTICES,54.4,BU / ACRE,
31035,NE,CLAY,2016,SOYBEANS,ALL CLASSES,NON-IRRIGATED,non_irrigated,ALL UTILIZATION PRACTICES,49.2,BU / ACRE,
31035,NE,CLAY,2015,SOYBEANS,ALL CLASSES,NON-IRRIGATED,non_irrigated,ALL UTILIZATION PRACTICES,47.7,BU / ACRE,
31035,NE,CLAY,2014,SOYBEANS,ALL CLASSES,NON-IRRIGATED,non_irrigated,ALL UTILIZATION PRACTICES,46.4,BU / ACRE,
31035,NE,CLAY,2013,SOYBEANS,ALL CLASSES,NON-IRRIGATED,non_irrigated,ALL UTILIZATION PRACTICES,31.0,BU / ACRE,
31035,NE,CLAY,2012,SOYBEANS,ALL CLASSES,NON-IRRIGATED,non_irrigated,ALL UTILIZATION PRACTICES,22.7,BU / ACRE,
31035,NE,CLAY,2011,SOYBEANS,ALL CLASSES,NON-IRRIGATED,non_irrigated,ALL UTILIZATION PRACTICES,55.2,BU / ACRE,
31035,NE,CLAY,2010,SOYBEANS,ALL CLASSES,NON-IRRIGATED,non_irrigated,ALL UTILIZATION PRACTICES,46.0,BU / ACRE,
31035,NE,CLAY,2009,SOYBEANS,ALL CLASSES,NON-IRRIGATED,non_irrigated,ALL UTILIZATION PRACTICES,38.0,BU / ACRE,
31035,NE,CLAY,2008,SOYBEANS,ALL CLASSES,NON-IRRIGATED,non_irrigated,ALL UTILIZATION PRACTICES,51.0,BU / ACRE,
31059,NE,FILLMORE,2017,SOYBEANS,ALL CLASSES,NON-IRRIGATED,non_irrigated,ALL UTILIZATION PRACTICES,48.3,BU / ACRE,
31059,NE,FILLMORE,2016,SOYBEANS,ALL CLASSES,NON-IRRIGATED,non_irrigated,ALL UTILIZATION PRACTICES,50.9,BU / ACRE,
31059,NE,FILLMORE,2015,SOYBEANS,ALL CLASSES,NON-IRRIGATED,non_irrigated,ALL UTILIZATION PRACTICES,48.8,BU / ACRE,
31059,NE,FILLMORE,2014,SOYBEANS,ALL CLASSES,NON-IRRIGATED,non_irrigated,ALL UTILIZATION PRACTICES,49.7,BU / ACRE,
31059,NE,FILLMORE,2013,SOYBEANS,ALL CLASSES,NON-IRRIGATED,non_irrigated,ALL UTILIZATION PRACTICES,38.1,BU / ACRE,
31059,NE,FILLMORE,2012,SOYBEANS,ALL CLASSES,NON-IRRIGATED,non_irrigated,ALL UTILIZATION PRACTICES,22.1,BU / ACRE,
31059,NE,FILLMORE,2011,SOYBEANS,ALL CLASSES,NON-IRRIGATED,non_irrigated,ALL UTILIZATION PRACTICES,51.3,BU / ACRE,
31059,NE,FILLMORE,2010,SOYBEANS,ALL CLASSES,NON-IRRIGATED,non_irrigated,ALL UTILIZATION PRACTICES,37.9,BU / ACRE,
31059,NE,FILLMORE,2009,SOYBEANS,ALL CLASSES,NON-IRRIGATED,non_irrigated,ALL UTILIZATION PRACTICES,39.0,BU / ACRE,
31059,NE,FILLMORE,2008,SOYBEANS,ALL CLASSES,NON-IRRIGATED,non_irrigated,ALL UTILIZATION PRACTICES,46.0,BU / ACRE,
31067,NE,GAGE,2016,SOYBEANS,ALL CLASSES,NON-IRRIGATED,non_irrigated,ALL UTILIZATION PRACTICES,50.4,BU / ACRE,
31067,NE,GAGE,2015,SOYBEANS,ALL CLASSES,NON-IRRIGATED,non_irrigated,ALL UTILIZATION PRACTICES,43.2,BU / ACRE,
31067,NE,GAGE,2014,SOYBEANS,ALL CLASSES,NON-IRRIGATED,non_irrigated,ALL UTILIZATION PRACTICES,44.4,BU / ACRE,
31067,NE,GAGE,2013,SOYBEANS,ALL CLASSES,NON-IRRIGATED,non_irrigated,ALL UTILIZATION PRACTICES,49.4,BU / ACRE,
31067,NE,GAGE,2011,SOYBEANS,ALL CLASSES,NON-IRRIGATED,non_irrigated,ALL UTILIZATION PRACTICES,44.0,BU / ACRE,
31067,NE,GAGE,2010,SOYBEANS,ALL CLASSES,NON-IRRIGATED,non_irrigated,ALL UTILIZATION PRACTICES,39.5,BU / ACRE,
31067,NE,GAGE,2009,SOYBEANS,ALL CLASSES,NON-IRRIGATED,non_irrigated,ALL UTILIZATION PRACTICES,44.0,BU / ACRE,
31067,NE,GAGE,2008,SOYBEANS,ALL CLASSES,NON-IRRIGATED,non_irrigated,ALL UTILIZATION PRACTICES,35.0,BU / ACRE,
31095,NE,JEFFERSON,2015,SOYBEANS,ALL CLASSES,NON-IRRIGATED,non_irrigated,ALL UTILIZATION PRACTICES,40.4,BU / ACRE,
31095,NE,JEFFERSON,2014,SOYBEANS,ALL CLASSES,NON-IRRIGATED,non_irrigated,ALL UTILIZATION PRACTICES,42.7,BU / ACRE,
31095,NE,JEFFERSON,2013,SOYBEANS,ALL CLASSES,NON-IRRIGATED,non_irrigated,ALL UTILIZATION PRACTICES,47.6,BU / ACRE,
31095,NE,JEFFERSON,2012,SOYBEANS,ALL CLASSES,NON-IRRIGATED,non_irrigated,ALL UTILIZATION PRACTICES,25.4,BU / ACRE,
31095,NE,JEFFERSON,2011,SOYBEANS,ALL CLASSES,NON-IRRIGATED,non_irrigated,ALL UTILIZATION PRACTICES,45.7,BU / ACRE,
31095,NE,JEFFERSON,2010,SOYBEANS,ALL CLASSES,NON-IRRIGATED,non_irrigated,ALL UTILIZATION PRACTICES,37.1,BU / ACRE,
31095,NE,JEFFERSON,2009,SOYBEANS,ALL CLASSES,NON-IRRIGATED,non_irrigated,ALL UTILIZATION PRACTICES,42.0,BU / ACRE,
31095,NE,JEFFERSON,2008,SOYBEANS,ALL CLASSES,NON-IRRIGATED,non_irrigated,ALL UTILIZATION PRACTICES,44.0,BU / ACRE,
31097,NE,JOHNSON,2015,SOYBEANS,ALL CLASSES,NON-IRRIGATED,non_irrigated,ALL UTILIZATION PRACTICES,43.0,BU / ACRE,
31097,NE,JOHNSON,2014,SOYBEANS,ALL CLASSES,NON-IRRIGATED,non_irrigated,ALL UTILIZATION PRACTICES,43.2,BU / ACRE,
31097,NE,JOHNSON,2013,SOYBEANS,ALL CLASSES,NON-IRRIGATED,non_irrigated,ALL UTILIZATION PRACTICES,42.5,BU / ACRE,
31097,NE,JOHNSON,2012,SOYBEANS,ALL CLASSES,NON-IRRIGATED,non_irrigated,ALL UTILIZATION PRACTICES,26.0,BU / ACRE,
31097,NE,JOHNSON,2011,SOYBEANS,ALL CLASSES,NON-IRRIGATED,non_irrigated,ALL UTILIZATION PRACTICES,43.0,BU / ACRE,
31097,NE,JOHNSON,2009,SOYBEANS,ALL CLASSES,NON-IRRIGATED,non_irrigated,ALL UTILIZATION PRACTICES,45.0,BU / ACRE,
31097,NE,JOHNSON,2008,SOYBEANS,ALL CLASSES,NON-IRRIGATED,non_irrigated,ALL UTILIZATION PRACTICES,30.0,BU / ACRE,
31127,NE,NEMAHA,2014,SOYBEANS,ALL CLASSES,NON-IRRIGATED,non_irrigated,ALL UTILIZATION PRACTICES,46.3,BU / ACRE,
31127,NE,NEMAHA,2013,SOYBEANS,ALL CLASSES,NON-IRRIGATED,non_irrigated,ALL UTILIZATION PRACTICES,50.2,BU / ACRE,
31127,NE,NEMAHA,2012,SOYBEANS,ALL CLASSES,NON-IRRIGATED,non_irrigated,ALL UTILIZATION PRACTICES,34.2,BU / ACRE,
31127,NE,NEMAHA,2011,SOYBEANS,ALL CLASSES,NON-IRRIGATED,non_irrigated,ALL UTILIZATION PRACTICES,47.1,BU / ACRE,
31127,NE,NEMAHA,2009,SOYBEANS,ALL CLASSES,NON-IRRIGATED,non_irrigated,ALL UTILIZATION PRACTICES,52.0,BU / ACRE,
31127,NE,NEMAHA,2008,SOYBEANS,ALL CLASSES,NON-IRRIGATED,non_irrigated,ALL UTILIZATION PRACTICES,36.0,BU / ACRE,
31129,NE,NUCKOLLS,2017,SOYBEANS,ALL CLASSES,NON-IRRIGATED,non_irrigated,ALL UTILIZATION PRACTICES,52.7,BU / ACRE,
31129,NE,NUCKOLLS,2016,SOYBEANS,ALL CLASSES,NON-IRRIGATED,non_irrigated,ALL UTILIZATION PRACTICES,60.6,BU / ACRE,
31129,NE,NUCKOLLS,2014,SOYBEANS,ALL CLASSES,NON-IRRIGATED,non_irrigated,ALL UTILIZATION PRACTICES,48.0,BU / ACRE,
31129,NE,NUCKOLLS,2013,SOYBEANS,ALL CLASSES,NON-IRRIGATED,non_irrigated,ALL UTILIZATION PRACTICES,42.2,BU / ACRE,
31129,NE,NUCKOLLS,2012,SOYBEANS,ALL CLASSES,NON-IRRIGATED,non_irrigated,ALL UTILIZATION PRACTICES,32.1,BU / ACRE,
31129,NE,NUCKOLLS,2011,SOYBEANS,ALL CLASSES,NON-IRRIGATED,non_irrigated,ALL UTILIZATION PRACTICES,52.6,BU / ACRE,
31129,NE,NUCKOLLS,2010,SOYBEANS,ALL CLASSES,NON-IRRIGATED,non_irrigated,ALL UTILIZATION PRACTICES,36.0,BU / ACRE,
31129,NE,NUCKOLLS,2009,SOYBEANS,ALL CLASSES,NON-IRRIGATED,non_irrigated,ALL UTILIZATION PRACTICES,45.0,BU / ACRE,
31129,NE,NUCKOLLS,2008,SOYBEANS,ALL CLASSES,NON-IRRIGATED,non_irrigated,ALL UTILIZATION PRACTICES,51.0,BU / ACRE,
31131,NE,OTOE,2012,SOYBEANS,ALL CLASSES,NON-IRRIGATED,non_irrigated,ALL UTILIZATION PRACTICES,29.1,BU / ACRE,
31131,NE,OTOE,2011,SOYBEANS,ALL CLASSES,NON-IRRIGATED,non_irrigated,ALL UTILIZATION PRACTICES,45.6,BU / ACRE,
31131,NE,OTOE,2008,SOYBEANS,ALL CLASSES,NON-IRRIGATED,non_irrigated,ALL UTILIZATION PRACTICES,33.0,BU / ACRE,
31147,NE,RICHARDSON,2016,SOYBEANS,ALL CLASSES,NON-IRRIGATED,non_irrigated,ALL UTILIZATION PRACTICES,56.7,BU / ACRE,
31147,NE,RICHARDSON,2012,SOYBEANS,ALL CLASSES,NON-IRRIGATED,non_irrigated,ALL UTILIZATION PRACTICES,38.7,BU / ACRE,
31147,NE,RICHARDSON,2009,SOYBEANS,ALL CLASSES,NON-IRRIGATED,non_irrigated,ALL UTILIZATION PRACTICES,53.0,BU / ACRE,
31151,NE,SALINE,2017,SOYBEANS,ALL CLASSES,NON-IRRIGATED,non_irrigated,ALL UTILIZATION PRACTICES,45.1,BU / ACRE,
31151,NE,SALINE,2016,SOYBEANS,ALL CLASSES,NON-IRRIGATED,non_irrigated,ALL UTILIZATION PRACTICES,47.2,BU / ACRE,
31151,NE,SALINE,2015,SOYBEANS,ALL CLASSES,NON-IRRIGATED,non_irrigated,ALL UTILIZATION PRACTICES,40.6,BU / ACRE,
31151,NE,SALINE,2014,SOYBEANS,ALL CLASSES,NON-IRRIGATED,non_irrigated,ALL UTILIZATION PRACTICES,46.4,BU / ACRE,
31151,NE,SALINE,2013,SOYBEANS,ALL CLASSES,NON-IRRIGATED,non_irrigated,ALL UTILIZATION PRACTICES,40.3,BU / ACRE,
31151,NE,SALINE,2012,SOYBEANS,ALL CLASSES,NON-IRRIGATED,non_irrigated,ALL UTILIZATION PRACTICES,20.7,BU / ACRE,
31151,NE,SALINE,2011,SOYBEANS,ALL CLASSES,NON-IRRIGATED,non_irrigated,ALL UTILIZATION PRACTICES,46.7,BU / ACRE,
31151,NE,SALINE,2010,SOYBEANS,ALL CLASSES,NON-IRRIGATED,non_irrigated,ALL UTILIZATION PRACTICES,35.0,BU / ACRE,
31151,NE,SALINE,2009,SOYBEANS,ALL CLASSES,NON-IRRIGATED,non_irrigated,ALL UTILIZATION PRACTICES,42.0,BU / ACRE,
31151,NE,SALINE,2008,SOYBEANS,ALL CLASSES,NON-IRRIGATED,non_irrigated,ALL UTILIZATION PRACTICES,41.0,BU / ACRE,
31169,NE,THAYER,2018,SOYBEANS,ALL CLASSES,NON-IRRIGATED,non_irrigated,ALL UTILIZATION PRACTICES,44.7,BU / ACRE,
31169,NE,THAYER,2016,SOYBEANS,ALL CLASSES,NON-IRRIGATED,non_irrigated,ALL UTILIZATION PRACTICES,54.3,BU / ACRE,
31169,NE,THAYER,2015,SOYBEANS,ALL CLASSES,NON-IRRIGATED,non_irrigated,ALL UTILIZATION PRACTICES,39.5,BU / ACRE,
31169,NE,THAYER,2014,SOYBEANS,ALL CLASSES,NON-IRRIGATED,non_irrigated,ALL UTILIZATION PRACTICES,47.9,BU / ACRE,
31169,NE,THAYER,2013,SOYBEANS,ALL CLASSES,NON-IRRIGATED,non_irrigated,ALL UTILIZATION PRACTICES,40.3,BU / ACRE,
31169,NE,THAYER,2012,SOYBEANS,ALL CLASSES,NON-IRRIGATED,non_irrigated,ALL UTILIZATION PRACTICES,32.5,BU / ACRE,
31169,NE,THAYER,2011,SOYBEANS,ALL CLASSES,NON-IRRIGATED,non_irrigated,ALL UTILIZATION PRACTICES,51.9,BU / ACRE,
31169,NE,THAYER,2010,SOYBEANS,ALL CLASSES,NON-IRRIGATED,non_irrigated,ALL UTILIZATION PRACTICES,40.0,BU / ACRE,
31169,NE,THAYER,2009,SOYBEANS,ALL CLASSES,NON-IRRIGATED,non_irrigated,ALL UTILIZATION PRACTICES,43.0,BU / ACRE,
31169,NE,THAYER,2008,SOYBEANS,ALL CLASSES,NON-IRRIGATED,non_irrigated,ALL UTILIZATION PRACTICES,49.0,BU / ACRE,
48045,TX,BRISCOE,2016,CORN,ALL CLASSES,IRRIGATED,irrigated,GRAIN,133.3,BU / ACRE,
48065,TX,CARSON,2016,CORN,ALL CLASSES,IRRIGATED,irrigated,GRAIN,175.9,BU / ACRE,
48069,TX,CASTRO,2015,CORN,ALL CLASSES,IRRIGATED,irrigated,GRAIN,208.6,BU / ACRE,
48069,TX,CASTRO,2010,CORN,ALL CLASSES,IRRIGATED,irrigated,GRAIN,226.4,BU / ACRE,
48111,TX,DALLAM,2018,CORN,ALL CLASSES,IRRIGATED,irrigated,GRAIN,178.8,BU / ACRE,
48111,TX,DALLAM,2017,CORN,ALL CLASSES,IRRIGATED,irrigated,GRAIN,211.3,BU / ACRE,
48111,TX,DALLAM,2016,CORN,ALL CLASSES,IRRIGATED,irrigated,GRAIN,201.0,BU / ACRE,
48117,TX,DEAF SMITH,2016,CORN,ALL CLASSES,IRRIGATED,irrigated,GRAIN,170.5,BU / ACRE,
48117,TX,DEAF SMITH,2015,CORN,ALL CLASSES,IRRIGATED,irrigated,GRAIN,168.6,BU / ACRE,
48117,TX,DEAF SMITH,2010,CORN,ALL CLASSES,IRRIGATED,irrigated,GRAIN,212.6,BU / ACRE,
48153,TX,FLOYD,2016,CORN,ALL CLASSES,IRRIGATED,irrigated,GRAIN,164.8,BU / ACRE,
48179,TX,GRAY,2010,CORN,ALL CLASSES,IRRIGATED,irrigated,GRAIN,195.8,BU / ACRE,
48189,TX,HALE,2015,CORN,ALL CLASSES,IRRIGATED,irrigated,GRAIN,154.2,BU / ACRE,
48189,TX,HALE,2011,CORN,ALL CLASSES,IRRIGATED,irrigated,GRAIN,129.9,BU / ACRE,
48233,TX,HUTCHINSON,2011,CORN,ALL CLASSES,IRRIGATED,irrigated,GRAIN,158.6,BU / ACRE,
48341,TX,MOORE,2016,CORN,ALL CLASSES,IRRIGATED,irrigated,GRAIN,211.6,BU / ACRE,
48341,TX,MOORE,2011,CORN,ALL CLASSES,IRRIGATED,irrigated,GRAIN,154.0,BU / ACRE,
48357,TX,OCHILTREE,2010,CORN,ALL CLASSES,IRRIGATED,irrigated,GRAIN,208.4,BU / ACRE,
48359,TX,OLDHAM,2015,CORN,ALL CLASSES,IRRIGATED,irrigated,GRAIN,187.1,BU / ACRE,
48369,TX,PARMER,2015,CORN,ALL CLASSES,IRRIGATED,irrigated,GRAIN,161.3,BU / ACRE,
48369,TX,PARMER,2010,CORN,ALL CLASSES,IRRIGATED,irrigated,GRAIN,210.5,BU / ACRE,
48219,TX,HOCKLEY,2016,CORN,ALL CLASSES,IRRIGATED,irrigated,GRAIN,116.1,BU / ACRE,
48279,TX,LAMB,2017,CORN,ALL CLASSES,IRRIGATED,irrigated,GRAIN,172.6,BU / ACRE,
48279,TX,LAMB,2016,CORN,ALL CLASSES,IRRIGATED,irrigated,GRAIN,130.2,BU / ACRE,
48027,TX,BELL,2011,CORN,ALL CLASSES,IRRIGATED,irrigated,GRAIN,102.2,BU / ACRE,
48147,TX,FANNIN,2014,CORN,ALL CLASSES,IRRIGATED,irrigated,GRAIN,168.6,BU / ACRE,
48277,TX,LAMAR,2017,CORN,ALL CLASSES,IRRIGATED,irrigated,GRAIN,171.0,BU / ACRE,
48277,TX,LAMAR,2014,CORN,ALL CLASSES,IRRIGATED,irrigated,GRAIN,172.9,BU / ACRE,
48277,TX,LAMAR,2013,CORN,ALL CLASSES,IRRIGATED,irrigated,GRAIN,148.2,BU / ACRE,
48277,TX,LAMAR,2012,CORN,ALL CLASSES,IRRIGATED,irrigated,GRAIN,126.9,BU / ACRE,
48277,TX,LAMAR,2011,CORN,ALL CLASSES,IRRIGATED,irrigated,GRAIN,93.9,BU / ACRE,
48277,TX,LAMAR,2010,CORN,ALL CLASSES,IRRIGATED,irrigated,GRAIN,151.3,BU / ACRE,
48277,TX,LAMAR,2009,CORN,ALL CLASSES,IRRIGATED,irrigated,GRAIN,125.5,BU / ACRE,
48331,TX,MILAM,2017,CORN,ALL CLASSES,IRRIGATED,irrigated,GRAIN,143.2,BU / ACRE,
48331,TX,MILAM,2014,CORN,ALL CLASSES,IRRIGATED,irrigated,GRAIN,178.8,BU / ACRE,
48395,TX,ROBERTSON,2018,CORN,ALL CLASSES,IRRIGATED,irrigated,GRAIN,126.8,BU / ACRE,
48395,TX,ROBERTSON,2009,CORN,ALL CLASSES,IRRIGATED,irrigated,GRAIN,84.1,BU / ACRE,
48383,TX,REAGAN,2010,CORN,ALL CLASSES,IRRIGATED,irrigated,GRAIN,76.7,BU / ACRE,
48451,TX,TOM GREEN,2010,CORN,ALL CLASSES,IRRIGATED,irrigated,GRAIN,133.6,BU / ACRE,
48463,TX,UVALDE,2018,CORN,ALL CLASSES,IRRIGATED,irrigated,GRAIN,143.8,BU / ACRE,
48463,TX,UVALDE,2017,CORN,ALL CLASSES,IRRIGATED,irrigated,GRAIN,171.5,BU / ACRE,
48463,TX,UVALDE,2015,CORN,ALL CLASSES,IRRIGATED,irrigated,GRAIN,135.3,BU / ACRE,
48463,TX,UVALDE,2013,CORN,ALL CLASSES,IRRIGATED,irrigated,GRAIN,149.8,BU / ACRE,
48463,TX,UVALDE,2012,CORN,ALL CLASSES,IRRIGATED,irrigated,GRAIN,151.8,BU / ACRE,
48463,TX,UVALDE,2010,CORN,ALL CLASSES,IRRIGATED,irrigated,GRAIN,143.3,BU / ACRE,
48025,TX,BEE,2016,CORN,ALL CLASSES,IRRIGATED,irrigated,GRAIN,107.7,BU / ACRE,
48025,TX,BEE,2014,CORN,ALL CLASSES,IRRIGATED,irrigated,GRAIN,104.4,BU / ACRE,
48025,TX,BEE,2012,CORN,ALL CLASSES,IRRIGATED,irrigated,GRAIN,75.6,BU / ACRE,
48025,TX,BEE,2010,CORN,ALL CLASSES,IRRIGATED,irrigated,GRAIN,105.2,BU / ACRE,
48029,TX,BEXAR,2018,CORN,ALL CLASSES,IRRIGATED,irrigated,GRAIN,121.6,BU / ACRE,
48029,TX,BEXAR,2017,CORN,ALL CLASSES,IRRIGATED,irrigated,GRAIN,145.3,BU / ACRE,
48029,TX,BEXAR,2014,CORN,ALL CLASSES,IRRIGATED,irrigated,GRAIN,130.6,BU / ACRE,
48029,TX,BEXAR,2012,CORN,ALL CLASSES,IRRIGATED,irrigated,GRAIN,113.8,BU / ACRE,
48029,TX,BEXAR,2011,CORN,ALL CLASSES,IRRIGATED,irrigated,GRAIN,107.0,BU / ACRE,
48029,TX,BEXAR,2010,CORN,ALL CLASSES,IRRIGATED,irrigated,GRAIN,121.6,BU / ACRE,
48029,TX,BEXAR,2009,CORN,ALL CLASSES,IRRIGATED,irrigated,GRAIN,84.1,BU / ACRE,
48051,TX,BURLESON,2018,CORN,ALL CLASSES,IRRIGATED,irrigated,GRAIN,120.8,BU / ACRE,
48051,TX,BURLESON,2015,CORN,ALL CLASSES,IRRIGATED,irrigated,GRAIN,138.7,BU / ACRE,
48051,TX,BURLESON,2013,CORN,ALL CLASSES,IRRIGATED,irrigated,GRAIN,144.7,BU / ACRE,
48051,TX,BURLESON,2010,CORN,ALL CLASSES,IRRIGATED,irrigated,GRAIN,131.3,BU / ACRE,
48051,TX,BURLESON,2009,CORN,ALL CLASSES,IRRIGATED,irrigated,GRAIN,99.3,BU / ACRE,
48089,TX,COLORADO,2017,CORN,ALL CLASSES,IRRIGATED,irrigated,GRAIN,148.0,BU / ACRE,
48325,TX,MEDINA,2018,CORN,ALL CLASSES,IRRIGATED,irrigated,GRAIN,122.0,BU / ACRE,
48325,TX,MEDINA,2017,CORN,ALL CLASSES,IRRIGATED,irrigated,GRAIN,151.5,BU / ACRE,
48325,TX,MEDINA,2016,CORN,ALL CLASSES,IRRIGATED,irrigated,GRAIN,129.6,BU / ACRE,
48325,TX,MEDINA,2015,CORN,ALL CLASSES,IRRIGATED,irrigated,GRAIN,141.4,BU / ACRE,
48325,TX,MEDINA,2014,CORN,ALL CLASSES,IRRIGATED,irrigated,GRAIN,157.2,BU / ACRE,
48325,TX,MEDINA,2012,CORN,ALL CLASSES,IRRIGATED,irrigated,GRAIN,154.4,BU / ACRE,
48325,TX,MEDINA,2011,CORN,ALL CLASSES,IRRIGATED,irrigated,GRAIN,129.7,BU / ACRE,
48325,TX,MEDINA,2010,CORN,ALL CLASSES,IRRIGATED,irrigated,GRAIN,150.2,BU / ACRE,
48325,TX,MEDINA,2009,CORN,ALL CLASSES,IRRIGATED,irrigated,GRAIN,116.6,BU / ACRE,
48493,TX,WILSON,2013,CORN,ALL CLASSES,IRRIGATED,irrigated,GRAIN,116.1,BU / ACRE,
48157,TX,FORT BEND,2016,CORN,ALL CLASSES,IRRIGATED,irrigated,GRAIN,118.0,BU / ACRE,
48239,TX,JACKSON,2014,CORN,ALL CLASSES,IRRIGATED,irrigated,GRAIN,140.4,BU / ACRE,
48481,TX,WHARTON,2018,CORN,ALL CLASSES,IRRIGATED,irrigated,GRAIN,102.9,BU / ACRE,
48481,TX,WHARTON,2017,CORN,ALL CLASSES,IRRIGATED,irrigated,GRAIN,121.9,BU / ACRE,
48481,TX,WHARTON,2013,CORN,ALL CLASSES,IRRIGATED,irrigated,GRAIN,124.7,BU / ACRE,
48481,TX,WHARTON,2012,CORN,ALL CLASSES,IRRIGATED,irrigated,GRAIN,125.4,BU / ACRE,
48481,TX,WHARTON,2011,CORN,ALL CLASSES,IRRIGATED,irrigated,GRAIN,100.5,BU / ACRE,
48061,TX,CAMERON,2015,CORN,ALL CLASSES,IRRIGATED,irrigated,GRAIN,100.5,BU / ACRE,
48215,TX,HIDALGO,2018,CORN,ALL CLASSES,IRRIGATED,irrigated,GRAIN,104.7,BU / ACRE,
48215,TX,HIDALGO,2017,CORN,ALL CLASSES,IRRIGATED,irrigated,GRAIN,112.8,BU / ACRE,
48215,TX,HIDALGO,2010,CORN,ALL CLASSES,IRRIGATED,irrigated,GRAIN,102.9,BU / ACRE,
48489,TX,WILLACY,2017,CORN,ALL CLASSES,IRRIGATED,irrigated,GRAIN,106.4,BU / ACRE,
48045,TX,BRISCOE,2016,CORN,ALL CLASSES,NON-IRRIGATED,non_irrigated,GRAIN,28.1,BU / ACRE,
48065,TX,CARSON,2016,CORN,ALL CLASSES,NON-IRRIGATED,non_irrigated,GRAIN,45.6,BU / ACRE,
48069,TX,CASTRO,2015,CORN,ALL CLASSES,NON-IRRIGATED,non_irrigated,GRAIN,53.2,BU / ACRE,
48069,TX,CASTRO,2010,CORN,ALL CLASSES,NON-IRRIGATED,non_irrigated,GRAIN,64.0,BU / ACRE,
48111,TX,DALLAM,2018,CORN,ALL CLASSES,NON-IRRIGATED,non_irrigated,GRAIN,82.4,BU / ACRE,
48111,TX,DALLAM,2017,CORN,ALL CLASSES,NON-IRRIGATED,non_irrigated,GRAIN,80.0,BU / ACRE,
48111,TX,DALLAM,2016,CORN,ALL CLASSES,NON-IRRIGATED,non_irrigated,GRAIN,57.9,BU / ACRE,
48117,TX,DEAF SMITH,2016,CORN,ALL CLASSES,NON-IRRIGATED,non_irrigated,GRAIN,55.3,BU / ACRE,
48117,TX,DEAF SMITH,2015,CORN,ALL CLASSES,NON-IRRIGATED,non_irrigated,GRAIN,96.9,BU / ACRE,
48117,TX,DEAF SMITH,2010,CORN,ALL CLASSES,NON-IRRIGATED,non_irrigated,GRAIN,54.6,BU / ACRE,
48153,TX,FLOYD,2016,CORN,ALL CLASSES,NON-IRRIGATED,non_irrigated,GRAIN,32.4,BU / ACRE,
48189,TX,HALE,2015,CORN,ALL CLASSES,NON-IRRIGATED,non_irrigated,GRAIN,38.8,BU / ACRE,
48341,TX,MOORE,2016,CORN,ALL CLASSES,NON-IRRIGATED,non_irrigated,GRAIN,68.2,BU / ACRE,
48357,TX,OCHILTREE,2010,CORN,ALL CLASSES,NON-IRRIGATED,non_irrigated,GRAIN,55.2,BU / ACRE,
48369,TX,PARMER,2015,CORN,ALL CLASSES,NON-IRRIGATED,non_irrigated,GRAIN,37.3,BU / ACRE,
48369,TX,PARMER,2010,CORN,ALL CLASSES,NON-IRRIGATED,non_irrigated,GRAIN,65.8,BU / ACRE,
48219,TX,HOCKLEY,2016,CORN,ALL CLASSES,NON-IRRIGATED,non_irrigated,GRAIN,43.1,BU / ACRE,
48279,TX,LAMB,2017,CORN,ALL CLASSES,NON-IRRIGATED,non_irrigated,GRAIN,82.4,BU / ACRE,
48279,TX,LAMB,2016,CORN,ALL CLASSES,NON-IRRIGATED,non_irrigated,GRAIN,52.2,BU / ACRE,
48027,TX,BELL,2011,CORN,ALL CLASSES,NON-IRRIGATED,non_irrigated,GRAIN,32.2,BU / ACRE,
48085,TX,COLLIN,2017,CORN,ALL CLASSES,NON-IRRIGATED,non_irrigated,GRAIN,110.6,BU / ACRE,
48085,TX,COLLIN,2016,CORN,ALL CLASSES,NON-IRRIGATED,non_irrigated,GRAIN,75.0,BU / ACRE,
48085,TX,COLLIN,2015,CORN,ALL CLASSES,NON-IRRIGATED,non_irrigated,GRAIN,38.8,BU / ACRE,
48085,TX,COLLIN,2014,CORN,ALL CLASSES,NON-IRRIGATED,non_irrigated,GRAIN,120.8,BU / ACRE,
48085,TX,COLLIN,2012,CORN,ALL CLASSES,NON-IRRIGATED,non_irrigated,GRAIN,87.3,BU / ACRE,
48085,TX,COLLIN,2011,CORN,ALL CLASSES,NON-IRRIGATED,non_irrigated,GRAIN,59.4,BU / ACRE,
48097,TX,COOKE,2015,CORN,ALL CLASSES,NON-IRRIGATED,non_irrigated,GRAIN,64.4,BU / ACRE,
48097,TX,COOKE,2014,CORN,ALL CLASSES,NON-IRRIGATED,non_irrigated,GRAIN,75.0,BU / ACRE,
48097,TX,COOKE,2012,CORN,ALL CLASSES,NON-IRRIGATED,non_irrigated,GRAIN,98.3,BU / ACRE,
48099,TX,CORYELL,2009,CORN,ALL CLASSES,NON-IRRIGATED,non_irrigated,GRAIN,35.2,BU / ACRE,
48113,TX,DALLAS,2009,CORN,ALL CLASSES,NON-IRRIGATED,non_irrigated,GRAIN,95.4,BU / ACRE,
48121,TX,DENTON,2018,CORN,ALL CLASSES,NON-IRRIGATED,non_irrigated,GRAIN,42.7,BU / ACRE,
48121,TX,DENTON,2013,CORN,ALL CLASSES,NON-IRRIGATED,non_irrigated,GRAIN,52.2,BU / ACRE,
48121,TX,DENTON,2012,CORN,ALL CLASSES,NON-IRRIGATED,non_irrigated,GRAIN,36.4,BU / ACRE,
48139,TX,ELLIS,2015,CORN,ALL CLASSES,NON-IRRIGATED,non_irrigated,GRAIN,54.9,BU / ACRE,
48139,TX,ELLIS,2014,CORN,ALL CLASSES,NON-IRRIGATED,non_irrigated,GRAIN,107.7,BU / ACRE,
48139,TX,ELLIS,2013,CORN,ALL CLASSES,NON-IRRIGATED,non_irrigated,GRAIN,86.2,BU / ACRE,
48139,TX,ELLIS,2012,CORN,ALL CLASSES,NON-IRRIGATED,non_irrigated,GRAIN,97.9,BU / ACRE,
48139,TX,ELLIS,2011,CORN,ALL CLASSES,NON-IRRIGATED,non_irrigated,GRAIN,49.2,BU / ACRE,
48147,TX,FANNIN,2014,CORN,ALL CLASSES,NON-IRRIGATED,non_irrigated,GRAIN,108.3,BU / ACRE,
48181,TX,GRAYSON,2018,CORN,ALL CLASSES,NON-IRRIGATED,non_irrigated,GRAIN,65.0,BU / ACRE,
48181,TX,GRAYSON,2017,CORN,ALL CLASSES,NON-IRRIGATED,non_irrigated,GRAIN,93.2,BU / ACRE,
48181,TX,GRAYSON,2016,CORN,ALL CLASSES,NON-IRRIGATED,non_irrigated,GRAIN,62.1,BU / ACRE,
48181,TX,GRAYSON,2015,CORN,ALL CLASSES,NON-IRRIGATED,non_irrigated,GRAIN,51.5,BU / ACRE,
48181,TX,GRAYSON,2014,CORN,ALL CLASSES,NON-IRRIGATED,non_irrigated,GRAIN,98.7,BU / ACRE,
48181,TX,GRAYSON,2013,CORN,ALL CLASSES,NON-IRRIGATED,non_irrigated,GRAIN,92.1,BU / ACRE,
48181,TX,GRAYSON,2012,CORN,ALL CLASSES,NON-IRRIGATED,non_irrigated,GRAIN,89.4,BU / ACRE,
48181,TX,GRAYSON,2011,CORN,ALL CLASSES,NON-IRRIGATED,non_irrigated,GRAIN,52.1,BU / ACRE,
48181,TX,GRAYSON,2010,CORN,ALL CLASSES,NON-IRRIGATED,non_irrigated,GRAIN,52.1,BU / ACRE,
48181,TX,GRAYSON,2009,CORN,ALL CLASSES,NON-IRRIGATED,non_irrigated,GRAIN,63.2,BU / ACRE,
48217,TX,HILL,2015,CORN,ALL CLASSES,NON-IRRIGATED,non_irrigated,GRAIN,64.5,BU / ACRE,
48217,TX,HILL,2010,CORN,ALL CLASSES,NON-IRRIGATED,non_irrigated,GRAIN,76.6,BU / ACRE,
48217,TX,HILL,2009,CORN,ALL CLASSES,NON-IRRIGATED,non_irrigated,GRAIN,50.2,BU / ACRE,
48231,TX,HUNT,2013,CORN,ALL CLASSES,NON-IRRIGATED,non_irrigated,GRAIN,102.3,BU / ACRE,
48231,TX,HUNT,2012,CORN,ALL CLASSES,NON-IRRIGATED,non_irrigated,GRAIN,80.0,BU / ACRE,
48231,TX,HUNT,2010,CORN,ALL CLASSES,NON-IRRIGATED,non_irrigated,GRAIN,65.0,BU / ACRE,
48231,TX,HUNT,2009,CORN,ALL CLASSES,NON-IRRIGATED,non_irrigated,GRAIN,48.7,BU / ACRE,
48251,TX,JOHNSON,2016,CORN,ALL CLASSES,NON-IRRIGATED,non_irrigated,GRAIN,71.9,BU / ACRE,
48251,TX,JOHNSON,2015,CORN,ALL CLASSES,NON-IRRIGATED,non_irrigated,GRAIN,48.7,BU / ACRE,
48251,TX,JOHNSON,2014,CORN,ALL CLASSES,NON-IRRIGATED,non_irrigated,GRAIN,68.9,BU / ACRE,
48251,TX,JOHNSON,2013,CORN,ALL CLASSES,NON-IRRIGATED,non_irrigated,GRAIN,85.1,BU / ACRE,
48251,TX,JOHNSON,2012,CORN,ALL CLASSES,NON-IRRIGATED,non_irrigated,GRAIN,97.8,BU / ACRE,
48251,TX,JOHNSON,2010,CORN,ALL CLASSES,NON-IRRIGATED,non_irrigated,GRAIN,58.1,BU / ACRE,
48251,TX,JOHNSON,2009,CORN,ALL CLASSES,NON-IRRIGATED,non_irrigated,GRAIN,60.5,BU / ACRE,
48277,TX,LAMAR,2017,CORN,ALL CLASSES,NON-IRRIGATED,non_irrigated,GRAIN,122.2,BU / ACRE,
48277,TX,LAMAR,2014,CORN,ALL CLASSES,NON-IRRIGATED,non_irrigated,GRAIN,102.9,BU / ACRE,
48277,TX,LAMAR,2013,CORN,ALL CLASSES,NON-IRRIGATED,non_irrigated,GRAIN,129.9,BU / ACRE,
48277,TX,LAMAR,2012,CORN,ALL CLASSES,NON-IRRIGATED,non_irrigated,GRAIN,113.2,BU / ACRE,
48277,TX,LAMAR,2011,CORN,ALL CLASSES,NON-IRRIGATED,non_irrigated,GRAIN,76.8,BU / ACRE,
48277,TX,LAMAR,2010,CORN,ALL CLASSES,NON-IRRIGATED,non_irrigated,GRAIN,61.3,BU / ACRE,
48277,TX,LAMAR,2009,CORN,ALL CLASSES,NON-IRRIGATED,non_irrigated,GRAIN,38.2,BU / ACRE,
48293,TX,LIMESTONE,2015,CORN,ALL CLASSES,NON-IRRIGATED,non_irrigated,GRAIN,34.3,BU / ACRE,
48293,TX,LIMESTONE,2014,CORN,ALL CLASSES,NON-IRRIGATED,non_irrigated,GRAIN,81.0,BU / ACRE,
48293,TX,LIMESTONE,2012,CORN,ALL CLASSES,NON-IRRIGATED,non_irrigated,GRAIN,112.4,BU / ACRE,
48331,TX,MILAM,2017,CORN,ALL CLASSES,NON-IRRIGATED,non_irrigated,GRAIN,94.3,BU / ACRE,
48331,TX,MILAM,2014,CORN,ALL CLASSES,NON-IRRIGATED,non_irrigated,GRAIN,116.1,BU / ACRE,
48349,TX,NAVARRO,2018,CORN,ALL CLASSES,NON-IRRIGATED,non_irrigated,GRAIN,65.8,BU / ACRE,
48349,TX,NAVARRO,2017,CORN,ALL CLASSES,NON-IRRIGATED,non_irrigated,GRAIN,105.3,BU / ACRE,
48349,TX,NAVARRO,2016,CORN,ALL CLASSES,NON-IRRIGATED,non_irrigated,GRAIN,74.1,BU / ACRE,
48349,TX,NAVARRO,2015,CORN,ALL CLASSES,NON-IRRIGATED,non_irrigated,GRAIN,58.2,BU / ACRE,
48349,TX,NAVARRO,2014,CORN,ALL CLASSES,NON-IRRIGATED,non_irrigated,GRAIN,119.8,BU / ACRE,
48349,TX,NAVARRO,2013,CORN,ALL CLASSES,NON-IRRIGATED,non_irrigated,GRAIN,92.3,BU / ACRE,
48349,TX,NAVARRO,2012,CORN,ALL CLASSES,NON-IRRIGATED,non_irrigated,GRAIN,137.6,BU / ACRE,
48349,TX,NAVARRO,2011,CORN,ALL CLASSES,NON-IRRIGATED,non_irrigated,GRAIN,49.3,BU / ACRE,
48349,TX,NAVARRO,2010,CORN,ALL CLASSES,NON-IRRIGATED,non_irrigated,GRAIN,90.9,BU / ACRE,
48349,TX,NAVARRO,2009,CORN,ALL CLASSES,NON-IRRIGATED,non_irrigated,GRAIN,49.9,BU / ACRE,
48491,TX,WILLIAMSON,2015,CORN,ALL CLASSES,NON-IRRIGATED,non_irrigated,GRAIN,69.5,BU / ACRE,
48491,TX,WILLIAMSON,2012,CORN,ALL CLASSES,NON-IRRIGATED,non_irrigated,GRAIN,84.4,BU / ACRE,
48491,TX,WILLIAMSON,2009,CORN,ALL CLASSES,NON-IRRIGATED,non_irrigated,GRAIN,47.6,BU / ACRE,
48395,TX,ROBERTSON,2018,CORN,ALL CLASSES,NON-IRRIGATED,non_irrigated,GRAIN,85.8,BU / ACRE,
48395,TX,ROBERTSON,2009,CORN,ALL CLASSES,NON-IRRIGATED,non_irrigated,GRAIN,63.5,BU / ACRE,
48171,TX,GILLESPIE,2018,CORN,ALL CLASSES,NON-IRRIGATED,non_irrigated,GRAIN,60.6,BU / ACRE,
48171,TX,GILLESPIE,2013,CORN,ALL CLASSES,NON-IRRIGATED,non_irrigated,GRAIN,44.2,BU / ACRE,
48171,TX,GILLESPIE,2012,CORN,ALL CLASSES,NON-IRRIGATED,non_irrigated,GRAIN,92.1,BU / ACRE,
48307,TX,MCCULLOCH,2010,CORN,ALL CLASSES,NON-IRRIGATED,non_irrigated,GRAIN,56.0,BU / ACRE,
48463,TX,UVALDE,2018,CORN,ALL CLASSES,NON-IRRIGATED,non_irrigated,GRAIN,61.1,BU / ACRE,
48463,TX,UVALDE,2017,CORN,ALL CLASSES,NON-IRRIGATED,non_irrigated,GRAIN,94.7,BU / ACRE,
48463,TX,UVALDE,2015,CORN,ALL CLASSES,NON-IRRIGATED,non_irrigated,GRAIN,94.2,BU / ACRE,
48463,TX,UVALDE,2013,CORN,ALL CLASSES,NON-IRRIGATED,non_irrigated,GRAIN,55.0,BU / ACRE,
48463,TX,UVALDE,2012,CORN,ALL CLASSES,NON-IRRIGATED,non_irrigated,GRAIN,40.9,BU / ACRE,
48463,TX,UVALDE,2010,CORN,ALL CLASSES,NON-IRRIGATED,non_irrigated,GRAIN,80.8,BU / ACRE,
48015,TX,AUSTIN,2010,CORN,ALL CLASSES,NON-IRRIGATED,non_irrigated,GRAIN,86.7,BU / ACRE,
48021,TX,BASTROP,2014,CORN,ALL CLASSES,NON-IRRIGATED,non_irrigated,GRAIN,86.6,BU / ACRE,
48025,TX,BEE,2016,CORN,ALL CLASSES,NON-IRRIGATED,non_irrigated,GRAIN,85.8,BU / ACRE,
48025,TX,BEE,2014,CORN,ALL CLASSES,NON-IRRIGATED,non_irrigated,GRAIN,44.7,BU / ACRE,
48025,TX,BEE,2012,CORN,ALL CLASSES,NON-IRRIGATED,non_irrigated,GRAIN,38.6,BU / ACRE,
48025,TX,BEE,2010,CORN,ALL CLASSES,NON-IRRIGATED,non_irrigated,GRAIN,91.3,BU / ACRE,
48029,TX,BEXAR,2018,CORN,ALL CLASSES,NON-IRRIGATED,non_irrigated,GRAIN,55.0,BU / ACRE,
48029,TX,BEXAR,2017,CORN,ALL CLASSES,NON-IRRIGATED,non_irrigated,GRAIN,77.1,BU / ACRE,
48029,TX,BEXAR,2014,CORN,ALL CLASSES,NON-IRRIGATED,non_irrigated,GRAIN,45.3,BU / ACRE,
48029,TX,BEXAR,2012,CORN,ALL CLASSES,NON-IRRIGATED,non_irrigated,GRAIN,68.1,BU / ACRE,
48029,TX,BEXAR,2011,CORN,ALL CLASSES,NON-IRRIGATED,non_irrigated,GRAIN,15.6,BU / ACRE,
48029,TX,BEXAR,2010,CORN,ALL CLASSES,NON-IRRIGATED,non_irrigated,GRAIN,70.6,BU / ACRE,
48029,TX,BEXAR,2009,CORN,ALL CLASSES,NON-IRRIGATED,non_irrigated,GRAIN,18.8,BU / ACRE,
48051,TX,BURLESON,2018,CORN,ALL CLASSES,NON-IRRIGATED,non_irrigated,GRAIN,65.9,BU / ACRE,
48051,TX,BURLESON,2015,CORN,ALL CLASSES,NON-IRRIGATED,non_irrigated,GRAIN,77.0,BU / ACRE,
48051,TX,BURLESON,2013,CORN,ALL CLASSES,NON-IRRIGATED,non_irrigated,GRAIN,62.8,BU / ACRE,
48051,TX,BURLESON,2010,CORN,ALL CLASSES,NON-IRRIGATED,non_irrigated,GRAIN,101.1,BU / ACRE,
48051,TX,BURLESON,2009,CORN,ALL CLASSES,NON-IRRIGATED,non_irrigated,GRAIN,42.4,BU / ACRE,
48055,TX,CALDWELL,2018,CORN,ALL CLASSES,NON-IRRIGATED,non_irrigated,GRAIN,64.4,BU / ACRE,
48055,TX,CALDWELL,2017,CORN,ALL CLASSES,NON-IRRIGATED,non_irrigated,GRAIN,98.7,BU / ACRE,
48055,TX,CALDWELL,2016,CORN,ALL CLASSES,NON-IRRIGATED,non_irrigated,GRAIN,99.0,BU / ACRE,
48055,TX,CALDWELL,2015,CORN,ALL CLASSES,NON-IRRIGATED,non_irrigated,GRAIN,111.9,BU / ACRE,
48055,TX,CALDWELL,2014,CORN,ALL CLASSES,NON-IRRIGATED,non_irrigated,GRAIN,91.1,BU / ACRE,
48055,TX,CALDWELL,2013,CORN,ALL CLASSES,NON-IRRIGATED,non_irrigated,GRAIN,74.2,BU / ACRE,
48055,TX,CALDWELL,2012,CORN,ALL CLASSES,NON-IRRIGATED,non_irrigated,GRAIN,96.9,BU / ACRE,
48055,TX,CALDWELL,2011,CORN,ALL CLASSES,NON-IRRIGATED,non_irrigated,GRAIN,15.9,BU / ACRE,
48055,TX,CALDWELL,2010,CORN,ALL CLASSES,NON-IRRIGATED,non_irrigated,GRAIN,104.4,BU / ACRE,
48089,TX,COLORADO,2017,CORN,ALL CLASSES,NON-IRRIGATED,non_irrigated,GRAIN,104.2,BU / ACRE,
48089,TX,COLORADO,2012,CORN,ALL CLASSES,NON-IRRIGATED,non_irrigated,GRAIN,81.2,BU / ACRE,
48123,TX,DE WITT,2018,CORN,ALL CLASSES,NON-IRRIGATED,non_irrigated,GRAIN,60.5,BU / ACRE,
48123,TX,DE WITT,2015,CORN,ALL CLASSES,NON-IRRIGATED,non_irrigated,GRAIN,56.0,BU / ACRE,
48123,TX,DE WITT,2013,CORN,ALL CLASSES,NON-IRRIGATED,non_irrigated,GRAIN,68.0,BU / ACRE,
48123,TX,DE WITT,2012,CORN,ALL CLASSES,NON-IRRIGATED,non_irrigated,GRAIN,80.8,BU / ACRE,
48123,TX,DE WITT,2011,CORN,ALL CLASSES,NON-IRRIGATED,non_irrigated,GRAIN,29.6,BU / ACRE,
48123,TX,DE WITT,2010,CORN,ALL CLASSES,NON-IRRIGATED,non_irrigated,GRAIN,101.7,BU / ACRE,
48149,TX,FAYETTE,2014,CORN,ALL CLASSES,NON-IRRIGATED,non_irrigated,GRAIN,110.0,BU / ACRE,
48149,TX,FAYETTE,2013,CORN,ALL CLASSES,NON-IRRIGATED,non_irrigated,GRAIN,53.6,BU / ACRE,
48149,TX,FAYETTE,2010,CORN,ALL CLASSES,NON-IRRIGATED,non_irrigated,GRAIN,106.3,BU / ACRE,
48187,TX,GUADALUPE,2016,CORN,ALL CLASSES,NON-IRRIGATED,non_irrigated,GRAIN,91.1,BU / ACRE,
48209,TX,HAYS,2018,CORN,ALL CLASSES,NON-IRRIGATED,non_irrigated,GRAIN,70.0,BU / ACRE,
48209,TX,HAYS,2016,CORN,ALL CLASSES,NON-IRRIGATED,non_irrigated,GRAIN,82.4,BU / ACRE,
48209,TX,HAYS,2014,CORN,ALL CLASSES,NON-IRRIGATED,non_irrigated,GRAIN,81.9,BU / ACRE,
48209,TX,HAYS,2011,CORN,ALL CLASSES,NON-IRRIGATED,non_irrigated,GRAIN,12.6,BU / ACRE,
48255,TX,KARNES,2012,CORN,ALL CLASSES,NON-IRRIGATED,non_irrigated,GRAIN,49.1,BU / ACRE,
48255,TX,KARNES,2010,CORN,ALL CLASSES,NON-IRRIGATED,non_irrigated,GRAIN,83.5,BU / ACRE,
48285,TX,LAVACA,2017,CORN,ALL CLASSES,NON-IRRIGATED,non_irrigated,GRAIN,92.4,BU / ACRE,
48285,TX,LAVACA,2014,CORN,ALL CLASSES,NON-IRRIGATED,non_irrigated,GRAIN,78.9,BU / ACRE,
48285,TX,LAVACA,2013,CORN,ALL CLASSES,NON-IRRIGATED,non_irrigated,GRAIN,65.6,BU / ACRE,
48285,TX,LAVACA,2012,CORN,ALL CLASSES,NON-IRRIGATED,non_irrigated,GRAIN,74.8,BU / ACRE,
48285,TX,LAVACA,2010,CORN,ALL CLASSES,NON-IRRIGATED,non_irrigated,GRAIN,83.3,BU / ACRE,
48287,TX,LEE,2014,CORN,ALL CLASSES,NON-IRRIGATED,non_irrigated,GRAIN,94.2,BU / ACRE,
48287,TX,LEE,2013,CORN,ALL CLASSES,NON-IRRIGATED,non_irrigated,GRAIN,58.9,BU / ACRE,
48325,TX,MEDINA,2018,CORN,ALL CLASSES,NON-IRRIGATED,non_irrigated,GRAIN,80.0,BU / ACRE,
48325,TX,MEDINA,2017,CORN,ALL CLASSES,NON-IRRIGATED,non_irrigated,GRAIN,103.1,BU / ACRE,
48325,TX,MEDINA,2016,CORN,ALL CLASSES,NON-IRRIGATED,non_irrigated,GRAIN,103.1,BU / ACRE,
48325,TX,MEDINA,2015,CORN,ALL CLASSES,NON-IRRIGATED,non_irrigated,GRAIN,107.7,BU / ACRE,
48325,TX,MEDINA,2014,CORN,ALL CLASSES,NON-IRRIGATED,non_irrigated,GRAIN,34.5,BU / ACRE,
48325,TX,MEDINA,2012,CORN,ALL CLASSES,NON-IRRIGATED,non_irrigated,GRAIN,51.2,BU / ACRE,
48325,TX,MEDINA,2011,CORN,ALL CLASSES,NON-IRRIGATED,non_irrigated,GRAIN,12.5,BU / ACRE,
48325,TX,MEDINA,2010,CORN,ALL CLASSES,NON-IRRIGATED,non_irrigated,GRAIN,81.1,BU / ACRE,
48325,TX,MEDINA,2009,CORN,ALL CLASSES,NON-IRRIGATED,non_irrigated,GRAIN,16.2,BU / ACRE,
48453,TX,TRAVIS,2018,CORN,ALL CLASSES,NON-IRRIGATED,non_irrigated,GRAIN,60.1,BU / ACRE,
48453,TX,TRAVIS,2015,CORN,ALL CLASSES,NON-IRRIGATED,non_irrigated,GRAIN,50.5,BU / ACRE,
48453,TX,TRAVIS,2013,CORN,ALL CLASSES,NON-IRRIGATED,non_irrigated,GRAIN,54.3,BU / ACRE,
48453,TX,TRAVIS,2012,CORN,ALL CLASSES,NON-IRRIGATED,non_irrigated,GRAIN,72.8,BU / ACRE,
48453,TX,TRAVIS,2011,CORN,ALL CLASSES,NON-IRRIGATED,non_irrigated,GRAIN,22.8,BU / ACRE,
48453,TX,TRAVIS,2010,CORN,ALL CLASSES,NON-IRRIGATED,non_irrigated,GRAIN,86.7,BU / ACRE,
48493,TX,WILSON,2013,CORN,ALL CLASSES,NON-IRRIGATED,non_irrigated,GRAIN,76.9,BU / ACRE,
48039,TX,BRAZORIA,2016,CORN,ALL CLASSES,NON-IRRIGATED,non_irrigated,GRAIN,84.1,BU / ACRE,
48057,TX,CALHOUN,2010,CORN,ALL CLASSES,NON-IRRIGATED,non_irrigated,GRAIN,109.5,BU / ACRE,
48157,TX,FORT BEND,2016,CORN,ALL CLASSES,NON-IRRIGATED,non_irrigated,GRAIN,105.0,BU / ACRE,
48157,TX,FORT BEND,2010,CORN,ALL CLASSES,NON-IRRIGATED,non_irrigated,GRAIN,104.9,BU / ACRE,
48239,TX,JACKSON,2014,CORN,ALL CLASSES,NON-IRRIGATED,non_irrigated,GRAIN,101.7,BU / ACRE,
48239,TX,JACKSON,2010,CORN,ALL CLASSES,NON-IRRIGATED,non_irrigated,GRAIN,106.3,BU / ACRE,
48291,TX,LIBERTY,2010,CORN,ALL CLASSES,NON-IRRIGATED,non_irrigated,GRAIN,57.5,BU / ACRE,
48321,TX,MATAGORDA,2015,CORN,ALL CLASSES,NON-IRRIGATED,non_irrigated,GRAIN,82.9,BU / ACRE,
48321,TX,MATAGORDA,2012,CORN,ALL CLASSES,NON-IRRIGATED,non_irrigated,GRAIN,104.6,BU / ACRE,
48321,TX,MATAGORDA,2010,CORN,ALL CLASSES,NON-IRRIGATED,non_irrigated,GRAIN,105.4,BU / ACRE,
48469,TX,VICTORIA,2015,CORN,ALL CLASSES,NON-IRRIGATED,non_irrigated,GRAIN,73.5,BU / ACRE,
48469,TX,VICTORIA,2014,CORN,ALL CLASSES,NON-IRRIGATED,non_irrigated,GRAIN,102.6,BU / ACRE,
48481,TX,WHARTON,2018,CORN,ALL CLASSES,NON-IRRIGATED,non_irrigated,GRAIN,93.1,BU / ACRE,
48481,TX,WHARTON,2017,CORN,ALL CLASSES,NON-IRRIGATED,non_irrigated,GRAIN,119.8,BU / ACRE,
48481,TX,WHARTON,2013,CORN,ALL CLASSES,NON-IRRIGATED,non_irrigated,GRAIN,91.6,BU / ACRE,
48481,TX,WHARTON,2012,CORN,ALL CLASSES,NON-IRRIGATED,non_irrigated,GRAIN,99.5,BU / ACRE,
48481,TX,WHARTON,2011,CORN,ALL CLASSES,NON-IRRIGATED,non_irrigated,GRAIN,42.2,BU / ACRE,
48249,TX,JIM WELLS,2016,CORN,ALL CLASSES,NON-IRRIGATED,non_irrigated,GRAIN,67.6,BU / ACRE,
48249,TX,JIM WELLS,2015,CORN,ALL CLASSES,NON-IRRIGATED,non_irrigated,GRAIN,81.1,BU / ACRE,
48249,TX,JIM WELLS,2014,CORN,ALL CLASSES,NON-IRRIGATED,non_irrigated,GRAIN,38.8,BU / ACRE,
48249,TX,JIM WELLS,2012,CORN,ALL CLASSES,NON-IRRIGATED,non_irrigated,GRAIN,33.1,BU / ACRE,
48249,TX,JIM WELLS,2010,CORN,ALL CLASSES,NON-IRRIGATED,non_irrigated,GRAIN,89.3,BU / ACRE,
48061,TX,CAMERON,2015,CORN,ALL CLASSES,NON-IRRIGATED,non_irrigated,GRAIN,68.5,BU / ACRE,
48215,TX,HIDALGO,2018,CORN,ALL CLASSES,NON-IRRIGATED,non_irrigated,GRAIN,66.4,BU / ACRE,
48215,TX,HIDALGO,2017,CORN,ALL CLASSES,NON-IRRIGATED,non_irrigated,GRAIN,73.0,BU / ACRE,
48215,TX,HIDALGO,2010,CORN,ALL CLASSES,NON-IRRIGATED,non_irrigated,GRAIN,48.1,BU / ACRE,
48489,TX,WILLACY,2017,CORN,ALL CLASSES,NON-IRRIGATED,non_irrigated,GRAIN,96.8,BU / ACRE,
48011,TX,ARMSTRONG,2017,COTTON,UPLAND,IRRIGATED,irrigated,ALL UTILIZATION PRACTICES,987.0,LB / ACRE,
48045,TX,BRISCOE,2017,COTTON,UPLAND,IRRIGATED,irrigated,ALL UTILIZATION PRACTICES,1159.0,LB / ACRE,
48045,TX,BRISCOE,2016,COTTON,UPLAND,IRRIGATED,irrigated,ALL UTILIZATION PRACTICES,1182.0,LB / ACRE,
48045,TX,BRISCOE,2015,COTTON,UPLAND,IRRIGATED,irrigated,ALL UTILIZATION PRACTICES,1037.0,LB / ACRE,
48045,TX,BRISCOE,2014,COTTON,UPLAND,IRRIGATED,irrigated,ALL UTILIZATION PRACTICES,1041.0,LB / ACRE,
48045,TX,BRISCOE,2013,COTTON,UPLAND,IRRIGATED,irrigated,ALL UTILIZATION PRACTICES,1096.0,LB / ACRE,
48045,TX,BRISCOE,2010,COTTON,UPLAND,IRRIGATED,irrigated,ALL UTILIZATION PRACTICES,944.0,LB / ACRE,
48045,TX,BRISCOE,2009,COTTON,UPLAND,IRRIGATED,irrigated,ALL UTILIZATION PRACTICES,1045.0,LB / ACRE,
48065,TX,CARSON,2016,COTTON,UPLAND,IRRIGATED,irrigated,ALL UTILIZATION PRACTICES,1481.0,LB / ACRE,
48065,TX,CARSON,2015,COTTON,UPLAND,IRRIGATED,irrigated,ALL UTILIZATION PRACTICES,1102.0,LB / ACRE,
48065,TX,CARSON,2013,COTTON,UPLAND,IRRIGATED,irrigated,ALL UTILIZATION PRACTICES,1258.0,LB / ACRE,
48065,TX,CARSON,2012,COTTON,UPLAND,IRRIGATED,irrigated,ALL UTILIZATION PRACTICES,1098.0,LB / ACRE,
48065,TX,CARSON,2010,COTTON,UPLAND,IRRIGATED,irrigated,ALL UTILIZATION PRACTICES,1204.0,LB / ACRE,
48065,TX,CARSON,2008,COTTON,UPLAND,IRRIGATED,irrigated,ALL UTILIZATION PRACTICES,1021.0,LB / ACRE,
48069,TX,CASTRO,2015,COTTON,UPLAND,IRRIGATED,irrigated,ALL UTILIZATION PRACTICES,1276.0,LB / ACRE,
48069,TX,CASTRO,2012,COTTON,UPLAND,IRRIGATED,irrigated,ALL UTILIZATION PRACTICES,906.0,LB / ACRE,
48069,TX,CASTRO,2010,COTTON,UPLAND,IRRIGATED,irrigated,ALL UTILIZATION PRACTICES,1147.0,LB / ACRE,
48069,TX,CASTRO,2009,COTTON,UPLAND,IRRIGATED,irrigated,ALL UTILIZATION PRACTICES,1058.0,LB / ACRE,
48117,TX,DEAF SMITH,2017,COTTON,UPLAND,IRRIGATED,irrigated,ALL UTILIZATION PRACTICES,859.0,LB / ACRE,
48117,TX,DEAF SMITH,2010,COTTON,UPLAND,IRRIGATED,irrigated,ALL UTILIZATION PRACTICES,984.0,LB / ACRE,
48117,TX,DEAF SMITH,2008,COTTON,UPLAND,IRRIGATED,irrigated,ALL UTILIZATION PRACTICES,748.0,LB / ACRE,
48153,TX,FLOYD,2018,COTTON,UPLAND,IRRIGATED,irrigated,ALL UTILIZATION PRACTICES,1124.0,LB / ACRE,
48153,TX,FLOYD,2017,COTTON,UPLAND,IRRIGATED,irrigated,ALL UTILIZATION PRACTICES,1096.0,LB / ACRE,
48153,TX,FLOYD,2016,COTTON,UPLAND,IRRIGATED,irrigated,ALL UTILIZATION PRACTICES,1251.0,LB / ACRE,
48153,TX,FLOYD,2015,COTTON,UPLAND,IRRIGATED,irrigated,ALL UTILIZATION PRACTICES,958.0,LB / ACRE,
48153,TX,FLOYD,2014,COTTON,UPLAND,IRRIGATED,irrigated,ALL UTILIZATION PRACTICES,1040.0,LB / ACRE,
48153,TX,FLOYD,2013,COTTON,UPLAND,IRRIGATED,irrigated,ALL UTILIZATION PRACTICES,1162.0,LB / ACRE,
48153,TX,FLOYD,2012,COTTON,UPLAND,IRRIGATED,irrigated,ALL UTILIZATION PRACTICES,1021.0,LB / ACRE,
48153,TX,FLOYD,2010,COTTON,UPLAND,IRRIGATED,irrigated,ALL UTILIZATION PRACTICES,1167.0,LB / ACRE,
48153,TX,FLOYD,2009,COTTON,UPLAND,IRRIGATED,irrigated,ALL UTILIZATION PRACTICES,1063.0,LB / ACRE,
48153,TX,FLOYD,2008,COTTON,UPLAND,IRRIGATED,irrigated,ALL UTILIZATION PRACTICES,1053.0,LB / ACRE,
48179,TX,GRAY,2014,COTTON,UPLAND,IRRIGATED,irrigated,ALL UTILIZATION PRACTICES,1178.0,LB / ACRE,
48179,TX,GRAY,2012,COTTON,UPLAND,IRRIGATED,irrigated,ALL UTILIZATION PRACTICES,1002.0,LB / ACRE,
48179,TX,GRAY,2010,COTTON,UPLAND,IRRIGATED,irrigated,ALL UTILIZATION PRACTICES,1099.0,LB / ACRE,
48179,TX,GRAY,2009,COTTON,UPLAND,IRRIGATED,irrigated,ALL UTILIZATION PRACTICES,1315.0,LB / ACRE,
48189,TX,HALE,2018,COTTON,UPLAND,IRRIGATED,irrigated,ALL UTILIZATION PRACTICES,983.0,LB / ACRE,
48189,TX,HALE,2017,COTTON,UPLAND,IRRIGATED,irrigated,ALL UTILIZATION PRACTICES,992.0,LB / ACRE,
48189,TX,HALE,2016,COTTON,UPLAND,IRRIGATED,irrigated,ALL UTILIZATION PRACTICES,1095.0,LB / ACRE,
48189,TX,HALE,2014,COTTON,UPLAND,IRRIGATED,irrigated,ALL UTILIZATION PRACTICES,911.0,LB / ACRE,
48189,TX,HALE,2010,COTTON,UPLAND,IRRIGATED,irrigated,ALL UTILIZATION PRACTICES,1099.0,LB / ACRE,
48189,TX,HALE,2009,COTTON,UPLAND,IRRIGATED,irrigated,ALL UTILIZATION PRACTICES,984.0,LB / ACRE,
48189,TX,HALE,2008,COTTON,UPLAND,IRRIGATED,irrigated,ALL UTILIZATION PRACTICES,1051.0,LB / ACRE,
48205,TX,HARTLEY,2015,COTTON,UPLAND,IRRIGATED,irrigated,ALL UTILIZATION PRACTICES,1182.0,LB / ACRE,
48205,TX,HARTLEY,2013,COTTON,UPLAND,IRRIGATED,irrigated,ALL UTILIZATION PRACTICES,1191.0,LB / ACRE,
48233,TX,HUTCHINSON,2013,COTTON,UPLAND,IRRIGATED,irrigated,ALL UTILIZATION PRACTICES,1285.0,LB / ACRE,
48341,TX,MOORE,2017,COTTON,UPLAND,IRRIGATED,irrigated,ALL UTILIZATION PRACTICES,1407.0,LB / ACRE,
48341,TX,MOORE,2012,COTTON,UPLAND,IRRIGATED,irrigated,ALL UTILIZATION PRACTICES,1071.0,LB / ACRE,
48341,TX,MOORE,2010,COTTON,UPLAND,IRRIGATED,irrigated,ALL UTILIZATION PRACTICES,1111.0,LB / ACRE,
48341,TX,MOORE,2009,COTTON,UPLAND,IRRIGATED,irrigated,ALL UTILIZATION PRACTICES,1016.0,LB / ACRE,
48341,TX,MOORE,2008,COTTON,UPLAND,IRRIGATED,irrigated,ALL UTILIZATION PRACTICES,829.0,LB / ACRE,
48357,TX,OCHILTREE,2018,COTTON,UPLAND,IRRIGATED,irrigated,ALL UTILIZATION PRACTICES,1360.0,LB / ACRE,
48357,TX,OCHILTREE,2016,COTTON,UPLAND,IRRIGATED,irrigated,ALL UTILIZATION PRACTICES,1417.0,LB / ACRE,
48357,TX,OCHILTREE,2010,COTTON,UPLAND,IRRIGATED,irrigated,ALL UTILIZATION PRACTICES,1129.0,LB / ACRE,
48369,TX,PARMER,2018,COTTON,UPLAND,IRRIGATED,irrigated,ALL UTILIZATION PRACTICES,1320.0,LB / ACRE,
48369,TX,PARMER,2016,COTTON,UPLAND,IRRIGATED,irrigated,ALL UTILIZATION PRACTICES,1202.0,LB / ACRE,
48369,TX,PARMER,2015,COTTON,UPLAND,IRRIGATED,irrigated,ALL UTILIZATION PRACTICES,922.0,LB / ACRE,
48369,TX,PARMER,2014,COTTON,UPLAND,IRRIGATED,irrigated,ALL UTILIZATION PRACTICES,1000.0,LB / ACRE,
48369,TX,PARMER,2012,COTTON,UPLAND,IRRIGATED,irrigated,ALL UTILIZATION PRACTICES,791.0,LB / ACRE,
48369,TX,PARMER,2010,COTTON,UPLAND,IRRIGATED,irrigated,ALL UTILIZATION PRACTICES,1131.0,LB / ACRE,
48369,TX,PARMER,2009,COTTON,UPLAND,IRRIGATED,irrigated,ALL UTILIZATION PRACTICES,1106.0,LB / ACRE,
48381,TX,RANDALL,2017,COTTON,UPLAND,IRRIGATED,irrigated,ALL UTILIZATION PRACTICES,1287.0,LB / ACRE,
48421,TX,SHERMAN,2017,COTTON,UPLAND,IRRIGATED,irrigated,ALL UTILIZATION PRACTICES,1189.0,LB / ACRE,
48421,TX,SHERMAN,2016,COTTON,UPLAND,IRRIGATED,irrigated,ALL UTILIZATION PRACTICES,1383.0,LB / ACRE,
48437,TX,SWISHER,2018,COTTON,UPLAND,IRRIGATED,irrigated,ALL UTILIZATION PRACTICES,1062.0,LB / ACRE,
48437,TX,SWISHER,2017,COTTON,UPLAND,IRRIGATED,irrigated,ALL UTILIZATION PRACTICES,1213.0,LB / ACRE,
48437,TX,SWISHER,2015,COTTON,UPLAND,IRRIGATED,irrigated,ALL UTILIZATION PRACTICES,984.0,LB / ACRE,
48437,TX,SWISHER,2014,COTTON,UPLAND,IRRIGATED,irrigated,ALL UTILIZATION PRACTICES,745.0,LB / ACRE,
48437,TX,SWISHER,2013,COTTON,UPLAND,IRRIGATED,irrigated,ALL UTILIZATION PRACTICES,1064.0,LB / ACRE,
48437,TX,SWISHER,2012,COTTON,UPLAND,IRRIGATED,irrigated,ALL UTILIZATION PRACTICES,707.0,LB / ACRE,
48437,TX,SWISHER,2010,COTTON,UPLAND,IRRIGATED,irrigated,ALL UTILIZATION PRACTICES,1085.0,LB / ACRE,
48437,TX,SWISHER,2009,COTTON,UPLAND,IRRIGATED,irrigated,ALL UTILIZATION PRACTICES,839.0,LB / ACRE,
48437,TX,SWISHER,2008,COTTON,UPLAND,IRRIGATED,irrigated,ALL UTILIZATION PRACTICES,899.0,LB / ACRE,
48003,TX,ANDREWS,2010,COTTON,UPLAND,IRRIGATED,irrigated,ALL UTILIZATION PRACTICES,854.0,LB / ACRE,
48017,TX,BAILEY,2017,COTTON,UPLAND,IRRIGATED,irrigated,ALL UTILIZATION PRACTICES,1084.0,LB / ACRE,
48017,TX,BAILEY,2016,COTTON,UPLAND,IRRIGATED,irrigated,ALL UTILIZATION PRACTICES,1140.0,LB / ACRE,
48017,TX,BAILEY,2015,COTTON,UPLAND,IRRIGATED,irrigated,ALL UTILIZATION PRACTICES,954.0,LB / ACRE,
48017,TX,BAILEY,2014,COTTON,UPLAND,IRRIGATED,irrigated,ALL UTILIZATION PRACTICES,1063.0,LB / ACRE,
48017,TX,BAILEY,2010,COTTON,UPLAND,IRRIGATED,irrigated,ALL UTILIZATION PRACTICES,925.0,LB / ACRE,
48017,TX,BAILEY,2009,COTTON,UPLAND,IRRIGATED,irrigated,ALL UTILIZATION PRACTICES,902.0,LB / ACRE,
48017,TX,BAILEY,2008,COTTON,UPLAND,IRRIGATED,irrigated,ALL UTILIZATION PRACTICES,770.0,LB / ACRE,
48079,TX,COCHRAN,2018,COTTON,UPLAND,IRRIGATED,irrigated,ALL UTILIZATION PRACTICES,632.0,LB / ACRE,
48079,TX,COCHRAN,2010,COTTON,UPLAND,IRRIGATED,irrigated,ALL UTILIZATION PRACTICES,883.0,LB / ACRE,
48079,TX,COCHRAN,2009,COTTON,UPLAND,IRRIGATED,irrigated,ALL UTILIZATION PRACTICES,661.0,LB / ACRE,
48079,TX,COCHRAN,2008,COTTON,UPLAND,IRRIGATED,irrigated,ALL UTILIZATION PRACTICES,882.0,LB / ACRE,
48107,TX,CROSBY,2018,COTTON,UPLAND,IRRIGATED,irrigated,ALL UTILIZATION PRACTICES,874.0,LB / ACRE,
48107,TX,CROSBY,2017,COTTON,UPLAND,IRRIGATED,irrigated,ALL UTILIZATION PRACTICES,965.0,LB / ACRE,
48107,TX,CROSBY,2016,COTTON,UPLAND,IRRIGATED,irrigated,ALL UTILIZATION PRACTICES,995.0,LB / ACRE,
48107,TX,CROSBY,2015,COTTON,UPLAND,IRRIGATED,irrigated,ALL UTILIZATION PRACTICES,792.0,LB / ACRE,
48107,TX,CROSBY,2014,COTTON,UPLAND,IRRIGATED,irrigated,ALL UTILIZATION PRACTICES,970.0,LB / ACRE,
48107,TX,CROSBY,2013,COTTON,UPLAND,IRRIGATED,irrigated,ALL UTILIZATION PRACTICES,906.0,LB / ACRE,
48107,TX,CROSBY,2012,COTTON,UPLAND,IRRIGATED,irrigated,ALL UTILIZATION PRACTICES,831.0,LB / ACRE,
48107,TX,CROSBY,2010,COTTON,UPLAND,IRRIGATED,irrigated,ALL UTILIZATION PRACTICES,951.0,LB / ACRE,
48107,TX,CROSBY,2009,COTTON,UPLAND,IRRIGATED,irrigated,ALL UTILIZATION PRACTICES,988.0,LB / ACRE,
48107,TX,CROSBY,2008,COTTON,UPLAND,IRRIGATED,irrigated,ALL UTILIZATION PRACTICES,792.0,LB / ACRE,
48115,TX,DAWSON,2018,COTTON,UPLAND,IRRIGATED,irrigated,ALL UTILIZATION PRACTICES,1044.0,LB / ACRE,
48115,TX,DAWSON,2017,COTTON,UPLAND,IRRIGATED,irrigated,ALL UTILIZATION PRACTICES,1135.0,LB / ACRE,
48115,TX,DAWSON,2016,COTTON,UPLAND,IRRIGATED,irrigated,ALL UTILIZATION PRACTICES,1184.0,LB / ACRE,
48115,TX,DAWSON,2015,COTTON,UPLAND,IRRIGATED,irrigated,ALL UTILIZATION PRACTICES,1098.0,LB / ACRE,
48115,TX,DAWSON,2014,COTTON,UPLAND,IRRIGATED,irrigated,ALL UTILIZATION PRACTICES,1135.0,LB / ACRE,
48115,TX,DAWSON,2012,COTTON,UPLAND,IRRIGATED,irrigated,ALL UTILIZATION PRACTICES,914.0,LB / ACRE,
48115,TX,DAWSON,2010,COTTON,UPLAND,IRRIGATED,irrigated,ALL UTILIZATION PRACTICES,1136.0,LB / ACRE,
48115,TX,DAWSON,2009,COTTON,UPLAND,IRRIGATED,irrigated,ALL UTILIZATION PRACTICES,1031.0,LB / ACRE,
48115,TX,DAWSON,2008,COTTON,UPLAND,IRRIGATED,irrigated,ALL UTILIZATION PRACTICES,1015.0,LB / ACRE,
48165,TX,GAINES,2018,COTTON,UPLAND,IRRIGATED,irrigated,ALL UTILIZATION PRACTICES,555.0,LB / ACRE,
48165,TX,GAINES,2017,COTTON,UPLAND,IRRIGATED,irrigated,ALL UTILIZATION PRACTICES,970.0,LB / ACRE,
48165,TX,GAINES,2016,COTTON,UPLAND,IRRIGATED,irrigated,ALL UTILIZATION PRACTICES,700.0,LB / ACRE,
48165,TX,GAINES,2015,COTTON,UPLAND,IRRIGATED,irrigated,ALL UTILIZATION PRACTICES,886.0,LB / ACRE,
48165,TX,GAINES,2014,COTTON,UPLAND,IRRIGATED,irrigated,ALL UTILIZATION PRACTICES,783.0,LB / ACRE,
48165,TX,GAINES,2010,COTTON,UPLAND,IRRIGATED,irrigated,ALL UTILIZATION PRACTICES,879.0,LB / ACRE,
48165,TX,GAINES,2009,COTTON,UPLAND,IRRIGATED,irrigated,ALL UTILIZATION PRACTICES,892.0,LB / ACRE,
48165,TX,GAINES,2008,COTTON,UPLAND,IRRIGATED,irrigated,ALL UTILIZATION PRACTICES,824.0,LB / ACRE,
48173,TX,GLASSCOCK,2017,COTTON,UPLAND,IRRIGATED,irrigated,ALL UTILIZATION PRACTICES,1359.0,LB / ACRE,
48173,TX,GLASSCOCK,2016,COTTON,UPLAND,IRRIGATED,irrigated,ALL UTILIZATION PRACTICES,1213.0,LB / ACRE,
48173,TX,GLASSCOCK,2015,COTTON,UPLAND,IRRIGATED,irrigated,ALL UTILIZATION PRACTICES,980.0,LB / ACRE,
48173,TX,GLASSCOCK,2014,COTTON,UPLAND,IRRIGATED,irrigated,ALL UTILIZATION PRACTICES,1041.0,LB / ACRE,
48173,TX,GLASSCOCK,2013,COTTON,UPLAND,IRRIGATED,irrigated,ALL UTILIZATION PRACTICES,951.0,LB / ACRE,
48173,TX,GLASSCOCK,2012,COTTON,UPLAND,IRRIGATED,irrigated,ALL UTILIZATION PRACTICES,1069.0,LB / ACRE,
48173,TX,GLASSCOCK,2010,COTTON,UPLAND,IRRIGATED,irrigated,ALL UTILIZATION PRACTICES,949.0,LB / ACRE,
48173,TX,GLASSCOCK,2009,COTTON,UPLAND,IRRIGATED,irrigated,ALL UTILIZATION PRACTICES,1142.0,LB / ACRE,
48173,TX,GLASSCOCK,2008,COTTON,UPLAND,IRRIGATED,irrigated,ALL UTILIZATION PRACTICES,940.0,LB / ACRE,
48219,TX,HOCKLEY,2017,COTTON,UPLAND,IRRIGATED,irrigated,ALL UTILIZATION PRACTICES,795.0,LB / ACRE,
48219,TX,HOCKLEY,2016,COTTON,UPLAND,IRRIGATED,irrigated,ALL UTILIZATION PRACTICES,1099.0,LB / ACRE,
48219,TX,HOCKLEY,2015,COTTON,UPLAND,IRRIGATED,irrigated,ALL UTILIZATION PRACTICES,937.0,LB / ACRE,
48219,TX,HOCKLEY,2014,COTTON,UPLAND,IRRIGATED,irrigated,ALL UTILIZATION PRACTICES,1005.0,LB / ACRE,
48219,TX,HOCKLEY,2012,COTTON,UPLAND,IRRIGATED,irrigated,ALL UTILIZATION PRACTICES,734.0,LB / ACRE,
48219,TX,HOCKLEY,2010,COTTON,UPLAND,IRRIGATED,irrigated,ALL UTILIZATION PRACTICES,1043.0,LB / ACRE,
48219,TX,HOCKLEY,2009,COTTON,UPLAND,IRRIGATED,irrigated,ALL UTILIZATION PRACTICES,833.0,LB / ACRE,
48219,TX,HOCKLEY,2008,COTTON,UPLAND,IRRIGATED,irrigated,ALL UTILIZATION PRACTICES,1026.0,LB / ACRE,
48227,TX,HOWARD,2016,COTTON,UPLAND,IRRIGATED,irrigated,ALL UTILIZATION PRACTICES,1012.0,LB / ACRE,
48227,TX,HOWARD,2015,COTTON,UPLAND,IRRIGATED,irrigated,ALL UTILIZATION PRACTICES,584.0,LB / ACRE,
48227,TX,HOWARD,2014,COTTON,UPLAND,IRRIGATED,irrigated,ALL UTILIZATION PRACTICES,1162.0,LB / ACRE,
48227,TX,HOWARD,2010,COTTON,UPLAND,IRRIGATED,irrigated,ALL UTILIZATION PRACTICES,1504.0,LB / ACRE,
48227,TX,HOWARD,2009,COTTON,UPLAND,IRRIGATED,irrigated,ALL UTILIZATION PRACTICES,1191.0,LB / ACRE,
48227,TX,HOWARD,2008,COTTON,UPLAND,IRRIGATED,irrigated,ALL UTILIZATION PRACTICES,1148.0,LB / ACRE,
48279,TX,LAMB,2017,COTTON,UPLAND,IRRIGATED,irrigated,ALL UTILIZATION PRACTICES,1057.0,LB / ACRE,
48279,TX,LAMB,2016,COTTON,UPLAND,IRRIGATED,irrigated,ALL UTILIZATION PRACTICES,1185.0,LB / ACRE,
48279,TX,LAMB,2015,COTTON,UPLAND,IRRIGATED,irrigated,ALL UTILIZATION PRACTICES,907.0,LB / ACRE,
48279,TX,LAMB,2014,COTTON,UPLAND,IRRIGATED,irrigated,ALL UTILIZATION PRACTICES,818.0,LB / ACRE,
48279,TX,LAMB,2013,COTTON,UPLAND,IRRIGATED,irrigated,ALL UTILIZATION PRACTICES,924.0,LB / ACRE,
48279,TX,LAMB,2012,COTTON,UPLAND,IRRIGATED,irrigated,ALL UTILIZATION PRACTICES,745.0,LB / ACRE,
48279,TX,LAMB,2010,COTTON,UPLAND,IRRIGATED,irrigated,ALL UTILIZATION PRACTICES,1056.0,LB / ACRE,
48279,TX,LAMB,2009,COTTON,UPLAND,IRRIGATED,irrigated,ALL UTILIZATION PRACTICES,937.0,LB / ACRE,
48279,TX,LAMB,2008,COTTON,UPLAND,IRRIGATED,irrigated,ALL UTILIZATION PRACTICES,910.0,LB / ACRE,
48303,TX,LUBBOCK,2018,COTTON,UPLAND,IRRIGATED,irrigated,ALL UTILIZATION PRACTICES,960.0,LB / ACRE,
48303,TX,LUBBOCK,2017,COTTON,UPLAND,IRRIGATED,irrigated,ALL UTILIZATION PRACTICES,962.0,LB / ACRE,
48303,TX,LUBBOCK,2016,COTTON,UPLAND,IRRIGATED,irrigated,ALL UTILIZATION PRACTICES,1183.0,LB / ACRE,
48303,TX,LUBBOCK,2015,COTTON,UPLAND,IRRIGATED,irrigated,ALL UTILIZATION PRACTICES,946.0,LB / ACRE,
48303,TX,LUBBOCK,2014,COTTON,UPLAND,IRRIGATED,irrigated,ALL UTILIZATION PRACTICES,882.0,LB / ACRE,
48303,TX,LUBBOCK,2013,COTTON,UPLAND,IRRIGATED,irrigated,ALL UTILIZATION PRACTICES,939.0,LB / ACRE,
48303,TX,LUBBOCK,2012,COTTON,UPLAND,IRRIGATED,irrigated,ALL UTILIZATION PRACTICES,831.0,LB / ACRE,
48303,TX,LUBBOCK,2010,COTTON,UPLAND,IRRIGATED,irrigated,ALL UTILIZATION PRACTICES,970.0,LB / ACRE,
48303,TX,LUBBOCK,2009,COTTON,UPLAND,IRRIGATED,irrigated,ALL UTILIZATION PRACTICES,953.0,LB / ACRE,
48303,TX,LUBBOCK,2008,COTTON,UPLAND,IRRIGATED,irrigated,ALL UTILIZATION PRACTICES,1050.0,LB / ACRE,
48305,TX,LYNN,2018,COTTON,UPLAND,IRRIGATED,irrigated,ALL UTILIZATION PRACTICES,922.0,LB / ACRE,
48305,TX,LYNN,2017,COTTON,UPLAND,IRRIGATED,irrigated,ALL UTILIZATION PRACTICES,951.0,LB / ACRE,
48305,TX,LYNN,2016,COTTON,UPLAND,IRRIGATED,irrigated,ALL UTILIZATION PRACTICES,937.0,LB / ACRE,
48305,TX,LYNN,2015,COTTON,UPLAND,IRRIGATED,irrigated,ALL UTILIZATION PRACTICES,929.0,LB / ACRE,
48305,TX,LYNN,2014,COTTON,UPLAND,IRRIGATED,irrigated,ALL UTILIZATION PRACTICES,874.0,LB / ACRE,
48305,TX,LYNN,2013,COTTON,UPLAND,IRRIGATED,irrigated,ALL UTILIZATION PRACTICES,875.0,LB / ACRE,
48305,TX,LYNN,2012,COTTON,UPLAND,IRRIGATED,irrigated,ALL UTILIZATION PRACTICES,749.0,LB / ACRE,
48305,TX,LYNN,2010,COTTON,UPLAND,IRRIGATED,irrigated,ALL UTILIZATION PRACTICES,889.0,LB / ACRE,
48305,TX,LYNN,2009,COTTON,UPLAND,IRRIGATED,irrigated,ALL UTILIZATION PRACTICES,888.0,LB / ACRE,
48305,TX,LYNN,2008,COTTON,UPLAND,IRRIGATED,irrigated,ALL UTILIZATION PRACTICES,801.0,LB / ACRE,
48317,TX,MARTIN,2018,COTTON,UPLAND,IRRIGATED,irrigated,ALL UTILIZATION PRACTICES,953.0,LB / ACRE,
48317,TX,MARTIN,2017,COTTON,UPLAND,IRRIGATED,irrigated,ALL UTILIZATION PRACTICES,1278.0,LB / ACRE,
48317,TX,MARTIN,2016,COTTON,UPLAND,IRRIGATED,irrigated,ALL UTILIZATION PRACTICES,1335.0,LB / ACRE,
48317,TX,MARTIN,2015,COTTON,UPLAND,IRRIGATED,irrigated,ALL UTILIZATION PRACTICES,1149.0,LB / ACRE,
48317,TX,MARTIN,2013,COTTON,UPLAND,IRRIGATED,irrigated,ALL UTILIZATION PRACTICES,999.0,LB / ACRE,
48317,TX,MARTIN,2012,COTTON,UPLAND,IRRIGATED,irrigated,ALL UTILIZATION PRACTICES,1450.0,LB / ACRE,
48317,TX,MARTIN,2010,COTTON,UPLAND,IRRIGATED,irrigated,ALL UTILIZATION PRACTICES,1137.0,LB / ACRE,
48317,TX,MARTIN,2009,COTTON,UPLAND,IRRIGATED,irrigated,ALL UTILIZATION PRACTICES,720.0,LB / ACRE,
48317,TX,MARTIN,2008,COTTON,UPLAND,IRRIGATED,irrigated,ALL UTILIZATION PRACTICES,1148.0,LB / ACRE,
48329,TX,MIDLAND,2010,COTTON,UPLAND,IRRIGATED,irrigated,ALL UTILIZATION PRACTICES,830.0,LB / ACRE,
48445,TX,TERRY,2017,COTTON,UPLAND,IRRIGATED,irrigated,ALL UTILIZATION PRACTICES,859.0,LB / ACRE,
48445,TX,TERRY,2016,COTTON,UPLAND,IRRIGATED,irrigated,ALL UTILIZATION PRACTICES,831.0,LB / ACRE,
48445,TX,TERRY,2014,COTTON,UPLAND,IRRIGATED,irrigated,ALL UTILIZATION PRACTICES,721.0,LB / ACRE,
48445,TX,TERRY,2013,COTTON,UPLAND,IRRIGATED,irrigated,ALL UTILIZATION PRACTICES,884.0,LB / ACRE,
48445,TX,TERRY,2012,COTTON,UPLAND,IRRIGATED,irrigated,ALL UTILIZATION PRACTICES,718.0,LB / ACRE,
48445,TX,TERRY,2010,COTTON,UPLAND,IRRIGATED,irrigated,ALL UTILIZATION PRACTICES,859.0,LB / ACRE,
48445,TX,TERRY,2009,COTTON,UPLAND,IRRIGATED,irrigated,ALL UTILIZATION PRACTICES,817.0,LB / ACRE,
48445,TX,TERRY,2008,COTTON,UPLAND,IRRIGATED,irrigated,ALL UTILIZATION PRACTICES,824.0,LB / ACRE,
48501,TX,YOAKUM,2018,COTTON,UPLAND,IRRIGATED,irrigated,ALL UTILIZATION PRACTICES,763.0,LB / ACRE,
48501,TX,YOAKUM,2015,COTTON,UPLAND,IRRIGATED,irrigated,ALL UTILIZATION PRACTICES,942.0,LB / ACRE,
48501,TX,YOAKUM,2013,COTTON,UPLAND,IRRIGATED,irrigated,ALL UTILIZATION PRACTICES,914.0,LB / ACRE,
48501,TX,YOAKUM,2012,COTTON,UPLAND,IRRIGATED,irrigated,ALL UTILIZATION PRACTICES,801.0,LB / ACRE,
48501,TX,YOAKUM,2010,COTTON,UPLAND,IRRIGATED,irrigated,ALL UTILIZATION PRACTICES,907.0,LB / ACRE,
48501,TX,YOAKUM,2009,COTTON,UPLAND,IRRIGATED,irrigated,ALL UTILIZATION PRACTICES,965.0,LB / ACRE,
48033,TX,BORDEN,2009,COTTON,UPLAND,IRRIGATED,irrigated,ALL UTILIZATION PRACTICES,1080.0,LB / ACRE,
48075,TX,CHILDRESS,2018,COTTON,UPLAND,IRRIGATED,irrigated,ALL UTILIZATION PRACTICES,1075.0,LB / ACRE,
48075,TX,CHILDRESS,2013,COTTON,UPLAND,IRRIGATED,irrigated,ALL UTILIZATION PRACTICES,1177.0,LB / ACRE,
48075,TX,CHILDRESS,2012,COTTON,UPLAND,IRRIGATED,irrigated,ALL UTILIZATION PRACTICES,707.0,LB / ACRE,
48075,TX,CHILDRESS,2010,COTTON,UPLAND,IRRIGATED,irrigated,ALL UTILIZATION PRACTICES,1191.0,LB / ACRE,
48075,TX,CHILDRESS,2009,COTTON,UPLAND,IRRIGATED,irrigated,ALL UTILIZATION PRACTICES,781.0,LB / ACRE,
48087,TX,COLLINGSWORTH,2018,COTTON,UPLAND,IRRIGATED,irrigated,ALL UTILIZATION PRACTICES,1160.0,LB / ACRE,
48087,TX,COLLINGSWORTH,2016,COTTON,UPLAND,IRRIGATED,irrigated,ALL UTILIZATION PRACTICES,1444.0,LB / ACRE,
48087,TX,COLLINGSWORTH,2015,COTTON,UPLAND,IRRIGATED,irrigated,ALL UTILIZATION PRACTICES,1250.0,LB / ACRE,
48087,TX,COLLINGSWORTH,2014,COTTON,UPLAND,IRRIGATED,irrigated,ALL UTILIZATION PRACTICES,1278.0,LB / ACRE,
48087,TX,COLLINGSWORTH,2013,COTTON,UPLAND,IRRIGATED,irrigated,ALL UTILIZATION PRACTICES,1214.0,LB / ACRE,
48087,TX,COLLINGSWORTH,2012,COTTON,UPLAND,IRRIGATED,irrigated,ALL UTILIZATION PRACTICES,1061.0,LB / ACRE,
48087,TX,COLLINGSWORTH,2010,COTTON,UPLAND,IRRIGATED,irrigated,ALL UTILIZATION PRACTICES,1169.0,LB / ACRE,
48087,TX,COLLINGSWORTH,2009,COTTON,UPLAND,IRRIGATED,irrigated,ALL UTILIZATION PRACTICES,1349.0,LB / ACRE,
48087,TX,COLLINGSWORTH,2008,COTTON,UPLAND,IRRIGATED,irrigated,ALL UTILIZATION PRACTICES,1123.0,LB / ACRE,
48125,TX,DICKENS,2017,COTTON,UPLAND,IRRIGATED,irrigated,ALL UTILIZATION PRACTICES,1024.0,LB / ACRE,
48125,TX,DICKENS,2016,COTTON,UPLAND,IRRIGATED,irrigated,ALL UTILIZATION PRACTICES,1143.0,LB / ACRE,
48125,TX,DICKENS,2015,COTTON,UPLAND,IRRIGATED,irrigated,ALL UTILIZATION PRACTICES,727.0,LB / ACRE,
48125,TX,DICKENS,2014,COTTON,UPLAND,IRRIGATED,irrigated,ALL UTILIZATION PRACTICES,1034.0,LB / ACRE,
48125,TX,DICKENS,2013,COTTON,UPLAND,IRRIGATED,irrigated,ALL UTILIZATION PRACTICES,942.0,LB / ACRE,
48125,TX,DICKENS,2009,COTTON,UPLAND,IRRIGATED,irrigated,ALL UTILIZATION PRACTICES,636.0,LB / ACRE,
48125,TX,DICKENS,2008,COTTON,UPLAND,IRRIGATED,irrigated,ALL UTILIZATION PRACTICES,997.0,LB / ACRE,
48129,TX,DONLEY,2017,COTTON,UPLAND,IRRIGATED,irrigated,ALL UTILIZATION PRACTICES,1206.0,LB / ACRE,
48129,TX,DONLEY,2016,COTTON,UPLAND,IRRIGATED,irrigated,ALL UTILIZATION PRACTICES,1310.0,LB / ACRE,
48129,TX,DONLEY,2014,COTTON,UPLAND,IRRIGATED,irrigated,ALL UTILIZATION PRACTICES,1142.0,LB / ACRE,
48129,TX,DONLEY,2013,COTTON,UPLAND,IRRIGATED,irrigated,ALL UTILIZATION PRACTICES,1563.0,LB / ACRE,
48129,TX,DONLEY,2010,COTTON,UPLAND,IRRIGATED,irrigated,ALL UTILIZATION PRACTICES,1247.0,LB / ACRE,
48129,TX,DONLEY,2009,COTTON,UPLAND,IRRIGATED,irrigated,ALL UTILIZATION PRACTICES,1320.0,LB / ACRE,
48129,TX,DONLEY,2008,COTTON,UPLAND,IRRIGATED,irrigated,ALL UTILIZATION PRACTICES,1134.0,LB / ACRE,
48169,TX,GARZA,2018,COTTON,UPLAND,IRRIGATED,irrigated,ALL UTILIZATION PRACTICES,893.0,LB / ACRE,
48169,TX,GARZA,2015,COTTON,UPLAND,IRRIGATED,irrigated,ALL UTILIZATION PRACTICES,1023.0,LB / ACRE,
48169,TX,GARZA,2014,COTTON,UPLAND,IRRIGATED,irrigated,ALL UTILIZATION PRACTICES,947.0,LB / ACRE,
48169,TX,GARZA,2013,COTTON,UPLAND,IRRIGATED,irrigated,ALL UTILIZATION PRACTICES,1111.0,LB / ACRE,
48169,TX,GARZA,2012,COTTON,UPLAND,IRRIGATED,irrigated,ALL UTILIZATION PRACTICES,947.0,LB / ACRE,
48169,TX,GARZA,2010,COTTON,UPLAND,IRRIGATED,irrigated,ALL UTILIZATION PRACTICES,926.0,LB / ACRE,
48169,TX,GARZA,2009,COTTON,UPLAND,IRRIGATED,irrigated,ALL UTILIZATION PRACTICES,937.0,LB / ACRE,
48169,TX,GARZA,2008,COTTON,UPLAND,IRRIGATED,irrigated,ALL UTILIZATION PRACTICES,949.0,LB / ACRE,
48191,TX,HALL,2018,COTTON,UPLAND,IRRIGATED,irrigated,ALL UTILIZATION PRACTICES,1123.0,LB / ACRE,
48191,TX,HALL,2017,COTTON,UPLAND,IRRIGATED,irrigated,ALL UTILIZATION PRACTICES,1137.0,LB / ACRE,
48191,TX,HALL,2016,COTTON,UPLAND,IRRIGATED,irrigated,ALL UTILIZATION PRACTICES,1064.0,LB / ACRE,
48191,TX,HALL,2014,COTTON,UPLAND,IRRIGATED,irrigated,ALL UTILIZATION PRACTICES,997.0,LB / ACRE,
48191,TX,HALL,2013,COTTON,UPLAND,IRRIGATED,irrigated,ALL UTILIZATION PRACTICES,1182.0,LB / ACRE,
48191,TX,HALL,2012,COTTON,UPLAND,IRRIGATED,irrigated,ALL UTILIZATION PRACTICES,929.0,LB / ACRE,
48191,TX,HALL,2010,COTTON,UPLAND,IRRIGATED,irrigated,ALL UTILIZATION PRACTICES,1078.0,LB / ACRE,
48191,TX,HALL,2009,COTTON,UPLAND,IRRIGATED,irrigated,ALL UTILIZATION PRACTICES,1193.0,LB / ACRE,
48191,TX,HALL,2008,COTTON,UPLAND,IRRIGATED,irrigated,ALL UTILIZATION PRACTICES,1078.0,LB / ACRE,
48197,TX,HARDEMAN,2018,COTTON,UPLAND,IRRIGATED,irrigated,ALL UTILIZATION PRACTICES,1149.0,LB / ACRE,
48483,TX,WHEELER,2016,COTTON,UPLAND,IRRIGATED,irrigated,ALL UTILIZATION PRACTICES,1401.0,LB / ACRE,
48483,TX,WHEELER,2015,COTTON,UPLAND,IRRIGATED,irrigated,ALL UTILIZATION PRACTICES,1128.0,LB / ACRE,
48483,TX,WHEELER,2009,COTTON,UPLAND,IRRIGATED,irrigated,ALL UTILIZATION PRACTICES,1110.0,LB / ACRE,
48483,TX,WHEELER,2008,COTTON,UPLAND,IRRIGATED,irrigated,ALL UTILIZATION PRACTICES,1063.0,LB / ACRE,
48487,TX,WILBARGER,2017,COTTON,UPLAND,IRRIGATED,irrigated,ALL UTILIZATION PRACTICES,1059.0,LB / ACRE,
48487,TX,WILBARGER,2016,COTTON,UPLAND,IRRIGATED,irrigated,ALL UTILIZATION PRACTICES,983.0,LB / ACRE,
48487,TX,WILBARGER,2015,COTTON,UPLAND,IRRIGATED,irrigated,ALL UTILIZATION PRACTICES,1046.0,LB / ACRE,
48487,TX,WILBARGER,2010,COTTON,UPLAND,IRRIGATED,irrigated,ALL UTILIZATION PRACTICES,886.0,LB / ACRE,
48487,TX,WILBARGER,2009,COTTON,UPLAND,IRRIGATED,irrigated,ALL UTILIZATION PRACTICES,505.0,LB / ACRE,
48487,TX,WILBARGER,2008,COTTON,UPLAND,IRRIGATED,irrigated,ALL UTILIZATION PRACTICES,1108.0,LB / ACRE,
48023,TX,BAYLOR,2018,COTTON,UPLAND,IRRIGATED,irrigated,ALL UTILIZATION PRACTICES,734.0,LB / ACRE,
48023,TX,BAYLOR,2017,COTTON,UPLAND,IRRIGATED,irrigated,ALL UTILIZATION PRACTICES,909.0,LB / ACRE,
48023,TX,BAYLOR,2010,COTTON,UPLAND,IRRIGATED,irrigated,ALL UTILIZATION PRACTICES,904.0,LB / ACRE,
48023,TX,BAYLOR,2009,COTTON,UPLAND,IRRIGATED,irrigated,ALL UTILIZATION PRACTICES,1091.0,LB / ACRE,
48151,TX,FISHER,2010,COTTON,UPLAND,IRRIGATED,irrigated,ALL UTILIZATION PRACTICES,1403.0,LB / ACRE,
48151,TX,FISHER,2009,COTTON,UPLAND,IRRIGATED,irrigated,ALL UTILIZATION PRACTICES,997.0,LB / ACRE,
48151,TX,FISHER,2008,COTTON,UPLAND,IRRIGATED,irrigated,ALL UTILIZATION PRACTICES,1169.0,LB / ACRE,
48207,TX,HASKELL,2017,COTTON,UPLAND,IRRIGATED,irrigated,ALL UTILIZATION PRACTICES,988.0,LB / ACRE,
48207,TX,HASKELL,2015,COTTON,UPLAND,IRRIGATED,irrigated,ALL UTILIZATION PRACTICES,673.0,LB / ACRE,
48207,TX,HASKELL,2014,COTTON,UPLAND,IRRIGATED,irrigated,ALL UTILIZATION PRACTICES,660.0,LB / ACRE,
48207,TX,HASKELL,2013,COTTON,UPLAND,IRRIGATED,irrigated,ALL UTILIZATION PRACTICES,740.0,LB / ACRE,
48207,TX,HASKELL,2012,COTTON,UPLAND,IRRIGATED,irrigated,ALL UTILIZATION PRACTICES,581.0,LB / ACRE,
48207,TX,HASKELL,2010,COTTON,UPLAND,IRRIGATED,irrigated,ALL UTILIZATION PRACTICES,1240.0,LB / ACRE,
48207,TX,HASKELL,2009,COTTON,UPLAND,IRRIGATED,irrigated,ALL UTILIZATION PRACTICES,887.0,LB / ACRE,
48207,TX,HASKELL,2008,COTTON,UPLAND,IRRIGATED,irrigated,ALL UTILIZATION PRACTICES,887.0,LB / ACRE,
48253,TX,JONES,2017,COTTON,UPLAND,IRRIGATED,irrigated,ALL UTILIZATION PRACTICES,848.0,LB / ACRE,
48275,TX,KNOX,2014,COTTON,UPLAND,IRRIGATED,irrigated,ALL UTILIZATION PRACTICES,986.0,LB / ACRE,
48275,TX,KNOX,2012,COTTON,UPLAND,IRRIGATED,irrigated,ALL UTILIZATION PRACTICES,977.0,LB / ACRE,
48275,TX,KNOX,2010,COTTON,UPLAND,IRRIGATED,irrigated,ALL UTILIZATION PRACTICES,1152.0,LB / ACRE,
48275,TX,KNOX,2009,COTTON,UPLAND,IRRIGATED,irrigated,ALL UTILIZATION PRACTICES,910.0,LB / ACRE,
48335,TX,MITCHELL,2017,COTTON,UPLAND,IRRIGATED,irrigated,ALL UTILIZATION PRACTICES,812.0,LB / ACRE,
48335,TX,MITCHELL,2016,COTTON,UPLAND,IRRIGATED,irrigated,ALL UTILIZATION PRACTICES,1224.0,LB / ACRE,
48335,TX,MITCHELL,2015,COTTON,UPLAND,IRRIGATED,irrigated,ALL UTILIZATION PRACTICES,983.0,LB / ACRE,
48353,TX,NOLAN,2017,COTTON,UPLAND,IRRIGATED,irrigated,ALL UTILIZATION PRACTICES,1096.0,LB / ACRE,
48353,TX,NOLAN,2016,COTTON,UPLAND,IRRIGATED,irrigated,ALL UTILIZATION PRACTICES,1269.0,LB / ACRE,
48353,TX,NOLAN,2015,COTTON,UPLAND,IRRIGATED,irrigated,ALL UTILIZATION PRACTICES,1022.0,LB / ACRE,
48353,TX,NOLAN,2014,COTTON,UPLAND,IRRIGATED,irrigated,ALL UTILIZATION PRACTICES,720.0,LB / ACRE,
48353,TX,NOLAN,2013,COTTON,UPLAND,IRRIGATED,irrigated,ALL UTILIZATION PRACTICES,1046.0,LB / ACRE,
48353,TX,NOLAN,2012,COTTON,UPLAND,IRRIGATED,irrigated,ALL UTILIZATION PRACTICES,1058.0,LB / ACRE,
48353,TX,NOLAN,2010,COTTON,UPLAND,IRRIGATED,irrigated,ALL UTILIZATION PRACTICES,1522.0,LB / ACRE,
48353,TX,NOLAN,2009,COTTON,UPLAND,IRRIGATED,irrigated,ALL UTILIZATION PRACTICES,1166.0,LB / ACRE,
48353,TX,NOLAN,2008,COTTON,UPLAND,IRRIGATED,irrigated,ALL UTILIZATION PRACTICES,1080.0,LB / ACRE,
48399,TX,RUNNELS,2018,COTTON,UPLAND,IRRIGATED,irrigated,ALL UTILIZATION PRACTICES,840.0,LB / ACRE,
48399,TX,RUNNELS,2015,COTTON,UPLAND,IRRIGATED,irrigated,ALL UTILIZATION PRACTICES,784.0,LB / ACRE,
48399,TX,RUNNELS,2014,COTTON,UPLAND,IRRIGATED,irrigated,ALL UTILIZATION PRACTICES,1071.0,LB / ACRE,
48399,TX,RUNNELS,2012,COTTON,UPLAND,IRRIGATED,irrigated,ALL UTILIZATION PRACTICES,736.0,LB / ACRE,
48399,TX,RUNNELS,2009,COTTON,UPLAND,IRRIGATED,irrigated,ALL UTILIZATION PRACTICES,1067.0,LB / ACRE,
48415,TX,SCURRY,2017,COTTON,UPLAND,IRRIGATED,irrigated,ALL UTILIZATION PRACTICES,1173.0,LB / ACRE,
48415,TX,SCURRY,2013,COTTON,UPLAND,IRRIGATED,irrigated,ALL UTILIZATION PRACTICES,915.0,LB / ACRE,
48415,TX,SCURRY,2012,COTTON,UPLAND,IRRIGATED,irrigated,ALL UTILIZATION PRACTICES,887.0,LB / ACRE,
48415,TX,SCURRY,2010,COTTON,UPLAND,IRRIGATED,irrigated,ALL UTILIZATION PRACTICES,1471.0,LB / ACRE,
48415,TX,SCURRY,2008,COTTON,UPLAND,IRRIGATED,irrigated,ALL UTILIZATION PRACTICES,1064.0,LB / ACRE,
48331,TX,MILAM,2014,COTTON,UPLAND,IRRIGATED,irrigated,ALL UTILIZATION PRACTICES,1554.0,LB / ACRE,
48041,TX,BRAZOS,2010,COTTON,UPLAND,IRRIGATED,irrigated,ALL UTILIZATION PRACTICES,1024.0,LB / ACRE,
48395,TX,ROBERTSON,2008,COTTON,UPLAND,IRRIGATED,irrigated,ALL UTILIZATION PRACTICES,692.0,LB / ACRE,
48141,TX,EL PASO,2010,COTTON,UPLAND,IRRIGATED,irrigated,ALL UTILIZATION PRACTICES,1143.0,LB / ACRE,
48141,TX,EL PASO,2009,COTTON,UPLAND,IRRIGATED,irrigated,ALL UTILIZATION PRACTICES,1265.0,LB / ACRE,
48141,TX,EL PASO,2008,COTTON,UPLAND,IRRIGATED,irrigated,ALL UTILIZATION PRACTICES,1226.0,LB / ACRE,
48229,TX,HUDSPETH,2010,COTTON,UPLAND,IRRIGATED,irrigated,ALL UTILIZATION PRACTICES,1049.0,LB / ACRE,
48229,TX,HUDSPETH,2009,COTTON,UPLAND,IRRIGATED,irrigated,ALL UTILIZATION PRACTICES,1186.0,LB / ACRE,
48371,TX,PECOS,2010,COTTON,UPLAND,IRRIGATED,irrigated,ALL UTILIZATION PRACTICES,1186.0,LB / ACRE,
48371,TX,PECOS,2009,COTTON,UPLAND,IRRIGATED,irrigated,ALL UTILIZATION PRACTICES,1051.0,LB / ACRE,
48371,TX,PECOS,2008,COTTON,UPLAND,IRRIGATED,irrigated,ALL UTILIZATION PRACTICES,1060.0,LB / ACRE,
48095,TX,CONCHO,2018,COTTON,UPLAND,IRRIGATED,irrigated,ALL UTILIZATION PRACTICES,1200.0,LB / ACRE,
48095,TX,CONCHO,2017,COTTON,UPLAND,IRRIGATED,irrigated,ALL UTILIZATION PRACTICES,1173.0,LB / ACRE,
48095,TX,CONCHO,2016,COTTON,UPLAND,IRRIGATED,irrigated,ALL UTILIZATION PRACTICES,1340.0,LB / ACRE,
48095,TX,CONCHO,2015,COTTON,UPLAND,IRRIGATED,irrigated,ALL UTILIZATION PRACTICES,1220.0,LB / ACRE,
48095,TX,CONCHO,2014,COTTON,UPLAND,IRRIGATED,irrigated,ALL UTILIZATION PRACTICES,1286.0,LB / ACRE,
48095,TX,CONCHO,2013,COTTON,UPLAND,IRRIGATED,irrigated,ALL UTILIZATION PRACTICES,678.0,LB / ACRE,
48095,TX,CONCHO,2012,COTTON,UPLAND,IRRIGATED,irrigated,ALL UTILIZATION PRACTICES,459.0,LB / ACRE,
48095,TX,CONCHO,2010,COTTON,UPLAND,IRRIGATED,irrigated,ALL UTILIZATION PRACTICES,868.0,LB / ACRE,
48095,TX,CONCHO,2009,COTTON,UPLAND,IRRIGATED,irrigated,ALL UTILIZATION PRACTICES,864.0,LB / ACRE,
48095,TX,CONCHO,2008,COTTON,UPLAND,IRRIGATED,irrigated,ALL UTILIZATION PRACTICES,1085.0,LB / ACRE,
48383,TX,REAGAN,2017,COTTON,UPLAND,IRRIGATED,irrigated,ALL UTILIZATION PRACTICES,1475.0,LB / ACRE,
48383,TX,REAGAN,2016,COTTON,UPLAND,IRRIGATED,irrigated,ALL UTILIZATION PRACTICES,1227.0,LB / ACRE,
48383,TX,REAGAN,2014,COTTON,UPLAND,IRRIGATED,irrigated,ALL UTILIZATION PRACTICES,1115.0,LB / ACRE,
48383,TX,REAGAN,2012,COTTON,UPLAND,IRRIGATED,irrigated,ALL UTILIZATION PRACTICES,917.0,LB / ACRE,
48383,TX,REAGAN,2010,COTTON,UPLAND,IRRIGATED,irrigated,ALL UTILIZATION PRACTICES,1138.0,LB / ACRE,
48383,TX,REAGAN,2009,COTTON,UPLAND,IRRIGATED,irrigated,ALL UTILIZATION PRACTICES,1157.0,LB / ACRE,
48451,TX,TOM GREEN,2018,COTTON,UPLAND,IRRIGATED,irrigated,ALL UTILIZATION PRACTICES,1031.0,LB / ACRE,
48451,TX,TOM GREEN,2017,COTTON,UPLAND,IRRIGATED,irrigated,ALL UTILIZATION PRACTICES,1206.0,LB / ACRE,
48451,TX,TOM GREEN,2016,COTTON,UPLAND,IRRIGATED,irrigated,ALL UTILIZATION PRACTICES,1319.0,LB / ACRE,
48451,TX,TOM GREEN,2015,COTTON,UPLAND,IRRIGATED,irrigated,ALL UTILIZATION PRACTICES,1032.0,LB / ACRE,
48451,TX,TOM GREEN,2014,COTTON,UPLAND,IRRIGATED,irrigated,ALL UTILIZATION PRACTICES,1393.0,LB / ACRE,
48451,TX,TOM GREEN,2013,COTTON,UPLAND,IRRIGATED,irrigated,ALL UTILIZATION PRACTICES,980.0,LB / ACRE,
48451,TX,TOM GREEN,2012,COTTON,UPLAND,IRRIGATED,irrigated,ALL UTILIZATION PRACTICES,620.0,LB / ACRE,
48451,TX,TOM GREEN,2011,COTTON,UPLAND,IRRIGATED,irrigated,ALL UTILIZATION PRACTICES,597.0,LB / ACRE,
48451,TX,TOM GREEN,2010,COTTON,UPLAND,IRRIGATED,irrigated,ALL UTILIZATION PRACTICES,1157.0,LB / ACRE,
48451,TX,TOM GREEN,2009,COTTON,UPLAND,IRRIGATED,irrigated,ALL UTILIZATION PRACTICES,1087.0,LB / ACRE,
48451,TX,TOM GREEN,2008,COTTON,UPLAND,IRRIGATED,irrigated,ALL UTILIZATION PRACTICES,1205.0,LB / ACRE,
48461,TX,UPTON,2017,COTTON,UPLAND,IRRIGATED,irrigated,ALL UTILIZATION PRACTICES,1294.0,LB / ACRE,
48461,TX,UPTON,2016,COTTON,UPLAND,IRRIGATED,irrigated,ALL UTILIZATION PRACTICES,1455.0,LB / ACRE,
48461,TX,UPTON,2015,COTTON,UPLAND,IRRIGATED,irrigated,ALL UTILIZATION PRACTICES,1154.0,LB / ACRE,
48461,TX,UPTON,2012,COTTON,UPLAND,IRRIGATED,irrigated,ALL UTILIZATION PRACTICES,535.0,LB / ACRE,
48461,TX,UPTON,2010,COTTON,UPLAND,IRRIGATED,irrigated,ALL UTILIZATION PRACTICES,1138.0,LB / ACRE,
48463,TX,UVALDE,2018,COTTON,UPLAND,IRRIGATED,irrigated,ALL UTILIZATION PRACTICES,1242.0,LB / ACRE,
48463,TX,UVALDE,2017,COTTON,UPLAND,IRRIGATED,irrigated,ALL UTILIZATION PRACTICES,1680.0,LB / ACRE,
48463,TX,UVALDE,2012,COTTON,UPLAND,IRRIGATED,irrigated,ALL UTILIZATION PRACTICES,1502.0,LB / ACRE,
48463,TX,UVALDE,2010,COTTON,UPLAND,IRRIGATED,irrigated,ALL UTILIZATION PRACTICES,1265.0,LB / ACRE,
48025,TX,BEE,2011,COTTON,UPLAND,IRRIGATED,irrigated,ALL UTILIZATION PRACTICES,852.0,LB / ACRE,
48025,TX,BEE,2010,COTTON,UPLAND,IRRIGATED,irrigated,ALL UTILIZATION PRACTICES,1064.0,LB / ACRE,
48051,TX,BURLESON,2017,COTTON,UPLAND,IRRIGATED,irrigated,ALL UTILIZATION PRACTICES,1197.0,LB / ACRE,
48051,TX,BURLESON,2013,COTTON,UPLAND,IRRIGATED,irrigated,ALL UTILIZATION PRACTICES,1547.0,LB / ACRE,
48051,TX,BURLESON,2012,COTTON,UPLAND,IRRIGATED,irrigated,ALL UTILIZATION PRACTICES,1426.0,LB / ACRE,
48051,TX,BURLESON,2011,COTTON,UPLAND,IRRIGATED,irrigated,ALL UTILIZATION PRACTICES,941.0,LB / ACRE,
48051,TX,BURLESON,2010,COTTON,UPLAND,IRRIGATED,irrigated,ALL UTILIZATION PRACTICES,1039.0,LB / ACRE,
48051,TX,BURLESON,2009,COTTON,UPLAND,IRRIGATED,irrigated,ALL UTILIZATION PRACTICES,1031.0,LB / ACRE,
48325,TX,MEDINA,2018,COTTON,UPLAND,IRRIGATED,irrigated,ALL UTILIZATION PRACTICES,1615.0,LB / ACRE,
48325,TX,MEDINA,2017,COTTON,UPLAND,IRRIGATED,irrigated,ALL UTILIZATION PRACTICES,1687.0,LB / ACRE,
48325,TX,MEDINA,2015,COTTON,UPLAND,IRRIGATED,irrigated,ALL UTILIZATION PRACTICES,1639.0,LB / ACRE,
48325,TX,MEDINA,2014,COTTON,UPLAND,IRRIGATED,irrigated,ALL UTILIZATION PRACTICES,1708.0,LB / ACRE,
48325,TX,MEDINA,2013,COTTON,UPLAND,IRRIGATED,irrigated,ALL UTILIZATION PRACTICES,1712.0,LB / ACRE,
48325,TX,MEDINA,2012,COTTON,UPLAND,IRRIGATED,irrigated,ALL UTILIZATION PRACTICES,1347.0,LB / ACRE,
48325,TX,MEDINA,2010,COTTON,UPLAND,IRRIGATED,irrigated,ALL UTILIZATION PRACTICES,1308.0,LB / ACRE,
48409,TX,SAN PATRICIO,2009,COTTON,UPLAND,IRRIGATED,irrigated,ALL UTILIZATION PRACTICES,692.0,LB / ACRE,
48157,TX,FORT BEND,2011,COTTON,UPLAND,IRRIGATED,irrigated,ALL UTILIZATION PRACTICES,640.0,LB / ACRE,
48481,TX,WHARTON,2018,COTTON,UPLAND,IRRIGATED,irrigated,ALL UTILIZATION PRACTICES,1068.0,LB / ACRE,
48481,TX,WHARTON,2014,COTTON,UPLAND,IRRIGATED,irrigated,ALL UTILIZATION PRACTICES,1455.0,LB / ACRE,
48481,TX,WHARTON,2011,COTTON,UPLAND,IRRIGATED,irrigated,ALL UTILIZATION PRACTICES,998.0,LB / ACRE,
48481,TX,WHARTON,2010,COTTON,UPLAND,IRRIGATED,irrigated,ALL UTILIZATION PRACTICES,864.0,LB / ACRE,
48481,TX,WHARTON,2009,COTTON,UPLAND,IRRIGATED,irrigated,ALL UTILIZATION PRACTICES,1034.0,LB / ACRE,
48061,TX,CAMERON,2018,COTTON,UPLAND,IRRIGATED,irrigated,ALL UTILIZATION PRACTICES,1104.0,LB / ACRE,
48061,TX,CAMERON,2017,COTTON,UPLAND,IRRIGATED,irrigated,ALL UTILIZATION PRACTICES,1076.0,LB / ACRE,
48061,TX,CAMERON,2016,COTTON,UPLAND,IRRIGATED,irrigated,ALL UTILIZATION PRACTICES,1271.0,LB / ACRE,
48061,TX,CAMERON,2014,COTTON,UPLAND,IRRIGATED,irrigated,ALL UTILIZATION PRACTICES,1386.0,LB / ACRE,
48061,TX,CAMERON,2013,COTTON,UPLAND,IRRIGATED,irrigated,ALL UTILIZATION PRACTICES,1121.0,LB / ACRE,
48061,TX,CAMERON,2012,COTTON,UPLAND,IRRIGATED,irrigated,ALL UTILIZATION PRACTICES,1080.0,LB / ACRE,
48061,TX,CAMERON,2011,COTTON,UPLAND,IRRIGATED,irrigated,ALL UTILIZATION PRACTICES,976.0,LB / ACRE,
48061,TX,CAMERON,2010,COTTON,UPLAND,IRRIGATED,irrigated,ALL UTILIZATION PRACTICES,836.0,LB / ACRE,
48061,TX,CAMERON,2009,COTTON,UPLAND,IRRIGATED,irrigated,ALL UTILIZATION PRACTICES,831.0,LB / ACRE,
48215,TX,HIDALGO,2018,COTTON,UPLAND,IRRIGATED,irrigated,ALL UTILIZATION PRACTICES,1150.0,LB / ACRE,
48215,TX,HIDALGO,2017,COTTON,UPLAND,IRRIGATED,irrigated,ALL UTILIZATION PRACTICES,1414.0,LB / ACRE,
48215,TX,HIDALGO,2015,COTTON,UPLAND,IRRIGATED,irrigated,ALL UTILIZATION PRACTICES,1120.0,LB / ACRE,
48215,TX,HIDALGO,2012,COTTON,UPLAND,IRRIGATED,irrigated,ALL UTILIZATION PRACTICES,1199.0,LB / ACRE,
48215,TX,HIDALGO,2010,COTTON,UPLAND,IRRIGATED,irrigated,ALL UTILIZATION PRACTICES,1009.0,LB / ACRE,
48489,TX,WILLACY,2014,COTTON,UPLAND,IRRIGATED,irrigated,ALL UTILIZATION PRACTICES,1187.0,LB / ACRE,
48489,TX,WILLACY,2010,COTTON,UPLAND,IRRIGATED,irrigated,ALL UTILIZATION PRACTICES,1108.0,LB / ACRE,
48011,TX,ARMSTRONG,2017,COTTON,UPLAND,NON-IRRIGATED,non_irrigated,ALL UTILIZATION PRACTICES,602.0,LB / ACRE,
48045,TX,BRISCOE,2017,COTTON,UPLAND,NON-IRRIGATED,non_irrigated,ALL UTILIZATION PRACTICES,554.0,LB / ACRE,
48045,TX,BRISCOE,2016,COTTON,UPLAND,NON-IRRIGATED,non_irrigated,ALL UTILIZATION PRACTICES,579.0,LB / ACRE,
48045,TX,BRISCOE,2015,COTTON,UPLAND,NON-IRRIGATED,non_irrigated,ALL UTILIZATION PRACTICES,624.0,LB / ACRE,
48045,TX,BRISCOE,2014,COTTON,UPLAND,NON-IRRIGATED,non_irrigated,ALL UTILIZATION PRACTICES,418.0,LB / ACRE,
48045,TX,BRISCOE,2013,COTTON,UPLAND,NON-IRRIGATED,non_irrigated,ALL UTILIZATION PRACTICES,435.0,LB / ACRE,
48045,TX,BRISCOE,2010,COTTON,UPLAND,NON-IRRIGATED,non_irrigated,ALL UTILIZATION PRACTICES,494.0,LB / ACRE,
48045,TX,BRISCOE,2009,COTTON,UPLAND,NON-IRRIGATED,non_irrigated,ALL UTILIZATION PRACTICES,416.0,LB / ACRE,
48065,TX,CARSON,2016,COTTON,UPLAND,NON-IRRIGATED,non_irrigated,ALL UTILIZATION PRACTICES,866.0,LB / ACRE,
48065,TX,CARSON,2015,COTTON,UPLAND,NON-IRRIGATED,non_irrigated,ALL UTILIZATION PRACTICES,653.0,LB / ACRE,
48065,TX,CARSON,2013,COTTON,UPLAND,NON-IRRIGATED,non_irrigated,ALL UTILIZATION PRACTICES,469.0,LB / ACRE,
48065,TX,CARSON,2012,COTTON,UPLAND,NON-IRRIGATED,non_irrigated,ALL UTILIZATION PRACTICES,383.0,LB / ACRE,
48065,TX,CARSON,2010,COTTON,UPLAND,NON-IRRIGATED,non_irrigated,ALL UTILIZATION PRACTICES,641.0,LB / ACRE,
48065,TX,CARSON,2008,COTTON,UPLAND,NON-IRRIGATED,non_irrigated,ALL UTILIZATION PRACTICES,480.0,LB / ACRE,
48069,TX,CASTRO,2015,COTTON,UPLAND,NON-IRRIGATED,non_irrigated,ALL UTILIZATION PRACTICES,652.0,LB / ACRE,
48069,TX,CASTRO,2012,COTTON,UPLAND,NON-IRRIGATED,non_irrigated,ALL UTILIZATION PRACTICES,213.0,LB / ACRE,
48069,TX,CASTRO,2010,COTTON,UPLAND,NON-IRRIGATED,non_irrigated,ALL UTILIZATION PRACTICES,542.0,LB / ACRE,
48069,TX,CASTRO,2009,COTTON,UPLAND,NON-IRRIGATED,non_irrigated,ALL UTILIZATION PRACTICES,408.0,LB / ACRE,
48117,TX,DEAF SMITH,2017,COTTON,UPLAND,NON-IRRIGATED,non_irrigated,ALL UTILIZATION PRACTICES,699.0,LB / ACRE,
48117,TX,DEAF SMITH,2010,COTTON,UPLAND,NON-IRRIGATED,non_irrigated,ALL UTILIZATION PRACTICES,573.0,LB / ACRE,
48117,TX,DEAF SMITH,2008,COTTON,UPLAND,NON-IRRIGATED,non_irrigated,ALL UTILIZATION PRACTICES,549.0,LB / ACRE,
48153,TX,FLOYD,2018,COTTON,UPLAND,NON-IRRIGATED,non_irrigated,ALL UTILIZATION PRACTICES,341.0,LB / ACRE,
48153,TX,FLOYD,2017,COTTON,UPLAND,NON-IRRIGATED,non_irrigated,ALL UTILIZATION PRACTICES,738.0,LB / ACRE,
48153,TX,FLOYD,2016,COTTON,UPLAND,NON-IRRIGATED,non_irrigated,ALL UTILIZATION PRACTICES,527.0,LB / ACRE,
48153,TX,FLOYD,2015,COTTON,UPLAND,NON-IRRIGATED,non_irrigated,ALL UTILIZATION PRACTICES,476.0,LB / ACRE,
48153,TX,FLOYD,2014,COTTON,UPLAND,NON-IRRIGATED,non_irrigated,ALL UTILIZATION PRACTICES,478.0,LB / ACRE,
48153,TX,FLOYD,2013,COTTON,UPLAND,NON-IRRIGATED,non_irrigated,ALL UTILIZATION PRACTICES,345.0,LB / ACRE,
48153,TX,FLOYD,2012,COTTON,UPLAND,NON-IRRIGATED,non_irrigated,ALL UTILIZATION PRACTICES,302.0,LB / ACRE,
48153,TX,FLOYD,2010,COTTON,UPLAND,NON-IRRIGATED,non_irrigated,ALL UTILIZATION PRACTICES,604.0,LB / ACRE,
48153,TX,FLOYD,2009,COTTON,UPLAND,NON-IRRIGATED,non_irrigated,ALL UTILIZATION PRACTICES,425.0,LB / ACRE,
48153,TX,FLOYD,2008,COTTON,UPLAND,NON-IRRIGATED,non_irrigated,ALL UTILIZATION PRACTICES,361.0,LB / ACRE,
48179,TX,GRAY,2014,COTTON,UPLAND,NON-IRRIGATED,non_irrigated,ALL UTILIZATION PRACTICES,382.0,LB / ACRE,
48179,TX,GRAY,2012,COTTON,UPLAND,NON-IRRIGATED,non_irrigated,ALL UTILIZATION PRACTICES,284.0,LB / ACRE,
48179,TX,GRAY,2010,COTTON,UPLAND,NON-IRRIGATED,non_irrigated,ALL UTILIZATION PRACTICES,501.0,LB / ACRE,
48179,TX,GRAY,2009,COTTON,UPLAND,NON-IRRIGATED,non_irrigated,ALL UTILIZATION PRACTICES,591.0,LB / ACRE,
48189,TX,HALE,2018,COTTON,UPLAND,NON-IRRIGATED,non_irrigated,ALL UTILIZATION PRACTICES,511.0,LB / ACRE,
48189,TX,HALE,2017,COTTON,UPLAND,NON-IRRIGATED,non_irrigated,ALL UTILIZATION PRACTICES,649.0,LB / ACRE,
48189,TX,HALE,2016,COTTON,UPLAND,NON-IRRIGATED,non_irrigated,ALL UTILIZATION PRACTICES,562.0,LB / ACRE,
48189,TX,HALE,2014,COTTON,UPLAND,NON-IRRIGATED,non_irrigated,ALL UTILIZATION PRACTICES,320.0,LB / ACRE,
48189,TX,HALE,2010,COTTON,UPLAND,NON-IRRIGATED,non_irrigated,ALL UTILIZATION PRACTICES,650.0,LB / ACRE,
48189,TX,HALE,2009,COTTON,UPLAND,NON-IRRIGATED,non_irrigated,ALL UTILIZATION PRACTICES,392.0,LB / ACRE,
48189,TX,HALE,2008,COTTON,UPLAND,NON-IRRIGATED,non_irrigated,ALL UTILIZATION PRACTICES,346.0,LB / ACRE,
48341,TX,MOORE,2017,COTTON,UPLAND,NON-IRRIGATED,non_irrigated,ALL UTILIZATION PRACTICES,752.0,LB / ACRE,
48341,TX,MOORE,2012,COTTON,UPLAND,NON-IRRIGATED,non_irrigated,ALL UTILIZATION PRACTICES,283.0,LB / ACRE,
48341,TX,MOORE,2010,COTTON,UPLAND,NON-IRRIGATED,non_irrigated,ALL UTILIZATION PRACTICES,579.0,LB / ACRE,
48341,TX,MOORE,2009,COTTON,UPLAND,NON-IRRIGATED,non_irrigated,ALL UTILIZATION PRACTICES,512.0,LB / ACRE,
48341,TX,MOORE,2008,COTTON,UPLAND,NON-IRRIGATED,non_irrigated,ALL UTILIZATION PRACTICES,455.0,LB / ACRE,
48357,TX,OCHILTREE,2018,COTTON,UPLAND,NON-IRRIGATED,non_irrigated,ALL UTILIZATION PRACTICES,745.0,LB / ACRE,
48357,TX,OCHILTREE,2016,COTTON,UPLAND,NON-IRRIGATED,non_irrigated,ALL UTILIZATION PRACTICES,621.0,LB / ACRE,
48357,TX,OCHILTREE,2010,COTTON,UPLAND,NON-IRRIGATED,non_irrigated,ALL UTILIZATION PRACTICES,640.0,LB / ACRE,
48369,TX,PARMER,2018,COTTON,UPLAND,NON-IRRIGATED,non_irrigated,ALL UTILIZATION PRACTICES,604.0,LB / ACRE,
48369,TX,PARMER,2016,COTTON,UPLAND,NON-IRRIGATED,non_irrigated,ALL UTILIZATION PRACTICES,746.0,LB / ACRE,
48369,TX,PARMER,2015,COTTON,UPLAND,NON-IRRIGATED,non_irrigated,ALL UTILIZATION PRACTICES,482.0,LB / ACRE,
48369,TX,PARMER,2014,COTTON,UPLAND,NON-IRRIGATED,non_irrigated,ALL UTILIZATION PRACTICES,298.0,LB / ACRE,
48369,TX,PARMER,2012,COTTON,UPLAND,NON-IRRIGATED,non_irrigated,ALL UTILIZATION PRACTICES,178.0,LB / ACRE,
48369,TX,PARMER,2010,COTTON,UPLAND,NON-IRRIGATED,non_irrigated,ALL UTILIZATION PRACTICES,530.0,LB / ACRE,
48369,TX,PARMER,2009,COTTON,UPLAND,NON-IRRIGATED,non_irrigated,ALL UTILIZATION PRACTICES,517.0,LB / ACRE,
48381,TX,RANDALL,2017,COTTON,UPLAND,NON-IRRIGATED,non_irrigated,ALL UTILIZATION PRACTICES,825.0,LB / ACRE,
48421,TX,SHERMAN,2017,COTTON,UPLAND,NON-IRRIGATED,non_irrigated,ALL UTILIZATION PRACTICES,794.0,LB / ACRE,
48421,TX,SHERMAN,2016,COTTON,UPLAND,NON-IRRIGATED,non_irrigated,ALL UTILIZATION PRACTICES,892.0,LB / ACRE,
48437,TX,SWISHER,2018,COTTON,UPLAND,NON-IRRIGATED,non_irrigated,ALL UTILIZATION PRACTICES,306.0,LB / ACRE,
48437,TX,SWISHER,2017,COTTON,UPLAND,NON-IRRIGATED,non_irrigated,ALL UTILIZATION PRACTICES,838.0,LB / ACRE,
48437,TX,SWISHER,2015,COTTON,UPLAND,NON-IRRIGATED,non_irrigated,ALL UTILIZATION PRACTICES,743.0,LB / ACRE,
48437,TX,SWISHER,2014,COTTON,UPLAND,NON-IRRIGATED,non_irrigated,ALL UTILIZATION PRACTICES,326.0,LB / ACRE,
48437,TX,SWISHER,2013,COTTON,UPLAND,NON-IRRIGATED,non_irrigated,ALL UTILIZATION PRACTICES,199.0,LB / ACRE,
48437,TX,SWISHER,2012,COTTON,UPLAND,NON-IRRIGATED,non_irrigated,ALL UTILIZATION PRACTICES,338.0,LB / ACRE,
48437,TX,SWISHER,2010,COTTON,UPLAND,NON-IRRIGATED,non_irrigated,ALL UTILIZATION PRACTICES,644.0,LB / ACRE,
48437,TX,SWISHER,2009,COTTON,UPLAND,NON-IRRIGATED,non_irrigated,ALL UTILIZATION PRACTICES,325.0,LB / ACRE,
48437,TX,SWISHER,2008,COTTON,UPLAND,NON-IRRIGATED,non_irrigated,ALL UTILIZATION PRACTICES,496.0,LB / ACRE,
48003,TX,ANDREWS,2010,COTTON,UPLAND,NON-IRRIGATED,non_irrigated,ALL UTILIZATION PRACTICES,250.0,LB / ACRE,
48017,TX,BAILEY,2017,COTTON,UPLAND,NON-IRRIGATED,non_irrigated,ALL UTILIZATION PRACTICES,586.0,LB / ACRE,
48017,TX,BAILEY,2016,COTTON,UPLAND,NON-IRRIGATED,non_irrigated,ALL UTILIZATION PRACTICES,584.0,LB / ACRE,
48017,TX,BAILEY,2015,COTTON,UPLAND,NON-IRRIGATED,non_irrigated,ALL UTILIZATION PRACTICES,533.0,LB / ACRE,
48017,TX,BAILEY,2014,COTTON,UPLAND,NON-IRRIGATED,non_irrigated,ALL UTILIZATION PRACTICES,280.0,LB / ACRE,
48017,TX,BAILEY,2010,COTTON,UPLAND,NON-IRRIGATED,non_irrigated,ALL UTILIZATION PRACTICES,616.0,LB / ACRE,
48017,TX,BAILEY,2009,COTTON,UPLAND,NON-IRRIGATED,non_irrigated,ALL UTILIZATION PRACTICES,243.0,LB / ACRE,
48017,TX,BAILEY,2008,COTTON,UPLAND,NON-IRRIGATED,non_irrigated,ALL UTILIZATION PRACTICES,290.0,LB / ACRE,
48079,TX,COCHRAN,2018,COTTON,UPLAND,NON-IRRIGATED,non_irrigated,ALL UTILIZATION PRACTICES,393.0,LB / ACRE,
48079,TX,COCHRAN,2010,COTTON,UPLAND,NON-IRRIGATED,non_irrigated,ALL UTILIZATION PRACTICES,493.0,LB / ACRE,
48079,TX,COCHRAN,2009,COTTON,UPLAND,NON-IRRIGATED,non_irrigated,ALL UTILIZATION PRACTICES,438.0,LB / ACRE,
48079,TX,COCHRAN,2008,COTTON,UPLAND,NON-IRRIGATED,non_irrigated,ALL UTILIZATION PRACTICES,353.0,LB / ACRE,
48107,TX,CROSBY,2018,COTTON,UPLAND,NON-IRRIGATED,non_irrigated,ALL UTILIZATION PRACTICES,212.0,LB / ACRE,
48107,TX,CROSBY,2017,COTTON,UPLAND,NON-IRRIGATED,non_irrigated,ALL UTILIZATION PRACTICES,500.0,LB / ACRE,
48107,TX,CROSBY,2016,COTTON,UPLAND,NON-IRRIGATED,non_irrigated,ALL UTILIZATION PRACTICES,483.0,LB / ACRE,
48107,TX,CROSBY,2015,COTTON,UPLAND,NON-IRRIGATED,non_irrigated,ALL UTILIZATION PRACTICES,434.0,LB / ACRE,
48107,TX,CROSBY,2014,COTTON,UPLAND,NON-IRRIGATED,non_irrigated,ALL UTILIZATION PRACTICES,382.0,LB / ACRE,
48107,TX,CROSBY,2013,COTTON,UPLAND,NON-IRRIGATED,non_irrigated,ALL UTILIZATION PRACTICES,342.0,LB / ACRE,
48107,TX,CROSBY,2012,COTTON,UPLAND,NON-IRRIGATED,non_irrigated,ALL UTILIZATION PRACTICES,317.0,LB / ACRE,
48107,TX,CROSBY,2010,COTTON,UPLAND,NON-IRRIGATED,non_irrigated,ALL UTILIZATION PRACTICES,469.0,LB / ACRE,
48107,TX,CROSBY,2009,COTTON,UPLAND,NON-IRRIGATED,non_irrigated,ALL UTILIZATION PRACTICES,342.0,LB / ACRE,
48107,TX,CROSBY,2008,COTTON,UPLAND,NON-IRRIGATED,non_irrigated,ALL UTILIZATION PRACTICES,307.0,LB / ACRE,
48115,TX,DAWSON,2018,COTTON,UPLAND,NON-IRRIGATED,non_irrigated,ALL UTILIZATION PRACTICES,482.0,LB / ACRE,
48115,TX,DAWSON,2017,COTTON,UPLAND,NON-IRRIGATED,non_irrigated,ALL UTILIZATION PRACTICES,476.0,LB / ACRE,
48115,TX,DAWSON,2016,COTTON,UPLAND,NON-IRRIGATED,non_irrigated,ALL UTILIZATION PRACTICES,440.0,LB / ACRE,
48115,TX,DAWSON,2015,COTTON,UPLAND,NON-IRRIGATED,non_irrigated,ALL UTILIZATION PRACTICES,415.0,LB / ACRE,
48115,TX,DAWSON,2014,COTTON,UPLAND,NON-IRRIGATED,non_irrigated,ALL UTILIZATION PRACTICES,299.0,LB / ACRE,
48115,TX,DAWSON,2012,COTTON,UPLAND,NON-IRRIGATED,non_irrigated,ALL UTILIZATION PRACTICES,305.0,LB / ACRE,
48115,TX,DAWSON,2010,COTTON,UPLAND,NON-IRRIGATED,non_irrigated,ALL UTILIZATION PRACTICES,447.0,LB / ACRE,
48115,TX,DAWSON,2009,COTTON,UPLAND,NON-IRRIGATED,non_irrigated,ALL UTILIZATION PRACTICES,365.0,LB / ACRE,
48115,TX,DAWSON,2008,COTTON,UPLAND,NON-IRRIGATED,non_irrigated,ALL UTILIZATION PRACTICES,328.0,LB / ACRE,
48165,TX,GAINES,2018,COTTON,UPLAND,NON-IRRIGATED,non_irrigated,ALL UTILIZATION PRACTICES,423.0,LB / ACRE,
48165,TX,GAINES,2017,COTTON,UPLAND,NON-IRRIGATED,non_irrigated,ALL UTILIZATION PRACTICES,390.0,LB / ACRE,
48165,TX,GAINES,2016,COTTON,UPLAND,NON-IRRIGATED,non_irrigated,ALL UTILIZATION PRACTICES,388.0,LB / ACRE,
48165,TX,GAINES,2015,COTTON,UPLAND,NON-IRRIGATED,non_irrigated,ALL UTILIZATION PRACTICES,419.0,LB / ACRE,
48165,TX,GAINES,2014,COTTON,UPLAND,NON-IRRIGATED,non_irrigated,ALL UTILIZATION PRACTICES,259.0,LB / ACRE,
48165,TX,GAINES,2010,COTTON,UPLAND,NON-IRRIGATED,non_irrigated,ALL UTILIZATION PRACTICES,408.0,LB / ACRE,
48165,TX,GAINES,2009,COTTON,UPLAND,NON-IRRIGATED,non_irrigated,ALL UTILIZATION PRACTICES,306.0,LB / ACRE,
48165,TX,GAINES,2008,COTTON,UPLAND,NON-IRRIGATED,non_irrigated,ALL UTILIZATION PRACTICES,438.0,LB / ACRE,
48173,TX,GLASSCOCK,2017,COTTON,UPLAND,NON-IRRIGATED,non_irrigated,ALL UTILIZATION PRACTICES,370.0,LB / ACRE,
48173,TX,GLASSCOCK,2016,COTTON,UPLAND,NON-IRRIGATED,non_irrigated,ALL UTILIZATION PRACTICES,360.0,LB / ACRE,
48173,TX,GLASSCOCK,2015,COTTON,UPLAND,NON-IRRIGATED,non_irrigated,ALL UTILIZATION PRACTICES,287.0,LB / ACRE,
48173,TX,GLASSCOCK,2014,COTTON,UPLAND,NON-IRRIGATED,non_irrigated,ALL UTILIZATION PRACTICES,278.0,LB / ACRE,
48173,TX,GLASSCOCK,2013,COTTON,UPLAND,NON-IRRIGATED,non_irrigated,ALL UTILIZATION PRACTICES,192.0,LB / ACRE,
48173,TX,GLASSCOCK,2012,COTTON,UPLAND,NON-IRRIGATED,non_irrigated,ALL UTILIZATION PRACTICES,218.0,LB / ACRE,
48173,TX,GLASSCOCK,2010,COTTON,UPLAND,NON-IRRIGATED,non_irrigated,ALL UTILIZATION PRACTICES,372.0,LB / ACRE,
48173,TX,GLASSCOCK,2009,COTTON,UPLAND,NON-IRRIGATED,non_irrigated,ALL UTILIZATION PRACTICES,307.0,LB / ACRE,
48173,TX,GLASSCOCK,2008,COTTON,UPLAND,NON-IRRIGATED,non_irrigated,ALL UTILIZATION PRACTICES,305.0,LB / ACRE,
48219,TX,HOCKLEY,2017,COTTON,UPLAND,NON-IRRIGATED,non_irrigated,ALL UTILIZATION PRACTICES,443.0,LB / ACRE,
48219,TX,HOCKLEY,2016,COTTON,UPLAND,NON-IRRIGATED,non_irrigated,ALL UTILIZATION PRACTICES,529.0,LB / ACRE,
48219,TX,HOCKLEY,2015,COTTON,UPLAND,NON-IRRIGATED,non_irrigated,ALL UTILIZATION PRACTICES,436.0,LB / ACRE,
48219,TX,HOCKLEY,2014,COTTON,UPLAND,NON-IRRIGATED,non_irrigated,ALL UTILIZATION PRACTICES,260.0,LB / ACRE,
48219,TX,HOCKLEY,2012,COTTON,UPLAND,NON-IRRIGATED,non_irrigated,ALL UTILIZATION PRACTICES,217.0,LB / ACRE,
48219,TX,HOCKLEY,2010,COTTON,UPLAND,NON-IRRIGATED,non_irrigated,ALL UTILIZATION PRACTICES,495.0,LB / ACRE,
48219,TX,HOCKLEY,2009,COTTON,UPLAND,NON-IRRIGATED,non_irrigated,ALL UTILIZATION PRACTICES,335.0,LB / ACRE,
48219,TX,HOCKLEY,2008,COTTON,UPLAND,NON-IRRIGATED,non_irrigated,ALL UTILIZATION PRACTICES,369.0,LB / ACRE,
48227,TX,HOWARD,2016,COTTON,UPLAND,NON-IRRIGATED,non_irrigated,ALL UTILIZATION PRACTICES,441.0,LB / ACRE,
48227,TX,HOWARD,2015,COTTON,UPLAND,NON-IRRIGATED,non_irrigated,ALL UTILIZATION PRACTICES,296.0,LB / ACRE,
48227,TX,HOWARD,2014,COTTON,UPLAND,NON-IRRIGATED,non_irrigated,ALL UTILIZATION PRACTICES,250.0,LB / ACRE,
48227,TX,HOWARD,2010,COTTON,UPLAND,NON-IRRIGATED,non_irrigated,ALL UTILIZATION PRACTICES,439.0,LB / ACRE,
48227,TX,HOWARD,2009,COTTON,UPLAND,NON-IRRIGATED,non_irrigated,ALL UTILIZATION PRACTICES,397.0,LB / ACRE,
48227,TX,HOWARD,2008,COTTON,UPLAND,NON-IRRIGATED,non_irrigated,ALL UTILIZATION PRACTICES,227.0,LB / ACRE,
48279,TX,LAMB,2017,COTTON,UPLAND,NON-IRRIGATED,non_irrigated,ALL UTILIZATION PRACTICES,613.0,LB / ACRE,
48279,TX,LAMB,2016,COTTON,UPLAND,NON-IRRIGATED,non_irrigated,ALL UTILIZATION PRACTICES,607.0,LB / ACRE,
48279,TX,LAMB,2015,COTTON,UPLAND,NON-IRRIGATED,non_irrigated,ALL UTILIZATION PRACTICES,485.0,LB / ACRE,
48279,TX,LAMB,2014,COTTON,UPLAND,NON-IRRIGATED,non_irrigated,ALL UTILIZATION PRACTICES,429.0,LB / ACRE,
48279,TX,LAMB,2013,COTTON,UPLAND,NON-IRRIGATED,non_irrigated,ALL UTILIZATION PRACTICES,374.0,LB / ACRE,
48279,TX,LAMB,2012,COTTON,UPLAND,NON-IRRIGATED,non_irrigated,ALL UTILIZATION PRACTICES,248.0,LB / ACRE,
48279,TX,LAMB,2010,COTTON,UPLAND,NON-IRRIGATED,non_irrigated,ALL UTILIZATION PRACTICES,645.0,LB / ACRE,
48279,TX,LAMB,2009,COTTON,UPLAND,NON-IRRIGATED,non_irrigated,ALL UTILIZATION PRACTICES,424.0,LB / ACRE,
48279,TX,LAMB,2008,COTTON,UPLAND,NON-IRRIGATED,non_irrigated,ALL UTILIZATION PRACTICES,531.0,LB / ACRE,
48303,TX,LUBBOCK,2018,COTTON,UPLAND,NON-IRRIGATED,non_irrigated,ALL UTILIZATION PRACTICES,305.0,LB / ACRE,
48303,TX,LUBBOCK,2017,COTTON,UPLAND,NON-IRRIGATED,non_irrigated,ALL UTILIZATION PRACTICES,492.0,LB / ACRE,
48303,TX,LUBBOCK,2016,COTTON,UPLAND,NON-IRRIGATED,non_irrigated,ALL UTILIZATION PRACTICES,633.0,LB / ACRE,
48303,TX,LUBBOCK,2015,COTTON,UPLAND,NON-IRRIGATED,non_irrigated,ALL UTILIZATION PRACTICES,545.0,LB / ACRE,
48303,TX,LUBBOCK,2014,COTTON,UPLAND,NON-IRRIGATED,non_irrigated,ALL UTILIZATION PRACTICES,327.0,LB / ACRE,
48303,TX,LUBBOCK,2013,COTTON,UPLAND,NON-IRRIGATED,non_irrigated,ALL UTILIZATION PRACTICES,435.0,LB / ACRE,
48303,TX,LUBBOCK,2012,COTTON,UPLAND,NON-IRRIGATED,non_irrigated,ALL UTILIZATION PRACTICES,273.0,LB / ACRE,
48303,TX,LUBBOCK,2010,COTTON,UPLAND,NON-IRRIGATED,non_irrigated,ALL UTILIZATION PRACTICES,575.0,LB / ACRE,
48303,TX,LUBBOCK,2009,COTTON,UPLAND,NON-IRRIGATED,non_irrigated,ALL UTILIZATION PRACTICES,367.0,LB / ACRE,
48303,TX,LUBBOCK,2008,COTTON,UPLAND,NON-IRRIGATED,non_irrigated,ALL UTILIZATION PRACTICES,468.0,LB / ACRE,
48305,TX,LYNN,2018,COTTON,UPLAND,NON-IRRIGATED,non_irrigated,ALL UTILIZATION PRACTICES,346.0,LB / ACRE,
48305,TX,LYNN,2017,COTTON,UPLAND,NON-IRRIGATED,non_irrigated,ALL UTILIZATION PRACTICES,504.0,LB / ACRE,
48305,TX,LYNN,2016,COTTON,UPLAND,NON-IRRIGATED,non_irrigated,ALL UTILIZATION PRACTICES,536.0,LB / ACRE,
48305,TX,LYNN,2015,COTTON,UPLAND,NON-IRRIGATED,non_irrigated,ALL UTILIZATION PRACTICES,556.0,LB / ACRE,
48305,TX,LYNN,2014,COTTON,UPLAND,NON-IRRIGATED,non_irrigated,ALL UTILIZATION PRACTICES,323.0,LB / ACRE,
48305,TX,LYNN,2013,COTTON,UPLAND,NON-IRRIGATED,non_irrigated,ALL UTILIZATION PRACTICES,338.0,LB / ACRE,
48305,TX,LYNN,2012,COTTON,UPLAND,NON-IRRIGATED,non_irrigated,ALL UTILIZATION PRACTICES,304.0,LB / ACRE,
48305,TX,LYNN,2010,COTTON,UPLAND,NON-IRRIGATED,non_irrigated,ALL UTILIZATION PRACTICES,442.0,LB / ACRE,
48305,TX,LYNN,2009,COTTON,UPLAND,NON-IRRIGATED,non_irrigated,ALL UTILIZATION PRACTICES,419.0,LB / ACRE,
48305,TX,LYNN,2008,COTTON,UPLAND,NON-IRRIGATED,non_irrigated,ALL UTILIZATION PRACTICES,354.0,LB / ACRE,
48317,TX,MARTIN,2018,COTTON,UPLAND,NON-IRRIGATED,non_irrigated,ALL UTILIZATION PRACTICES,355.0,LB / ACRE,
48317,TX,MARTIN,2017,COTTON,UPLAND,NON-IRRIGATED,non_irrigated,ALL UTILIZATION PRACTICES,463.0,LB / ACRE,
48317,TX,MARTIN,2016,COTTON,UPLAND,NON-IRRIGATED,non_irrigated,ALL UTILIZATION PRACTICES,447.0,LB / ACRE,
48317,TX,MARTIN,2015,COTTON,UPLAND,NON-IRRIGATED,non_irrigated,ALL UTILIZATION PRACTICES,354.0,LB / ACRE,
48317,TX,MARTIN,2013,COTTON,UPLAND,NON-IRRIGATED,non_irrigated,ALL UTILIZATION PRACTICES,243.0,LB / ACRE,
48317,TX,MARTIN,2012,COTTON,UPLAND,NON-IRRIGATED,non_irrigated,ALL UTILIZATION PRACTICES,372.0,LB / ACRE,
48317,TX,MARTIN,2010,COTTON,UPLAND,NON-IRRIGATED,non_irrigated,ALL UTILIZATION PRACTICES,441.0,LB / ACRE,
48317,TX,MARTIN,2009,COTTON,UPLAND,NON-IRRIGATED,non_irrigated,ALL UTILIZATION PRACTICES,417.0,LB / ACRE,
48317,TX,MARTIN,2008,COTTON,UPLAND,NON-IRRIGATED,non_irrigated,ALL UTILIZATION PRACTICES,397.0,LB / ACRE,
48329,TX,MIDLAND,2010,COTTON,UPLAND,NON-IRRIGATED,non_irrigated,ALL UTILIZATION PRACTICES,331.0,LB / ACRE,
48445,TX,TERRY,2017,COTTON,UPLAND,NON-IRRIGATED,non_irrigated,ALL UTILIZATION PRACTICES,503.0,LB / ACRE,
48445,TX,TERRY,2016,COTTON,UPLAND,NON-IRRIGATED,non_irrigated,ALL UTILIZATION PRACTICES,460.0,LB / ACRE,
48445,TX,TERRY,2014,COTTON,UPLAND,NON-IRRIGATED,non_irrigated,ALL UTILIZATION PRACTICES,216.0,LB / ACRE,
48445,TX,TERRY,2013,COTTON,UPLAND,NON-IRRIGATED,non_irrigated,ALL UTILIZATION PRACTICES,209.0,LB / ACRE,
48445,TX,TERRY,2012,COTTON,UPLAND,NON-IRRIGATED,non_irrigated,ALL UTILIZATION PRACTICES,246.0,LB / ACRE,
48445,TX,TERRY,2010,COTTON,UPLAND,NON-IRRIGATED,non_irrigated,ALL UTILIZATION PRACTICES,364.0,LB / ACRE,
48445,TX,TERRY,2009,COTTON,UPLAND,NON-IRRIGATED,non_irrigated,ALL UTILIZATION PRACTICES,237.0,LB / ACRE,
48445,TX,TERRY,2008,COTTON,UPLAND,NON-IRRIGATED,non_irrigated,ALL UTILIZATION PRACTICES,379.0,LB / ACRE,
48501,TX,YOAKUM,2018,COTTON,UPLAND,NON-IRRIGATED,non_irrigated,ALL UTILIZATION PRACTICES,409.0,LB / ACRE,
48501,TX,YOAKUM,2015,COTTON,UPLAND,NON-IRRIGATED,non_irrigated,ALL UTILIZATION PRACTICES,486.0,LB / ACRE,
48501,TX,YOAKUM,2013,COTTON,UPLAND,NON-IRRIGATED,non_irrigated,ALL UTILIZATION PRACTICES,257.0,LB / ACRE,
48501,TX,YOAKUM,2012,COTTON,UPLAND,NON-IRRIGATED,non_irrigated,ALL UTILIZATION PRACTICES,198.0,LB / ACRE,
48501,TX,YOAKUM,2010,COTTON,UPLAND,NON-IRRIGATED,non_irrigated,ALL UTILIZATION PRACTICES,314.0,LB / ACRE,
48501,TX,YOAKUM,2009,COTTON,UPLAND,NON-IRRIGATED,non_irrigated,ALL UTILIZATION PRACTICES,209.0,LB / ACRE,
48033,TX,BORDEN,2009,COTTON,UPLAND,NON-IRRIGATED,non_irrigated,ALL UTILIZATION PRACTICES,357.0,LB / ACRE,
48075,TX,CHILDRESS,2018,COTTON,UPLAND,NON-IRRIGATED,non_irrigated,ALL UTILIZATION PRACTICES,413.0,LB / ACRE,
48075,TX,CHILDRESS,2013,COTTON,UPLAND,NON-IRRIGATED,non_irrigated,ALL UTILIZATION PRACTICES,439.0,LB / ACRE,
48075,TX,CHILDRESS,2012,COTTON,UPLAND,NON-IRRIGATED,non_irrigated,ALL UTILIZATION PRACTICES,268.0,LB / ACRE,
48075,TX,CHILDRESS,2010,COTTON,UPLAND,NON-IRRIGATED,non_irrigated,ALL UTILIZATION PRACTICES,482.0,LB / ACRE,
48075,TX,CHILDRESS,2009,COTTON,UPLAND,NON-IRRIGATED,non_irrigated,ALL UTILIZATION PRACTICES,424.0,LB / ACRE,
48087,TX,COLLINGSWORTH,2018,COTTON,UPLAND,NON-IRRIGATED,non_irrigated,ALL UTILIZATION PRACTICES,361.0,LB / ACRE,
48087,TX,COLLINGSWORTH,2016,COTTON,UPLAND,NON-IRRIGATED,non_irrigated,ALL UTILIZATION PRACTICES,702.0,LB / ACRE,
48087,TX,COLLINGSWORTH,2015,COTTON,UPLAND,NON-IRRIGATED,non_irrigated,ALL UTILIZATION PRACTICES,490.0,LB / ACRE,
48087,TX,COLLINGSWORTH,2014,COTTON,UPLAND,NON-IRRIGATED,non_irrigated,ALL UTILIZATION PRACTICES,381.0,LB / ACRE,
48087,TX,COLLINGSWORTH,2013,COTTON,UPLAND,NON-IRRIGATED,non_irrigated,ALL UTILIZATION PRACTICES,419.0,LB / ACRE,
48087,TX,COLLINGSWORTH,2012,COTTON,UPLAND,NON-IRRIGATED,non_irrigated,ALL UTILIZATION PRACTICES,338.0,LB / ACRE,
48087,TX,COLLINGSWORTH,2010,COTTON,UPLAND,NON-IRRIGATED,non_irrigated,ALL UTILIZATION PRACTICES,354.0,LB / ACRE,
48087,TX,COLLINGSWORTH,2009,COTTON,UPLAND,NON-IRRIGATED,non_irrigated,ALL UTILIZATION PRACTICES,529.0,LB / ACRE,
48087,TX,COLLINGSWORTH,2008,COTTON,UPLAND,NON-IRRIGATED,non_irrigated,ALL UTILIZATION PRACTICES,303.0,LB / ACRE,
48125,TX,DICKENS,2017,COTTON,UPLAND,NON-IRRIGATED,non_irrigated,ALL UTILIZATION PRACTICES,599.0,LB / ACRE,
48125,TX,DICKENS,2016,COTTON,UPLAND,NON-IRRIGATED,non_irrigated,ALL UTILIZATION PRACTICES,714.0,LB / ACRE,
48125,TX,DICKENS,2015,COTTON,UPLAND,NON-IRRIGATED,non_irrigated,ALL UTILIZATION PRACTICES,351.0,LB / ACRE,
48125,TX,DICKENS,2014,COTTON,UPLAND,NON-IRRIGATED,non_irrigated,ALL UTILIZATION PRACTICES,317.0,LB / ACRE,
48125,TX,DICKENS,2013,COTTON,UPLAND,NON-IRRIGATED,non_irrigated,ALL UTILIZATION PRACTICES,324.0,LB / ACRE,
48125,TX,DICKENS,2009,COTTON,UPLAND,NON-IRRIGATED,non_irrigated,ALL UTILIZATION PRACTICES,304.0,LB / ACRE,
48125,TX,DICKENS,2008,COTTON,UPLAND,NON-IRRIGATED,non_irrigated,ALL UTILIZATION PRACTICES,272.0,LB / ACRE,
48129,TX,DONLEY,2017,COTTON,UPLAND,NON-IRRIGATED,non_irrigated,ALL UTILIZATION PRACTICES,496.0,LB / ACRE,
48129,TX,DONLEY,2016,COTTON,UPLAND,NON-IRRIGATED,non_irrigated,ALL UTILIZATION PRACTICES,653.0,LB / ACRE,
48129,TX,DONLEY,2014,COTTON,UPLAND,NON-IRRIGATED,non_irrigated,ALL UTILIZATION PRACTICES,333.0,LB / ACRE,
48129,TX,DONLEY,2013,COTTON,UPLAND,NON-IRRIGATED,non_irrigated,ALL UTILIZATION PRACTICES,415.0,LB / ACRE,
48129,TX,DONLEY,2010,COTTON,UPLAND,NON-IRRIGATED,non_irrigated,ALL UTILIZATION PRACTICES,328.0,LB / ACRE,
48129,TX,DONLEY,2009,COTTON,UPLAND,NON-IRRIGATED,non_irrigated,ALL UTILIZATION PRACTICES,404.0,LB / ACRE,
48129,TX,DONLEY,2008,COTTON,UPLAND,NON-IRRIGATED,non_irrigated,ALL UTILIZATION PRACTICES,320.0,LB / ACRE,
48169,TX,GARZA,2018,COTTON,UPLAND,NON-IRRIGATED,non_irrigated,ALL UTILIZATION PRACTICES,220.0,LB / ACRE,
48169,TX,GARZA,2015,COTTON,UPLAND,NON-IRRIGATED,non_irrigated,ALL UTILIZATION PRACTICES,492.0,LB / ACRE,
48169,TX,GARZA,2014,COTTON,UPLAND,NON-IRRIGATED,non_irrigated,ALL UTILIZATION PRACTICES,306.0,LB / ACRE,
48169,TX,GARZA,2013,COTTON,UPLAND,NON-IRRIGATED,non_irrigated,ALL UTILIZATION PRACTICES,344.0,LB / ACRE,
48169,TX,GARZA,2012,COTTON,UPLAND,NON-IRRIGATED,non_irrigated,ALL UTILIZATION PRACTICES,226.0,LB / ACRE,
48169,TX,GARZA,2010,COTTON,UPLAND,NON-IRRIGATED,non_irrigated,ALL UTILIZATION PRACTICES,453.0,LB / ACRE,
48169,TX,GARZA,2009,COTTON,UPLAND,NON-IRRIGATED,non_irrigated,ALL UTILIZATION PRACTICES,304.0,LB / ACRE,
48169,TX,GARZA,2008,COTTON,UPLAND,NON-IRRIGATED,non_irrigated,ALL UTILIZATION PRACTICES,280.0,LB / ACRE,
48191,TX,HALL,2018,COTTON,UPLAND,NON-IRRIGATED,non_irrigated,ALL UTILIZATION PRACTICES,581.0,LB / ACRE,
48191,TX,HALL,2017,COTTON,UPLAND,NON-IRRIGATED,non_irrigated,ALL UTILIZATION PRACTICES,555.0,LB / ACRE,
48191,TX,HALL,2016,COTTON,UPLAND,NON-IRRIGATED,non_irrigated,ALL UTILIZATION PRACTICES,660.0,LB / ACRE,
48191,TX,HALL,2014,COTTON,UPLAND,NON-IRRIGATED,non_irrigated,ALL UTILIZATION PRACTICES,485.0,LB / ACRE,
48191,TX,HALL,2013,COTTON,UPLAND,NON-IRRIGATED,non_irrigated,ALL UTILIZATION PRACTICES,294.0,LB / ACRE,
48191,TX,HALL,2012,COTTON,UPLAND,NON-IRRIGATED,non_irrigated,ALL UTILIZATION PRACTICES,265.0,LB / ACRE,
48191,TX,HALL,2010,COTTON,UPLAND,NON-IRRIGATED,non_irrigated,ALL UTILIZATION PRACTICES,546.0,LB / ACRE,
48191,TX,HALL,2009,COTTON,UPLAND,NON-IRRIGATED,non_irrigated,ALL UTILIZATION PRACTICES,520.0,LB / ACRE,
48191,TX,HALL,2008,COTTON,UPLAND,NON-IRRIGATED,non_irrigated,ALL UTILIZATION PRACTICES,350.0,LB / ACRE,
48197,TX,HARDEMAN,2018,COTTON,UPLAND,NON-IRRIGATED,non_irrigated,ALL UTILIZATION PRACTICES,356.0,LB / ACRE,
48483,TX,WHEELER,2016,COTTON,UPLAND,NON-IRRIGATED,non_irrigated,ALL UTILIZATION PRACTICES,775.0,LB / ACRE,
48483,TX,WHEELER,2015,COTTON,UPLAND,NON-IRRIGATED,non_irrigated,ALL UTILIZATION PRACTICES,523.0,LB / ACRE,
48483,TX,WHEELER,2009,COTTON,UPLAND,NON-IRRIGATED,non_irrigated,ALL UTILIZATION PRACTICES,588.0,LB / ACRE,
48483,TX,WHEELER,2008,COTTON,UPLAND,NON-IRRIGATED,non_irrigated,ALL UTILIZATION PRACTICES,455.0,LB / ACRE,
48485,TX,WICHITA,2013,COTTON,UPLAND,NON-IRRIGATED,non_irrigated,ALL UTILIZATION PRACTICES,153.0,LB / ACRE,
48487,TX,WILBARGER,2017,COTTON,UPLAND,NON-IRRIGATED,non_irrigated,ALL UTILIZATION PRACTICES,772.0,LB / ACRE,
48487,TX,WILBARGER,2016,COTTON,UPLAND,NON-IRRIGATED,non_irrigated,ALL UTILIZATION PRACTICES,521.0,LB / ACRE,
48487,TX,WILBARGER,2015,COTTON,UPLAND,NON-IRRIGATED,non_irrigated,ALL UTILIZATION PRACTICES,394.0,LB / ACRE,
48487,TX,WILBARGER,2010,COTTON,UPLAND,NON-IRRIGATED,non_irrigated,ALL UTILIZATION PRACTICES,387.0,LB / ACRE,
48487,TX,WILBARGER,2009,COTTON,UPLAND,NON-IRRIGATED,non_irrigated,ALL UTILIZATION PRACTICES,350.0,LB / ACRE,
48487,TX,WILBARGER,2008,COTTON,UPLAND,NON-IRRIGATED,non_irrigated,ALL UTILIZATION PRACTICES,355.0,LB / ACRE,
48023,TX,BAYLOR,2018,COTTON,UPLAND,NON-IRRIGATED,non_irrigated,ALL UTILIZATION PRACTICES,511.0,LB / ACRE,
48023,TX,BAYLOR,2017,COTTON,UPLAND,NON-IRRIGATED,non_irrigated,ALL UTILIZATION PRACTICES,677.0,LB / ACRE,
48023,TX,BAYLOR,2010,COTTON,UPLAND,NON-IRRIGATED,non_irrigated,ALL UTILIZATION PRACTICES,320.0,LB / ACRE,
48023,TX,BAYLOR,2009,COTTON,UPLAND,NON-IRRIGATED,non_irrigated,ALL UTILIZATION PRACTICES,343.0,LB / ACRE,
48083,TX,COLEMAN,2010,COTTON,UPLAND,NON-IRRIGATED,non_irrigated,ALL UTILIZATION PRACTICES,267.0,LB / ACRE,
48151,TX,FISHER,2010,COTTON,UPLAND,NON-IRRIGATED,non_irrigated,ALL UTILIZATION PRACTICES,523.0,LB / ACRE,
48151,TX,FISHER,2009,COTTON,UPLAND,NON-IRRIGATED,non_irrigated,ALL UTILIZATION PRACTICES,264.0,LB / ACRE,
48151,TX,FISHER,2008,COTTON,UPLAND,NON-IRRIGATED,non_irrigated,ALL UTILIZATION PRACTICES,463.0,LB / ACRE,
48207,TX,HASKELL,2017,COTTON,UPLAND,NON-IRRIGATED,non_irrigated,ALL UTILIZATION PRACTICES,519.0,LB / ACRE,
48207,TX,HASKELL,2015,COTTON,UPLAND,NON-IRRIGATED,non_irrigated,ALL UTILIZATION PRACTICES,323.0,LB / ACRE,
48207,TX,HASKELL,2014,COTTON,UPLAND,NON-IRRIGATED,non_irrigated,ALL UTILIZATION PRACTICES,295.0,LB / ACRE,
48207,TX,HASKELL,2013,COTTON,UPLAND,NON-IRRIGATED,non_irrigated,ALL UTILIZATION PRACTICES,350.0,LB / ACRE,
48207,TX,HASKELL,2012,COTTON,UPLAND,NON-IRRIGATED,non_irrigated,ALL UTILIZATION PRACTICES,292.0,LB / ACRE,
48207,TX,HASKELL,2010,COTTON,UPLAND,NON-IRRIGATED,non_irrigated,ALL UTILIZATION PRACTICES,410.0,LB / ACRE,
48207,TX,HASKELL,2009,COTTON,UPLAND,NON-IRRIGATED,non_irrigated,ALL UTILIZATION PRACTICES,296.0,LB / ACRE,
48207,TX,HASKELL,2008,COTTON,UPLAND,NON-IRRIGATED,non_irrigated,ALL UTILIZATION PRACTICES,400.0,LB / ACRE,
48253,TX,JONES,2017,COTTON,UPLAND,NON-IRRIGATED,non_irrigated,ALL UTILIZATION PRACTICES,469.0,LB / ACRE,
48275,TX,KNOX,2014,COTTON,UPLAND,NON-IRRIGATED,non_irrigated,ALL UTILIZATION PRACTICES,403.0,LB / ACRE,
48275,TX,KNOX,2012,COTTON,UPLAND,NON-IRRIGATED,non_irrigated,ALL UTILIZATION PRACTICES,327.0,LB / ACRE,
48275,TX,KNOX,2010,COTTON,UPLAND,NON-IRRIGATED,non_irrigated,ALL UTILIZATION PRACTICES,320.0,LB / ACRE,
48275,TX,KNOX,2009,COTTON,UPLAND,NON-IRRIGATED,non_irrigated,ALL UTILIZATION PRACTICES,152.0,LB / ACRE,
48335,TX,MITCHELL,2017,COTTON,UPLAND,NON-IRRIGATED,non_irrigated,ALL UTILIZATION PRACTICES,488.0,LB / ACRE,
48335,TX,MITCHELL,2016,COTTON,UPLAND,NON-IRRIGATED,non_irrigated,ALL UTILIZATION PRACTICES,410.0,LB / ACRE,
48335,TX,MITCHELL,2015,COTTON,UPLAND,NON-IRRIGATED,non_irrigated,ALL UTILIZATION PRACTICES,283.0,LB / ACRE,
48353,TX,NOLAN,2017,COTTON,UPLAND,NON-IRRIGATED,non_irrigated,ALL UTILIZATION PRACTICES,513.0,LB / ACRE,
48353,TX,NOLAN,2016,COTTON,UPLAND,NON-IRRIGATED,non_irrigated,ALL UTILIZATION PRACTICES,485.0,LB / ACRE,
48353,TX,NOLAN,2015,COTTON,UPLAND,NON-IRRIGATED,non_irrigated,ALL UTILIZATION PRACTICES,393.0,LB / ACRE,
48353,TX,NOLAN,2014,COTTON,UPLAND,NON-IRRIGATED,non_irrigated,ALL UTILIZATION PRACTICES,391.0,LB / ACRE,
48353,TX,NOLAN,2013,COTTON,UPLAND,NON-IRRIGATED,non_irrigated,ALL UTILIZATION PRACTICES,306.0,LB / ACRE,
48353,TX,NOLAN,2012,COTTON,UPLAND,NON-IRRIGATED,non_irrigated,ALL UTILIZATION PRACTICES,327.0,LB / ACRE,
48353,TX,NOLAN,2010,COTTON,UPLAND,NON-IRRIGATED,non_irrigated,ALL UTILIZATION PRACTICES,398.0,LB / ACRE,
48353,TX,NOLAN,2009,COTTON,UPLAND,NON-IRRIGATED,non_irrigated,ALL UTILIZATION PRACTICES,293.0,LB / ACRE,
48353,TX,NOLAN,2008,COTTON,UPLAND,NON-IRRIGATED,non_irrigated,ALL UTILIZATION PRACTICES,378.0,LB / ACRE,
48399,TX,RUNNELS,2018,COTTON,UPLAND,NON-IRRIGATED,non_irrigated,ALL UTILIZATION PRACTICES,447.0,LB / ACRE,
48399,TX,RUNNELS,2015,COTTON,UPLAND,NON-IRRIGATED,non_irrigated,ALL UTILIZATION PRACTICES,379.0,LB / ACRE,
48399,TX,RUNNELS,2014,COTTON,UPLAND,NON-IRRIGATED,non_irrigated,ALL UTILIZATION PRACTICES,505.0,LB / ACRE,
48399,TX,RUNNELS,2012,COTTON,UPLAND,NON-IRRIGATED,non_irrigated,ALL UTILIZATION PRACTICES,317.0,LB / ACRE,
48399,TX,RUNNELS,2009,COTTON,UPLAND,NON-IRRIGATED,non_irrigated,ALL UTILIZATION PRACTICES,384.0,LB / ACRE,
48415,TX,SCURRY,2017,COTTON,UPLAND,NON-IRRIGATED,non_irrigated,ALL UTILIZATION PRACTICES,439.0,LB / ACRE,
48415,TX,SCURRY,2013,COTTON,UPLAND,NON-IRRIGATED,non_irrigated,ALL UTILIZATION PRACTICES,307.0,LB / ACRE,
48415,TX,SCURRY,2012,COTTON,UPLAND,NON-IRRIGATED,non_irrigated,ALL UTILIZATION PRACTICES,241.0,LB / ACRE,
48415,TX,SCURRY,2010,COTTON,UPLAND,NON-IRRIGATED,non_irrigated,ALL UTILIZATION PRACTICES,408.0,LB / ACRE,
48415,TX,SCURRY,2008,COTTON,UPLAND,NON-IRRIGATED,non_irrigated,ALL UTILIZATION PRACTICES,339.0,LB / ACRE,
48433,TX,STONEWALL,2016,COTTON,UPLAND,NON-IRRIGATED,non_irrigated,ALL UTILIZATION PRACTICES,391.0,LB / ACRE,
48441,TX,TAYLOR,2015,COTTON,UPLAND,NON-IRRIGATED,non_irrigated,ALL UTILIZATION PRACTICES,323.0,LB / ACRE,
48027,TX,BELL,2016,COTTON,UPLAND,NON-IRRIGATED,non_irrigated,ALL UTILIZATION PRACTICES,493.0,LB / ACRE,
48035,TX,BOSQUE,2017,COTTON,UPLAND,NON-IRRIGATED,non_irrigated,ALL UTILIZATION PRACTICES,490.0,LB / ACRE,
48139,TX,ELLIS,2017,COTTON,UPLAND,NON-IRRIGATED,non_irrigated,ALL UTILIZATION PRACTICES,716.0,LB / ACRE,
48139,TX,ELLIS,2015,COTTON,UPLAND,NON-IRRIGATED,non_irrigated,ALL UTILIZATION PRACTICES,414.0,LB / ACRE,
48139,TX,ELLIS,2014,COTTON,UPLAND,NON-IRRIGATED,non_irrigated,ALL UTILIZATION PRACTICES,716.0,LB / ACRE,
48139,TX,ELLIS,2012,COTTON,UPLAND,NON-IRRIGATED,non_irrigated,ALL UTILIZATION PRACTICES,638.0,LB / ACRE,
48217,TX,HILL,2016,COTTON,UPLAND,NON-IRRIGATED,non_irrigated,ALL UTILIZATION PRACTICES,470.0,LB / ACRE,
48217,TX,HILL,2015,COTTON,UPLAND,NON-IRRIGATED,non_irrigated,ALL UTILIZATION PRACTICES,476.0,LB / ACRE,
48217,TX,HILL,2012,COTTON,UPLAND,NON-IRRIGATED,non_irrigated,ALL UTILIZATION PRACTICES,700.0,LB / ACRE,
48293,TX,LIMESTONE,2012,COTTON,UPLAND,NON-IRRIGATED,non_irrigated,ALL UTILIZATION PRACTICES,819.0,LB / ACRE,
48331,TX,MILAM,2014,COTTON,UPLAND,NON-IRRIGATED,non_irrigated,ALL UTILIZATION PRACTICES,1023.0,LB / ACRE,
48349,TX,NAVARRO,2017,COTTON,UPLAND,NON-IRRIGATED,non_irrigated,ALL UTILIZATION PRACTICES,736.0,LB / ACRE,
48349,TX,NAVARRO,2016,COTTON,UPLAND,NON-IRRIGATED,non_irrigated,ALL UTILIZATION PRACTICES,541.0,LB / ACRE,
48349,TX,NAVARRO,2015,COTTON,UPLAND,NON-IRRIGATED,non_irrigated,ALL UTILIZATION PRACTICES,521.0,LB / ACRE,
48349,TX,NAVARRO,2014,COTTON,UPLAND,NON-IRRIGATED,non_irrigated,ALL UTILIZATION PRACTICES,705.0,LB / ACRE,
48491,TX,WILLIAMSON,2016,COTTON,UPLAND,NON-IRRIGATED,non_irrigated,ALL UTILIZATION PRACTICES,489.0,LB / ACRE,
48041,TX,BRAZOS,2010,COTTON,UPLAND,NON-IRRIGATED,non_irrigated,ALL UTILIZATION PRACTICES,678.0,LB / ACRE,
48395,TX,ROBERTSON,2008,COTTON,UPLAND,NON-IRRIGATED,non_irrigated,ALL UTILIZATION PRACTICES,240.0,LB / ACRE,
48095,TX,CONCHO,2018,COTTON,UPLAND,NON-IRRIGATED,non_irrigated,ALL UTILIZATION PRACTICES,417.0,LB / ACRE,
48095,TX,CONCHO,2017,COTTON,UPLAND,NON-IRRIGATED,non_irrigated,ALL UTILIZATION PRACTICES,567.0,LB / ACRE,
48095,TX,CONCHO,2016,COTTON,UPLAND,NON-IRRIGATED,non_irrigated,ALL UTILIZATION PRACTICES,539.0,LB / ACRE,
48095,TX,CONCHO,2015,COTTON,UPLAND,NON-IRRIGATED,non_irrigated,ALL UTILIZATION PRACTICES,296.0,LB / ACRE,
48095,TX,CONCHO,2014,COTTON,UPLAND,NON-IRRIGATED,non_irrigated,ALL UTILIZATION PRACTICES,471.0,LB / ACRE,
48095,TX,CONCHO,2013,COTTON,UPLAND,NON-IRRIGATED,non_irrigated,ALL UTILIZATION PRACTICES,393.0,LB / ACRE,
48095,TX,CONCHO,2012,COTTON,UPLAND,NON-IRRIGATED,non_irrigated,ALL UTILIZATION PRACTICES,309.0,LB / ACRE,
48095,TX,CONCHO,2010,COTTON,UPLAND,NON-IRRIGATED,non_irrigated,ALL UTILIZATION PRACTICES,372.0,LB / ACRE,
48095,TX,CONCHO,2009,COTTON,UPLAND,NON-IRRIGATED,non_irrigated,ALL UTILIZATION PRACTICES,329.0,LB / ACRE,
48095,TX,CONCHO,2008,COTTON,UPLAND,NON-IRRIGATED,non_irrigated,ALL UTILIZATION PRACTICES,344.0,LB / ACRE,
48383,TX,REAGAN,2017,COTTON,UPLAND,NON-IRRIGATED,non_irrigated,ALL UTILIZATION PRACTICES,376.0,LB / ACRE,
48383,TX,REAGAN,2016,COTTON,UPLAND,NON-IRRIGATED,non_irrigated,ALL UTILIZATION PRACTICES,334.0,LB / ACRE,
48383,TX,REAGAN,2014,COTTON,UPLAND,NON-IRRIGATED,non_irrigated,ALL UTILIZATION PRACTICES,248.0,LB / ACRE,
48383,TX,REAGAN,2012,COTTON,UPLAND,NON-IRRIGATED,non_irrigated,ALL UTILIZATION PRACTICES,214.0,LB / ACRE,
48383,TX,REAGAN,2010,COTTON,UPLAND,NON-IRRIGATED,non_irrigated,ALL UTILIZATION PRACTICES,333.0,LB / ACRE,
48383,TX,REAGAN,2009,COTTON,UPLAND,NON-IRRIGATED,non_irrigated,ALL UTILIZATION PRACTICES,285.0,LB / ACRE,
48451,TX,TOM GREEN,2018,COTTON,UPLAND,NON-IRRIGATED,non_irrigated,ALL UTILIZATION PRACTICES,407.0,LB / ACRE,
48451,TX,TOM GREEN,2017,COTTON,UPLAND,NON-IRRIGATED,non_irrigated,ALL UTILIZATION PRACTICES,638.0,LB / ACRE,
48451,TX,TOM GREEN,2016,COTTON,UPLAND,NON-IRRIGATED,non_irrigated,ALL UTILIZATION PRACTICES,608.0,LB / ACRE,
48451,TX,TOM GREEN,2015,COTTON,UPLAND,NON-IRRIGATED,non_irrigated,ALL UTILIZATION PRACTICES,305.0,LB / ACRE,
48451,TX,TOM GREEN,2014,COTTON,UPLAND,NON-IRRIGATED,non_irrigated,ALL UTILIZATION PRACTICES,511.0,LB / ACRE,
48451,TX,TOM GREEN,2013,COTTON,UPLAND,NON-IRRIGATED,non_irrigated,ALL UTILIZATION PRACTICES,362.0,LB / ACRE,
48451,TX,TOM GREEN,2012,COTTON,UPLAND,NON-IRRIGATED,non_irrigated,ALL UTILIZATION PRACTICES,273.0,LB / ACRE,
48451,TX,TOM GREEN,2011,COTTON,UPLAND,NON-IRRIGATED,non_irrigated,ALL UTILIZATION PRACTICES,251.0,LB / ACRE,
48451,TX,TOM GREEN,2010,COTTON,UPLAND,NON-IRRIGATED,non_irrigated,ALL UTILIZATION PRACTICES,342.0,LB / ACRE,
48451,TX,TOM GREEN,2009,COTTON,UPLAND,NON-IRRIGATED,non_irrigated,ALL UTILIZATION PRACTICES,299.0,LB / ACRE,
48451,TX,TOM GREEN,2008,COTTON,UPLAND,NON-IRRIGATED,non_irrigated,ALL UTILIZATION PRACTICES,343.0,LB / ACRE,
48461,TX,UPTON,2017,COTTON,UPLAND,NON-IRRIGATED,non_irrigated,ALL UTILIZATION PRACTICES,320.0,LB / ACRE,
48461,TX,UPTON,2016,COTTON,UPLAND,NON-IRRIGATED,non_irrigated,ALL UTILIZATION PRACTICES,353.0,LB / ACRE,
48461,TX,UPTON,2015,COTTON,UPLAND,NON-IRRIGATED,non_irrigated,ALL UTILIZATION PRACTICES,244.0,LB / ACRE,
48461,TX,UPTON,2012,COTTON,UPLAND,NON-IRRIGATED,non_irrigated,ALL UTILIZATION PRACTICES,214.0,LB / ACRE,
48461,TX,UPTON,2010,COTTON,UPLAND,NON-IRRIGATED,non_irrigated,ALL UTILIZATION PRACTICES,398.0,LB / ACRE,
48463,TX,UVALDE,2018,COTTON,UPLAND,NON-IRRIGATED,non_irrigated,ALL UTILIZATION PRACTICES,900.0,LB / ACRE,
48463,TX,UVALDE,2017,COTTON,UPLAND,NON-IRRIGATED,non_irrigated,ALL UTILIZATION PRACTICES,834.0,LB / ACRE,
48463,TX,UVALDE,2012,COTTON,UPLAND,NON-IRRIGATED,non_irrigated,ALL UTILIZATION PRACTICES,213.0,LB / ACRE,
48463,TX,UVALDE,2010,COTTON,UPLAND,NON-IRRIGATED,non_irrigated,ALL UTILIZATION PRACTICES,600.0,LB / ACRE,
48015,TX,AUSTIN,2014,COTTON,UPLAND,NON-IRRIGATED,non_irrigated,ALL UTILIZATION PRACTICES,1121.0,LB / ACRE,
48015,TX,AUSTIN,2013,COTTON,UPLAND,NON-IRRIGATED,non_irrigated,ALL UTILIZATION PRACTICES,657.0,LB / ACRE,
48015,TX,AUSTIN,2012,COTTON,UPLAND,NON-IRRIGATED,non_irrigated,ALL UTILIZATION PRACTICES,1300.0,LB / ACRE,
48015,TX,AUSTIN,2010,COTTON,UPLAND,NON-IRRIGATED,non_irrigated,ALL UTILIZATION PRACTICES,1097.0,LB / ACRE,
48025,TX,BEE,2011,COTTON,UPLAND,NON-IRRIGATED,non_irrigated,ALL UTILIZATION PRACTICES,540.0,LB / ACRE,
48025,TX,BEE,2010,COTTON,UPLAND,NON-IRRIGATED,non_irrigated,ALL UTILIZATION PRACTICES,887.0,LB / ACRE,
48051,TX,BURLESON,2017,COTTON,UPLAND,NON-IRRIGATED,non_irrigated,ALL UTILIZATION PRACTICES,1126.0,LB / ACRE,
48051,TX,BURLESON,2013,COTTON,UPLAND,NON-IRRIGATED,non_irrigated,ALL UTILIZATION PRACTICES,810.0,LB / ACRE,
48051,TX,BURLESON,2012,COTTON,UPLAND,NON-IRRIGATED,non_irrigated,ALL UTILIZATION PRACTICES,1218.0,LB / ACRE,
48051,TX,BURLESON,2011,COTTON,UPLAND,NON-IRRIGATED,non_irrigated,ALL UTILIZATION PRACTICES,235.0,LB / ACRE,
48051,TX,BURLESON,2010,COTTON,UPLAND,NON-IRRIGATED,non_irrigated,ALL UTILIZATION PRACTICES,540.0,LB / ACRE,
48051,TX,BURLESON,2009,COTTON,UPLAND,NON-IRRIGATED,non_irrigated,ALL UTILIZATION PRACTICES,240.0,LB / ACRE,
48055,TX,CALDWELL,2018,COTTON,UPLAND,NON-IRRIGATED,non_irrigated,ALL UTILIZATION PRACTICES,505.0,LB / ACRE,
48055,TX,CALDWELL,2017,COTTON,UPLAND,NON-IRRIGATED,non_irrigated,ALL UTILIZATION PRACTICES,547.0,LB / ACRE,
48055,TX,CALDWELL,2015,COTTON,UPLAND,NON-IRRIGATED,non_irrigated,ALL UTILIZATION PRACTICES,454.0,LB / ACRE,
48055,TX,CALDWELL,2012,COTTON,UPLAND,NON-IRRIGATED,non_irrigated,ALL UTILIZATION PRACTICES,545.0,LB / ACRE,
48055,TX,CALDWELL,2010,COTTON,UPLAND,NON-IRRIGATED,non_irrigated,ALL UTILIZATION PRACTICES,819.0,LB / ACRE,
48055,TX,CALDWELL,2009,COTTON,UPLAND,NON-IRRIGATED,non_irrigated,ALL UTILIZATION PRACTICES,240.0,LB / ACRE,
48089,TX,COLORADO,2012,COTTON,UPLAND,NON-IRRIGATED,non_irrigated,ALL UTILIZATION PRACTICES,1362.0,LB / ACRE,
48089,TX,COLORADO,2010,COTTON,UPLAND,NON-IRRIGATED,non_irrigated,ALL UTILIZATION PRACTICES,660.0,LB / ACRE,
48123,TX,DE WITT,2010,COTTON,UPLAND,NON-IRRIGATED,non_irrigated,ALL UTILIZATION PRACTICES,672.0,LB / ACRE,
48187,TX,GUADALUPE,2015,COTTON,UPLAND,NON-IRRIGATED,non_irrigated,ALL UTILIZATION PRACTICES,576.0,LB / ACRE,
48187,TX,GUADALUPE,2013,COTTON,UPLAND,NON-IRRIGATED,non_irrigated,ALL UTILIZATION PRACTICES,686.0,LB / ACRE,
48187,TX,GUADALUPE,2012,COTTON,UPLAND,NON-IRRIGATED,non_irrigated,ALL UTILIZATION PRACTICES,700.0,LB / ACRE,
48187,TX,GUADALUPE,2011,COTTON,UPLAND,NON-IRRIGATED,non_irrigated,ALL UTILIZATION PRACTICES,356.0,LB / ACRE,
48187,TX,GUADALUPE,2010,COTTON,UPLAND,NON-IRRIGATED,non_irrigated,ALL UTILIZATION PRACTICES,823.0,LB / ACRE,
48325,TX,MEDINA,2018,COTTON,UPLAND,NON-IRRIGATED,non_irrigated,ALL UTILIZATION PRACTICES,906.0,LB / ACRE,
48325,TX,MEDINA,2017,COTTON,UPLAND,NON-IRRIGATED,non_irrigated,ALL UTILIZATION PRACTICES,1259.0,LB / ACRE,
48325,TX,MEDINA,2015,COTTON,UPLAND,NON-IRRIGATED,non_irrigated,ALL UTILIZATION PRACTICES,699.0,LB / ACRE,
48325,TX,MEDINA,2014,COTTON,UPLAND,NON-IRRIGATED,non_irrigated,ALL UTILIZATION PRACTICES,645.0,LB / ACRE,
48325,TX,MEDINA,2013,COTTON,UPLAND,NON-IRRIGATED,non_irrigated,ALL UTILIZATION PRACTICES,511.0,LB / ACRE,
48325,TX,MEDINA,2012,COTTON,UPLAND,NON-IRRIGATED,non_irrigated,ALL UTILIZATION PRACTICES,557.0,LB / ACRE,
48325,TX,MEDINA,2010,COTTON,UPLAND,NON-IRRIGATED,non_irrigated,ALL UTILIZATION PRACTICES,714.0,LB / ACRE,
48453,TX,TRAVIS,2017,COTTON,UPLAND,NON-IRRIGATED,non_irrigated,ALL UTILIZATION PRACTICES,582.0,LB / ACRE,
48453,TX,TRAVIS,2011,COTTON,UPLAND,NON-IRRIGATED,non_irrigated,ALL UTILIZATION PRACTICES,177.0,LB / ACRE,
48453,TX,TRAVIS,2010,COTTON,UPLAND,NON-IRRIGATED,non_irrigated,ALL UTILIZATION PRACTICES,630.0,LB / ACRE,
48453,TX,TRAVIS,2009,COTTON,UPLAND,NON-IRRIGATED,non_irrigated,ALL UTILIZATION PRACTICES,274.0,LB / ACRE,
48477,TX,WASHINGTON,2014,COTTON,UPLAND,NON-IRRIGATED,non_irrigated,ALL UTILIZATION PRACTICES,864.0,LB / ACRE,
48477,TX,WASHINGTON,2012,COTTON,UPLAND,NON-IRRIGATED,non_irrigated,ALL UTILIZATION PRACTICES,979.0,LB / ACRE,
48273,TX,KLEBERG,2012,COTTON,UPLAND,NON-IRRIGATED,non_irrigated,ALL UTILIZATION PRACTICES,474.0,LB / ACRE,
48355,TX,NUECES,2011,COTTON,UPLAND,NON-IRRIGATED,non_irrigated,ALL UTILIZATION PRACTICES,651.0,LB / ACRE,
48391,TX,REFUGIO,2018,COTTON,UPLAND,NON-IRRIGATED,non_irrigated,ALL UTILIZATION PRACTICES,839.0,LB / ACRE,
48409,TX,SAN PATRICIO,2009,COTTON,UPLAND,NON-IRRIGATED,non_irrigated,ALL UTILIZATION PRACTICES,216.0,LB / ACRE,
48057,TX,CALHOUN,2010,COTTON,UPLAND,NON-IRRIGATED,non_irrigated,ALL UTILIZATION PRACTICES,908.0,LB / ACRE,
48057,TX,CALHOUN,2009,COTTON,UPLAND,NON-IRRIGATED,non_irrigated,ALL UTILIZATION PRACTICES,514.0,LB / ACRE,
48157,TX,FORT BEND,2012,COTTON,UPLAND,NON-IRRIGATED,non_irrigated,ALL UTILIZATION PRACTICES,1262.0,LB / ACRE,
48157,TX,FORT BEND,2011,COTTON,UPLAND,NON-IRRIGATED,non_irrigated,ALL UTILIZATION PRACTICES,511.0,LB / ACRE,
48157,TX,FORT BEND,2010,COTTON,UPLAND,NON-IRRIGATED,non_irrigated,ALL UTILIZATION PRACTICES,764.0,LB / ACRE,
48157,TX,FORT BEND,2009,COTTON,UPLAND,NON-IRRIGATED,non_irrigated,ALL UTILIZATION PRACTICES,422.0,LB / ACRE,
48239,TX,JACKSON,2015,COTTON,UPLAND,NON-IRRIGATED,non_irrigated,ALL UTILIZATION PRACTICES,693.0,LB / ACRE,
48239,TX,JACKSON,2012,COTTON,UPLAND,NON-IRRIGATED,non_irrigated,ALL UTILIZATION PRACTICES,1125.0,LB / ACRE,
48239,TX,JACKSON,2010,COTTON,UPLAND,NON-IRRIGATED,non_irrigated,ALL UTILIZATION PRACTICES,960.0,LB / ACRE,
48239,TX,JACKSON,2009,COTTON,UPLAND,NON-IRRIGATED,non_irrigated,ALL UTILIZATION PRACTICES,363.0,LB / ACRE,
48321,TX,MATAGORDA,2015,COTTON,UPLAND,NON-IRRIGATED,non_irrigated,ALL UTILIZATION PRACTICES,641.0,LB / ACRE,
48321,TX,MATAGORDA,2012,COTTON,UPLAND,NON-IRRIGATED,non_irrigated,ALL UTILIZATION PRACTICES,1042.0,LB / ACRE,
48321,TX,MATAGORDA,2010,COTTON,UPLAND,NON-IRRIGATED,non_irrigated,ALL UTILIZATION PRACTICES,536.0,LB / ACRE,
48321,TX,MATAGORDA,2009,COTTON,UPLAND,NON-IRRIGATED,non_irrigated,ALL UTILIZATION PRACTICES,619.0,LB / ACRE,
48481,TX,WHARTON,2018,COTTON,UPLAND,NON-IRRIGATED,non_irrigated,ALL UTILIZATION PRACTICES,995.0,LB / ACRE,
48481,TX,WHARTON,2014,COTTON,UPLAND,NON-IRRIGATED,non_irrigated,ALL UTILIZATION PRACTICES,1075.0,LB / ACRE,
48481,TX,WHARTON,2011,COTTON,UPLAND,NON-IRRIGATED,non_irrigated,ALL UTILIZATION PRACTICES,586.0,LB / ACRE,
48481,TX,WHARTON,2010,COTTON,UPLAND,NON-IRRIGATED,non_irrigated,ALL UTILIZATION PRACTICES,747.0,LB / ACRE,
48481,TX,WHARTON,2009,COTTON,UPLAND,NON-IRRIGATED,non_irrigated,ALL UTILIZATION PRACTICES,545.0,LB / ACRE,
48249,TX,JIM WELLS,2011,COTTON,UPLAND,NON-IRRIGATED,non_irrigated,ALL UTILIZATION PRACTICES,613.0,LB / ACRE,
48249,TX,JIM WELLS,2008,COTTON,UPLAND,NON-IRRIGATED,non_irrigated,ALL UTILIZATION PRACTICES,315.0,LB / ACRE,
48061,TX,CAMERON,2018,COTTON,UPLAND,NON-IRRIGATED,non_irrigated,ALL UTILIZATION PRACTICES,616.0,LB / ACRE,
48061,TX,CAMERON,2017,COTTON,UPLAND,NON-IRRIGATED,non_irrigated,ALL UTILIZATION PRACTICES,654.0,LB / ACRE,
48061,TX,CAMERON,2016,COTTON,UPLAND,NON-IRRIGATED,non_irrigated,ALL UTILIZATION PRACTICES,984.0,LB / ACRE,
48061,TX,CAMERON,2014,COTTON,UPLAND,NON-IRRIGATED,non_irrigated,ALL UTILIZATION PRACTICES,660.0,LB / ACRE,
48061,TX,CAMERON,2013,COTTON,UPLAND,NON-IRRIGATED,non_irrigated,ALL UTILIZATION PRACTICES,567.0,LB / ACRE,
48061,TX,CAMERON,2012,COTTON,UPLAND,NON-IRRIGATED,non_irrigated,ALL UTILIZATION PRACTICES,588.0,LB / ACRE,
48061,TX,CAMERON,2011,COTTON,UPLAND,NON-IRRIGATED,non_irrigated,ALL UTILIZATION PRACTICES,465.0,LB / ACRE,
48061,TX,CAMERON,2010,COTTON,UPLAND,NON-IRRIGATED,non_irrigated,ALL UTILIZATION PRACTICES,644.0,LB / ACRE,
48061,TX,CAMERON,2009,COTTON,UPLAND,NON-IRRIGATED,non_irrigated,ALL UTILIZATION PRACTICES,311.0,LB / ACRE,
48215,TX,HIDALGO,2018,COTTON,UPLAND,NON-IRRIGATED,non_irrigated,ALL UTILIZATION PRACTICES,514.0,LB / ACRE,
48215,TX,HIDALGO,2017,COTTON,UPLAND,NON-IRRIGATED,non_irrigated,ALL UTILIZATION PRACTICES,731.0,LB / ACRE,
48215,TX,HIDALGO,2015,COTTON,UPLAND,NON-IRRIGATED,non_irrigated,ALL UTILIZATION PRACTICES,678.0,LB / ACRE,
48215,TX,HIDALGO,2012,COTTON,UPLAND,NON-IRRIGATED,non_irrigated,ALL UTILIZATION PRACTICES,460.0,LB / ACRE,
48215,TX,HIDALGO,2010,COTTON,UPLAND,NON-IRRIGATED,non_irrigated,ALL UTILIZATION PRACTICES,800.0,LB / ACRE,
48489,TX,WILLACY,2014,COTTON,UPLAND,NON-IRRIGATED,non_irrigated,ALL UTILIZATION PRACTICES,773.0,LB / ACRE,
48489,TX,WILLACY,2010,COTTON,UPLAND,NON-IRRIGATED,non_irrigated,ALL UTILIZATION PRACTICES,801.0,LB / ACRE,
48011,TX,ARMSTRONG,2013,SORGHUM,ALL CLASSES,IRRIGATED,irrigated,GRAIN,89.6,BU / ACRE,
48045,TX,BRISCOE,2014,SORGHUM,ALL CLASSES,IRRIGATED,irrigated,GRAIN,44.7,BU / ACRE,
48045,TX,BRISCOE,2013,SORGHUM,ALL CLASSES,IRRIGATED,irrigated,GRAIN,85.3,BU / ACRE,
48045,TX,BRISCOE,2009,SORGHUM,ALL CLASSES,IRRIGATED,irrigated,GRAIN,71.0,BU / ACRE,
48065,TX,CARSON,2018,SORGHUM,ALL CLASSES,IRRIGATED,irrigated,GRAIN,74.8,BU / ACRE,
48065,TX,CARSON,2016,SORGHUM,ALL CLASSES,IRRIGATED,irrigated,GRAIN,99.1,BU / ACRE,
48065,TX,CARSON,2015,SORGHUM,ALL CLASSES,IRRIGATED,irrigated,GRAIN,106.5,BU / ACRE,
48065,TX,CARSON,2014,SORGHUM,ALL CLASSES,IRRIGATED,irrigated,GRAIN,99.2,BU / ACRE,
48065,TX,CARSON,2013,SORGHUM,ALL CLASSES,IRRIGATED,irrigated,GRAIN,90.8,BU / ACRE,
48065,TX,CARSON,2012,SORGHUM,ALL CLASSES,IRRIGATED,irrigated,GRAIN,100.4,BU / ACRE,
48065,TX,CARSON,2010,SORGHUM,ALL CLASSES,IRRIGATED,irrigated,GRAIN,74.2,BU / ACRE,
48065,TX,CARSON,2009,SORGHUM,ALL CLASSES,IRRIGATED,irrigated,GRAIN,94.0,BU / ACRE,
48065,TX,CARSON,2008,SORGHUM,ALL CLASSES,IRRIGATED,irrigated,GRAIN,59.0,BU / ACRE,
48069,TX,CASTRO,2018,SORGHUM,ALL CLASSES,IRRIGATED,irrigated,GRAIN,117.1,BU / ACRE,
48069,TX,CASTRO,2012,SORGHUM,ALL CLASSES,IRRIGATED,irrigated,GRAIN,86.9,BU / ACRE,
48069,TX,CASTRO,2010,SORGHUM,ALL CLASSES,IRRIGATED,irrigated,GRAIN,103.6,BU / ACRE,
48069,TX,CASTRO,2009,SORGHUM,ALL CLASSES,IRRIGATED,irrigated,GRAIN,101.0,BU / ACRE,
48111,TX,DALLAM,2015,SORGHUM,ALL CLASSES,IRRIGATED,irrigated,GRAIN,99.6,BU / ACRE,
48111,TX,DALLAM,2014,SORGHUM,ALL CLASSES,IRRIGATED,irrigated,GRAIN,72.1,BU / ACRE,
48111,TX,DALLAM,2010,SORGHUM,ALL CLASSES,IRRIGATED,irrigated,GRAIN,99.0,BU / ACRE,
48117,TX,DEAF SMITH,2017,SORGHUM,ALL CLASSES,IRRIGATED,irrigated,GRAIN,93.7,BU / ACRE,
48117,TX,DEAF SMITH,2015,SORGHUM,ALL CLASSES,IRRIGATED,irrigated,GRAIN,77.2,BU / ACRE,
48117,TX,DEAF SMITH,2012,SORGHUM,ALL CLASSES,IRRIGATED,irrigated,GRAIN,66.5,BU / ACRE,
48117,TX,DEAF SMITH,2010,SORGHUM,ALL CLASSES,IRRIGATED,irrigated,GRAIN,91.5,BU / ACRE,
48117,TX,DEAF SMITH,2009,SORGHUM,ALL CLASSES,IRRIGATED,irrigated,GRAIN,93.0,BU / ACRE,
48153,TX,FLOYD,2016,SORGHUM,ALL CLASSES,IRRIGATED,irrigated,GRAIN,81.5,BU / ACRE,
48153,TX,FLOYD,2014,SORGHUM,ALL CLASSES,IRRIGATED,irrigated,GRAIN,86.7,BU / ACRE,
48153,TX,FLOYD,2013,SORGHUM,ALL CLASSES,IRRIGATED,irrigated,GRAIN,92.3,BU / ACRE,
48153,TX,FLOYD,2010,SORGHUM,ALL CLASSES,IRRIGATED,irrigated,GRAIN,107.0,BU / ACRE,
48153,TX,FLOYD,2009,SORGHUM,ALL CLASSES,IRRIGATED,irrigated,GRAIN,105.0,BU / ACRE,
48189,TX,HALE,2014,SORGHUM,ALL CLASSES,IRRIGATED,irrigated,GRAIN,87.3,BU / ACRE,
48189,TX,HALE,2012,SORGHUM,ALL CLASSES,IRRIGATED,irrigated,GRAIN,68.3,BU / ACRE,
48189,TX,HALE,2010,SORGHUM,ALL CLASSES,IRRIGATED,irrigated,GRAIN,100.5,BU / ACRE,
48189,TX,HALE,2009,SORGHUM,ALL CLASSES,IRRIGATED,irrigated,GRAIN,84.0,BU / ACRE,
48189,TX,HALE,2008,SORGHUM,ALL CLASSES,IRRIGATED,irrigated,GRAIN,76.0,BU / ACRE,
48195,TX,HANSFORD,2017,SORGHUM,ALL CLASSES,IRRIGATED,irrigated,GRAIN,110.4,BU / ACRE,
48195,TX,HANSFORD,2010,SORGHUM,ALL CLASSES,IRRIGATED,irrigated,GRAIN,108.4,BU / ACRE,
48205,TX,HARTLEY,2009,SORGHUM,ALL CLASSES,IRRIGATED,irrigated,GRAIN,119.0,BU / ACRE,
48205,TX,HARTLEY,2008,SORGHUM,ALL CLASSES,IRRIGATED,irrigated,GRAIN,87.0,BU / ACRE,
48233,TX,HUTCHINSON,2015,SORGHUM,ALL CLASSES,IRRIGATED,irrigated,GRAIN,115.9,BU / ACRE,
48233,TX,HUTCHINSON,2014,SORGHUM,ALL CLASSES,IRRIGATED,irrigated,GRAIN,69.6,BU / ACRE,
48233,TX,HUTCHINSON,2013,SORGHUM,ALL CLASSES,IRRIGATED,irrigated,GRAIN,115.1,BU / ACRE,
48295,TX,LIPSCOMB,2013,SORGHUM,ALL CLASSES,IRRIGATED,irrigated,GRAIN,116.7,BU / ACRE,
48341,TX,MOORE,2015,SORGHUM,ALL CLASSES,IRRIGATED,irrigated,GRAIN,115.6,BU / ACRE,
48341,TX,MOORE,2014,SORGHUM,ALL CLASSES,IRRIGATED,irrigated,GRAIN,116.6,BU / ACRE,
48341,TX,MOORE,2013,SORGHUM,ALL CLASSES,IRRIGATED,irrigated,GRAIN,105.3,BU / ACRE,
48341,TX,MOORE,2012,SORGHUM,ALL CLASSES,IRRIGATED,irrigated,GRAIN,101.0,BU / ACRE,
48341,TX,MOORE,2010,SORGHUM,ALL CLASSES,IRRIGATED,irrigated,GRAIN,108.5,BU / ACRE,
48341,TX,MOORE,2009,SORGHUM,ALL CLASSES,IRRIGATED,irrigated,GRAIN,104.0,BU / ACRE,
48357,TX,OCHILTREE,2018,SORGHUM,ALL CLASSES,IRRIGATED,irrigated,GRAIN,77.5,BU / ACRE,
48357,TX,OCHILTREE,2016,SORGHUM,ALL CLASSES,IRRIGATED,irrigated,GRAIN,116.9,BU / ACRE,
48357,TX,OCHILTREE,2015,SORGHUM,ALL CLASSES,IRRIGATED,irrigated,GRAIN,110.4,BU / ACRE,
48357,TX,OCHILTREE,2014,SORGHUM,ALL CLASSES,IRRIGATED,irrigated,GRAIN,110.9,BU / ACRE,
48357,TX,OCHILTREE,2010,SORGHUM,ALL CLASSES,IRRIGATED,irrigated,GRAIN,121.4,BU / ACRE,
48357,TX,OCHILTREE,2009,SORGHUM,ALL CLASSES,IRRIGATED,irrigated,GRAIN,107.0,BU / ACRE,
48357,TX,OCHILTREE,2008,SORGHUM,ALL CLASSES,IRRIGATED,irrigated,GRAIN,74.0,BU / ACRE,
48369,TX,PARMER,2016,SORGHUM,ALL CLASSES,IRRIGATED,irrigated,GRAIN,83.1,BU / ACRE,
48369,TX,PARMER,2015,SORGHUM,ALL CLASSES,IRRIGATED,irrigated,GRAIN,84.7,BU / ACRE,
48369,TX,PARMER,2014,SORGHUM,ALL CLASSES,IRRIGATED,irrigated,GRAIN,70.7,BU / ACRE,
48369,TX,PARMER,2013,SORGHUM,ALL CLASSES,IRRIGATED,irrigated,GRAIN,85.2,BU / ACRE,
48369,TX,PARMER,2012,SORGHUM,ALL CLASSES,IRRIGATED,irrigated,GRAIN,72.0,BU / ACRE,
48369,TX,PARMER,2010,SORGHUM,ALL CLASSES,IRRIGATED,irrigated,GRAIN,86.5,BU / ACRE,
48369,TX,PARMER,2009,SORGHUM,ALL CLASSES,IRRIGATED,irrigated,GRAIN,81.0,BU / ACRE,
48369,TX,PARMER,2008,SORGHUM,ALL CLASSES,IRRIGATED,irrigated,GRAIN,86.0,BU / ACRE,
48375,TX,POTTER,2015,SORGHUM,ALL CLASSES,IRRIGATED,irrigated,GRAIN,106.4,BU / ACRE,
48381,TX,RANDALL,2015,SORGHUM,ALL CLASSES,IRRIGATED,irrigated,GRAIN,95.9,BU / ACRE,
48381,TX,RANDALL,2013,SORGHUM,ALL CLASSES,IRRIGATED,irrigated,GRAIN,106.2,BU / ACRE,
48381,TX,RANDALL,2012,SORGHUM,ALL CLASSES,IRRIGATED,irrigated,GRAIN,82.5,BU / ACRE,
48381,TX,RANDALL,2009,SORGHUM,ALL CLASSES,IRRIGATED,irrigated,GRAIN,89.0,BU / ACRE,
48421,TX,SHERMAN,2017,SORGHUM,ALL CLASSES,IRRIGATED,irrigated,GRAIN,122.1,BU / ACRE,
48421,TX,SHERMAN,2016,SORGHUM,ALL CLASSES,IRRIGATED,irrigated,GRAIN,118.9,BU / ACRE,
48421,TX,SHERMAN,2015,SORGHUM,ALL CLASSES,IRRIGATED,irrigated,GRAIN,123.6,BU / ACRE,
48421,TX,SHERMAN,2012,SORGHUM,ALL CLASSES,IRRIGATED,irrigated,GRAIN,83.8,BU / ACRE,
48421,TX,SHERMAN,2009,SORGHUM,ALL CLASSES,IRRIGATED,irrigated,GRAIN,109.0,BU / ACRE,
48437,TX,SWISHER,2017,SORGHUM,ALL CLASSES,IRRIGATED,irrigated,GRAIN,69.6,BU / ACRE,
48437,TX,SWISHER,2016,SORGHUM,ALL CLASSES,IRRIGATED,irrigated,GRAIN,101.4,BU / ACRE,
48437,TX,SWISHER,2015,SORGHUM,ALL CLASSES,IRRIGATED,irrigated,GRAIN,87.3,BU / ACRE,
48437,TX,SWISHER,2013,SORGHUM,ALL CLASSES,IRRIGATED,irrigated,GRAIN,106.0,BU / ACRE,
48437,TX,SWISHER,2010,SORGHUM,ALL CLASSES,IRRIGATED,irrigated,GRAIN,94.5,BU / ACRE,
48017,TX,BAILEY,2015,SORGHUM,ALL CLASSES,IRRIGATED,irrigated,GRAIN,83.1,BU / ACRE,
48017,TX,BAILEY,2014,SORGHUM,ALL CLASSES,IRRIGATED,irrigated,GRAIN,88.3,BU / ACRE,
48017,TX,BAILEY,2013,SORGHUM,ALL CLASSES,IRRIGATED,irrigated,GRAIN,77.9,BU / ACRE,
48017,TX,BAILEY,2009,SORGHUM,ALL CLASSES,IRRIGATED,irrigated,GRAIN,93.0,BU / ACRE,
48017,TX,BAILEY,2008,SORGHUM,ALL CLASSES,IRRIGATED,irrigated,GRAIN,80.0,BU / ACRE,
48079,TX,COCHRAN,2013,SORGHUM,ALL CLASSES,IRRIGATED,irrigated,GRAIN,64.6,BU / ACRE,
48079,TX,COCHRAN,2010,SORGHUM,ALL CLASSES,IRRIGATED,irrigated,GRAIN,60.7,BU / ACRE,
48079,TX,COCHRAN,2009,SORGHUM,ALL CLASSES,IRRIGATED,irrigated,GRAIN,63.0,BU / ACRE,
48079,TX,COCHRAN,2008,SORGHUM,ALL CLASSES,IRRIGATED,irrigated,GRAIN,59.0,BU / ACRE,
48107,TX,CROSBY,2015,SORGHUM,ALL CLASSES,IRRIGATED,irrigated,GRAIN,82.0,BU / ACRE,
48107,TX,CROSBY,2014,SORGHUM,ALL CLASSES,IRRIGATED,irrigated,GRAIN,79.1,BU / ACRE,
48107,TX,CROSBY,2013,SORGHUM,ALL CLASSES,IRRIGATED,irrigated,GRAIN,75.3,BU / ACRE,
48107,TX,CROSBY,2012,SORGHUM,ALL CLASSES,IRRIGATED,irrigated,GRAIN,44.5,BU / ACRE,
48107,TX,CROSBY,2009,SORGHUM,ALL CLASSES,IRRIGATED,irrigated,GRAIN,75.0,BU / ACRE,
48107,TX,CROSBY,2008,SORGHUM,ALL CLASSES,IRRIGATED,irrigated,GRAIN,66.0,BU / ACRE,
48115,TX,DAWSON,2014,SORGHUM,ALL CLASSES,IRRIGATED,irrigated,GRAIN,51.6,BU / ACRE,
48115,TX,DAWSON,2008,SORGHUM,ALL CLASSES,IRRIGATED,irrigated,GRAIN,84.0,BU / ACRE,
48165,TX,GAINES,2015,SORGHUM,ALL CLASSES,IRRIGATED,irrigated,GRAIN,42.5,BU / ACRE,
48165,TX,GAINES,2008,SORGHUM,ALL CLASSES,IRRIGATED,irrigated,GRAIN,49.0,BU / ACRE,
48173,TX,GLASSCOCK,2013,SORGHUM,ALL CLASSES,IRRIGATED,irrigated,GRAIN,69.2,BU / ACRE,
48219,TX,HOCKLEY,2017,SORGHUM,ALL CLASSES,IRRIGATED,irrigated,GRAIN,49.5,BU / ACRE,
48219,TX,HOCKLEY,2015,SORGHUM,ALL CLASSES,IRRIGATED,irrigated,GRAIN,66.6,BU / ACRE,
48219,TX,HOCKLEY,2013,SORGHUM,ALL CLASSES,IRRIGATED,irrigated,GRAIN,79.8,BU / ACRE,
48219,TX,HOCKLEY,2012,SORGHUM,ALL CLASSES,IRRIGATED,irrigated,GRAIN,58.2,BU / ACRE,
48279,TX,LAMB,2017,SORGHUM,ALL CLASSES,IRRIGATED,irrigated,GRAIN,58.8,BU / ACRE,
48279,TX,LAMB,2015,SORGHUM,ALL CLASSES,IRRIGATED,irrigated,GRAIN,85.4,BU / ACRE,
48279,TX,LAMB,2014,SORGHUM,ALL CLASSES,IRRIGATED,irrigated,GRAIN,71.4,BU / ACRE,
48279,TX,LAMB,2013,SORGHUM,ALL CLASSES,IRRIGATED,irrigated,GRAIN,90.0,BU / ACRE,
48279,TX,LAMB,2010,SORGHUM,ALL CLASSES,IRRIGATED,irrigated,GRAIN,94.5,BU / ACRE,
48279,TX,LAMB,2009,SORGHUM,ALL CLASSES,IRRIGATED,irrigated,GRAIN,101.0,BU / ACRE,
48279,TX,LAMB,2008,SORGHUM,ALL CLASSES,IRRIGATED,irrigated,GRAIN,81.0,BU / ACRE,
48303,TX,LUBBOCK,2014,SORGHUM,ALL CLASSES,IRRIGATED,irrigated,GRAIN,74.5,BU / ACRE,
48303,TX,LUBBOCK,2013,SORGHUM,ALL CLASSES,IRRIGATED,irrigated,GRAIN,97.9,BU / ACRE,
48303,TX,LUBBOCK,2010,SORGHUM,ALL CLASSES,IRRIGATED,irrigated,GRAIN,85.5,BU / ACRE,
48303,TX,LUBBOCK,2009,SORGHUM,ALL CLASSES,IRRIGATED,irrigated,GRAIN,71.0,BU / ACRE,
48303,TX,LUBBOCK,2008,SORGHUM,ALL CLASSES,IRRIGATED,irrigated,GRAIN,72.0,BU / ACRE,
48305,TX,LYNN,2017,SORGHUM,ALL CLASSES,IRRIGATED,irrigated,GRAIN,71.4,BU / ACRE,
48305,TX,LYNN,2016,SORGHUM,ALL CLASSES,IRRIGATED,irrigated,GRAIN,72.0,BU / ACRE,
48305,TX,LYNN,2015,SORGHUM,ALL CLASSES,IRRIGATED,irrigated,GRAIN,67.6,BU / ACRE,
48305,TX,LYNN,2014,SORGHUM,ALL CLASSES,IRRIGATED,irrigated,GRAIN,58.2,BU / ACRE,
48305,TX,LYNN,2013,SORGHUM,ALL CLASSES,IRRIGATED,irrigated,GRAIN,83.2,BU / ACRE,
48305,TX,LYNN,2012,SORGHUM,ALL CLASSES,IRRIGATED,irrigated,GRAIN,65.3,BU / ACRE,
48305,TX,LYNN,2009,SORGHUM,ALL CLASSES,IRRIGATED,irrigated,GRAIN,88.0,BU / ACRE,
48305,TX,LYNN,2008,SORGHUM,ALL CLASSES,IRRIGATED,irrigated,GRAIN,78.0,BU / ACRE,
48445,TX,TERRY,2009,SORGHUM,ALL CLASSES,IRRIGATED,irrigated,GRAIN,57.0,BU / ACRE,
48501,TX,YOAKUM,2013,SORGHUM,ALL CLASSES,IRRIGATED,irrigated,GRAIN,61.6,BU / ACRE,
48501,TX,YOAKUM,2010,SORGHUM,ALL CLASSES,IRRIGATED,irrigated,GRAIN,57.5,BU / ACRE,
48501,TX,YOAKUM,2009,SORGHUM,ALL CLASSES,IRRIGATED,irrigated,GRAIN,34.0,BU / ACRE,
48501,TX,YOAKUM,2008,SORGHUM,ALL CLASSES,IRRIGATED,irrigated,GRAIN,61.0,BU / ACRE,
48129,TX,DONLEY,2013,SORGHUM,ALL CLASSES,IRRIGATED,irrigated,GRAIN,95.2,BU / ACRE,
48095,TX,CONCHO,2012,SORGHUM,ALL CLASSES,IRRIGATED,irrigated,GRAIN,50.0,BU / ACRE,
48451,TX,TOM GREEN,2018,SORGHUM,ALL CLASSES,IRRIGATED,irrigated,GRAIN,58.5,BU / ACRE,
48451,TX,TOM GREEN,2017,SORGHUM,ALL CLASSES,IRRIGATED,irrigated,GRAIN,76.9,BU / ACRE,
48451,TX,TOM GREEN,2016,SORGHUM,ALL CLASSES,IRRIGATED,irrigated,GRAIN,64.7,BU / ACRE,
48451,TX,TOM GREEN,2015,SORGHUM,ALL CLASSES,IRRIGATED,irrigated,GRAIN,94.0,BU / ACRE,
48451,TX,TOM GREEN,2014,SORGHUM,ALL CLASSES,IRRIGATED,irrigated,GRAIN,74.3,BU / ACRE,
48451,TX,TOM GREEN,2013,SORGHUM,ALL CLASSES,IRRIGATED,irrigated,GRAIN,69.6,BU / ACRE,
48451,TX,TOM GREEN,2012,SORGHUM,ALL CLASSES,IRRIGATED,irrigated,GRAIN,78.2,BU / ACRE,
48451,TX,TOM GREEN,2009,SORGHUM,ALL CLASSES,IRRIGATED,irrigated,GRAIN,68.0,BU / ACRE,
48463,TX,UVALDE,2018,SORGHUM,ALL CLASSES,IRRIGATED,irrigated,GRAIN,85.6,BU / ACRE,
48463,TX,UVALDE,2016,SORGHUM,ALL CLASSES,IRRIGATED,irrigated,GRAIN,86.5,BU / ACRE,
48463,TX,UVALDE,2015,SORGHUM,ALL CLASSES,IRRIGATED,irrigated,GRAIN,72.8,BU / ACRE,
48463,TX,UVALDE,2013,SORGHUM,ALL CLASSES,IRRIGATED,irrigated,GRAIN,68.0,BU / ACRE,
48463,TX,UVALDE,2012,SORGHUM,ALL CLASSES,IRRIGATED,irrigated,GRAIN,90.7,BU / ACRE,
48463,TX,UVALDE,2009,SORGHUM,ALL CLASSES,IRRIGATED,irrigated,GRAIN,67.0,BU / ACRE,
48025,TX,BEE,2012,SORGHUM,ALL CLASSES,IRRIGATED,irrigated,GRAIN,95.8,BU / ACRE,
48051,TX,BURLESON,2009,SORGHUM,ALL CLASSES,IRRIGATED,irrigated,GRAIN,72.0,BU / ACRE,
48325,TX,MEDINA,2018,SORGHUM,ALL CLASSES,IRRIGATED,irrigated,GRAIN,97.7,BU / ACRE,
48325,TX,MEDINA,2017,SORGHUM,ALL CLASSES,IRRIGATED,irrigated,GRAIN,95.6,BU / ACRE,
48325,TX,MEDINA,2016,SORGHUM,ALL CLASSES,IRRIGATED,irrigated,GRAIN,93.6,BU / ACRE,
48325,TX,MEDINA,2014,SORGHUM,ALL CLASSES,IRRIGATED,irrigated,GRAIN,68.5,BU / ACRE,
48325,TX,MEDINA,2011,SORGHUM,ALL CLASSES,IRRIGATED,irrigated,GRAIN,100.0,BU / ACRE,
48325,TX,MEDINA,2010,SORGHUM,ALL CLASSES,IRRIGATED,irrigated,GRAIN,81.1,BU / ACRE,
48325,TX,MEDINA,2009,SORGHUM,ALL CLASSES,IRRIGATED,irrigated,GRAIN,88.0,BU / ACRE,
48325,TX,MEDINA,2008,SORGHUM,ALL CLASSES,IRRIGATED,irrigated,GRAIN,82.0,BU / ACRE,
48321,TX,MATAGORDA,2011,SORGHUM,ALL CLASSES,IRRIGATED,irrigated,GRAIN,94.0,BU / ACRE,
48481,TX,WHARTON,2012,SORGHUM,ALL CLASSES,IRRIGATED,irrigated,GRAIN,111.3,BU / ACRE,
48061,TX,CAMERON,2016,SORGHUM,ALL CLASSES,IRRIGATED,irrigated,GRAIN,72.6,BU / ACRE,
48061,TX,CAMERON,2015,SORGHUM,ALL CLASSES,IRRIGATED,irrigated,GRAIN,81.6,BU / ACRE,
48061,TX,CAMERON,2014,SORGHUM,ALL CLASSES,IRRIGATED,irrigated,GRAIN,81.1,BU / ACRE,
48061,TX,CAMERON,2013,SORGHUM,ALL CLASSES,IRRIGATED,irrigated,GRAIN,77.7,BU / ACRE,
48061,TX,CAMERON,2012,SORGHUM,ALL CLASSES,IRRIGATED,irrigated,GRAIN,79.5,BU / ACRE,
48061,TX,CAMERON,2008,SORGHUM,ALL CLASSES,IRRIGATED,irrigated,GRAIN,69.0,BU / ACRE,
48215,TX,HIDALGO,2018,SORGHUM,ALL CLASSES,IRRIGATED,irrigated,GRAIN,88.9,BU / ACRE,
48215,TX,HIDALGO,2017,SORGHUM,ALL CLASSES,IRRIGATED,irrigated,GRAIN,89.3,BU / ACRE,
48215,TX,HIDALGO,2016,SORGHUM,ALL CLASSES,IRRIGATED,irrigated,GRAIN,71.9,BU / ACRE,
48215,TX,HIDALGO,2012,SORGHUM,ALL CLASSES,IRRIGATED,irrigated,GRAIN,91.9,BU / ACRE,
48215,TX,HIDALGO,2011,SORGHUM,ALL CLASSES,IRRIGATED,irrigated,GRAIN,82.8,BU / ACRE,
48215,TX,HIDALGO,2010,SORGHUM,ALL CLASSES,IRRIGATED,irrigated,GRAIN,81.0,BU / ACRE,
48215,TX,HIDALGO,2009,SORGHUM,ALL CLASSES,IRRIGATED,irrigated,GRAIN,75.0,BU / ACRE,
48489,TX,WILLACY,2018,SORGHUM,ALL CLASSES,IRRIGATED,irrigated,GRAIN,82.2,BU / ACRE,
48489,TX,WILLACY,2017,SORGHUM,ALL CLASSES,IRRIGATED,irrigated,GRAIN,89.8,BU / ACRE,
48489,TX,WILLACY,2015,SORGHUM,ALL CLASSES,IRRIGATED,irrigated,GRAIN,65.1,BU / ACRE,
48011,TX,ARMSTRONG,2013,SORGHUM,ALL CLASSES,NON-IRRIGATED,non_irrigated,GRAIN,33.5,BU / ACRE,
48045,TX,BRISCOE,2014,SORGHUM,ALL CLASSES,NON-IRRIGATED,non_irrigated,GRAIN,31.8,BU / ACRE,
48045,TX,BRISCOE,2013,SORGHUM,ALL CLASSES,NON-IRRIGATED,non_irrigated,GRAIN,21.7,BU / ACRE,
48045,TX,BRISCOE,2009,SORGHUM,ALL CLASSES,NON-IRRIGATED,non_irrigated,GRAIN,40.0,BU / ACRE,
48065,TX,CARSON,2018,SORGHUM,ALL CLASSES,NON-IRRIGATED,non_irrigated,GRAIN,45.9,BU / ACRE,
48065,TX,CARSON,2016,SORGHUM,ALL CLASSES,NON-IRRIGATED,non_irrigated,GRAIN,71.4,BU / ACRE,
48065,TX,CARSON,2015,SORGHUM,ALL CLASSES,NON-IRRIGATED,non_irrigated,GRAIN,51.2,BU / ACRE,
48065,TX,CARSON,2014,SORGHUM,ALL CLASSES,NON-IRRIGATED,non_irrigated,GRAIN,43.6,BU / ACRE,
48065,TX,CARSON,2013,SORGHUM,ALL CLASSES,NON-IRRIGATED,non_irrigated,GRAIN,33.4,BU / ACRE,
48065,TX,CARSON,2012,SORGHUM,ALL CLASSES,NON-IRRIGATED,non_irrigated,GRAIN,14.5,BU / ACRE,
48065,TX,CARSON,2010,SORGHUM,ALL CLASSES,NON-IRRIGATED,non_irrigated,GRAIN,56.5,BU / ACRE,
48065,TX,CARSON,2009,SORGHUM,ALL CLASSES,NON-IRRIGATED,non_irrigated,GRAIN,52.0,BU / ACRE,
48065,TX,CARSON,2008,SORGHUM,ALL CLASSES,NON-IRRIGATED,non_irrigated,GRAIN,38.0,BU / ACRE,
48069,TX,CASTRO,2018,SORGHUM,ALL CLASSES,NON-IRRIGATED,non_irrigated,GRAIN,34.5,BU / ACRE,
48069,TX,CASTRO,2012,SORGHUM,ALL CLASSES,NON-IRRIGATED,non_irrigated,GRAIN,18.0,BU / ACRE,
48069,TX,CASTRO,2010,SORGHUM,ALL CLASSES,NON-IRRIGATED,non_irrigated,GRAIN,27.6,BU / ACRE,
48069,TX,CASTRO,2009,SORGHUM,ALL CLASSES,NON-IRRIGATED,non_irrigated,GRAIN,32.0,BU / ACRE,
48111,TX,DALLAM,2015,SORGHUM,ALL CLASSES,NON-IRRIGATED,non_irrigated,GRAIN,36.8,BU / ACRE,
48111,TX,DALLAM,2014,SORGHUM,ALL CLASSES,NON-IRRIGATED,non_irrigated,GRAIN,20.5,BU / ACRE,
48111,TX,DALLAM,2010,SORGHUM,ALL CLASSES,NON-IRRIGATED,non_irrigated,GRAIN,57.6,BU / ACRE,
48117,TX,DEAF SMITH,2017,SORGHUM,ALL CLASSES,NON-IRRIGATED,non_irrigated,GRAIN,56.3,BU / ACRE,
48117,TX,DEAF SMITH,2015,SORGHUM,ALL CLASSES,NON-IRRIGATED,non_irrigated,GRAIN,44.0,BU / ACRE,
48117,TX,DEAF SMITH,2012,SORGHUM,ALL CLASSES,NON-IRRIGATED,non_irrigated,GRAIN,27.8,BU / ACRE,
48117,TX,DEAF SMITH,2010,SORGHUM,ALL CLASSES,NON-IRRIGATED,non_irrigated,GRAIN,46.0,BU / ACRE,
48117,TX,DEAF SMITH,2009,SORGHUM,ALL CLASSES,NON-IRRIGATED,non_irrigated,GRAIN,47.0,BU / ACRE,
48153,TX,FLOYD,2016,SORGHUM,ALL CLASSES,NON-IRRIGATED,non_irrigated,GRAIN,33.5,BU / ACRE,
48153,TX,FLOYD,2014,SORGHUM,ALL CLASSES,NON-IRRIGATED,non_irrigated,GRAIN,32.6,BU / ACRE,
48153,TX,FLOYD,2013,SORGHUM,ALL CLASSES,NON-IRRIGATED,non_irrigated,GRAIN,27.8,BU / ACRE,
48153,TX,FLOYD,2010,SORGHUM,ALL CLASSES,NON-IRRIGATED,non_irrigated,GRAIN,66.5,BU / ACRE,
48153,TX,FLOYD,2009,SORGHUM,ALL CLASSES,NON-IRRIGATED,non_irrigated,GRAIN,37.0,BU / ACRE,
48189,TX,HALE,2014,SORGHUM,ALL CLASSES,NON-IRRIGATED,non_irrigated,GRAIN,39.0,BU / ACRE,
48189,TX,HALE,2012,SORGHUM,ALL CLASSES,NON-IRRIGATED,non_irrigated,GRAIN,33.1,BU / ACRE,
48189,TX,HALE,2010,SORGHUM,ALL CLASSES,NON-IRRIGATED,non_irrigated,GRAIN,59.5,BU / ACRE,
48189,TX,HALE,2009,SORGHUM,ALL CLASSES,NON-IRRIGATED,non_irrigated,GRAIN,29.0,BU / ACRE,
48189,TX,HALE,2008,SORGHUM,ALL CLASSES,NON-IRRIGATED,non_irrigated,GRAIN,28.0,BU / ACRE,
48195,TX,HANSFORD,2017,SORGHUM,ALL CLASSES,NON-IRRIGATED,non_irrigated,GRAIN,47.2,BU / ACRE,
48195,TX,HANSFORD,2010,SORGHUM,ALL CLASSES,NON-IRRIGATED,non_irrigated,GRAIN,59.5,BU / ACRE,
48205,TX,HARTLEY,2009,SORGHUM,ALL CLASSES,NON-IRRIGATED,non_irrigated,GRAIN,36.0,BU / ACRE,
48205,TX,HARTLEY,2008,SORGHUM,ALL CLASSES,NON-IRRIGATED,non_irrigated,GRAIN,37.0,BU / ACRE,
48233,TX,HUTCHINSON,2015,SORGHUM,ALL CLASSES,NON-IRRIGATED,non_irrigated,GRAIN,41.0,BU / ACRE,
48233,TX,HUTCHINSON,2014,SORGHUM,ALL CLASSES,NON-IRRIGATED,non_irrigated,GRAIN,26.6,BU / ACRE,
48233,TX,HUTCHINSON,2013,SORGHUM,ALL CLASSES,NON-IRRIGATED,non_irrigated,GRAIN,37.9,BU / ACRE,
48295,TX,LIPSCOMB,2013,SORGHUM,ALL CLASSES,NON-IRRIGATED,non_irrigated,GRAIN,39.7,BU / ACRE,
48341,TX,MOORE,2015,SORGHUM,ALL CLASSES,NON-IRRIGATED,non_irrigated,GRAIN,48.6,BU / ACRE,
48341,TX,MOORE,2014,SORGHUM,ALL CLASSES,NON-IRRIGATED,non_irrigated,GRAIN,29.7,BU / ACRE,
48341,TX,MOORE,2013,SORGHUM,ALL CLASSES,NON-IRRIGATED,non_irrigated,GRAIN,24.7,BU / ACRE,
48341,TX,MOORE,2012,SORGHUM,ALL CLASSES,NON-IRRIGATED,non_irrigated,GRAIN,25.3,BU / ACRE,
48341,TX,MOORE,2010,SORGHUM,ALL CLASSES,NON-IRRIGATED,non_irrigated,GRAIN,52.5,BU / ACRE,
48341,TX,MOORE,2009,SORGHUM,ALL CLASSES,NON-IRRIGATED,non_irrigated,GRAIN,49.0,BU / ACRE,
48357,TX,OCHILTREE,2018,SORGHUM,ALL CLASSES,NON-IRRIGATED,non_irrigated,GRAIN,68.6,BU / ACRE,
48357,TX,OCHILTREE,2016,SORGHUM,ALL CLASSES,NON-IRRIGATED,non_irrigated,GRAIN,80.5,BU / ACRE,
48357,TX,OCHILTREE,2015,SORGHUM,ALL CLASSES,NON-IRRIGATED,non_irrigated,GRAIN,57.4,BU / ACRE,
48357,TX,OCHILTREE,2014,SORGHUM,ALL CLASSES,NON-IRRIGATED,non_irrigated,GRAIN,49.1,BU / ACRE,
48357,TX,OCHILTREE,2010,SORGHUM,ALL CLASSES,NON-IRRIGATED,non_irrigated,GRAIN,73.1,BU / ACRE,
48357,TX,OCHILTREE,2009,SORGHUM,ALL CLASSES,NON-IRRIGATED,non_irrigated,GRAIN,72.0,BU / ACRE,
48357,TX,OCHILTREE,2008,SORGHUM,ALL CLASSES,NON-IRRIGATED,non_irrigated,GRAIN,54.0,BU / ACRE,
48369,TX,PARMER,2016,SORGHUM,ALL CLASSES,NON-IRRIGATED,non_irrigated,GRAIN,54.7,BU / ACRE,
48369,TX,PARMER,2015,SORGHUM,ALL CLASSES,NON-IRRIGATED,non_irrigated,GRAIN,33.3,BU / ACRE,
48369,TX,PARMER,2014,SORGHUM,ALL CLASSES,NON-IRRIGATED,non_irrigated,GRAIN,30.7,BU / ACRE,
48369,TX,PARMER,2013,SORGHUM,ALL CLASSES,NON-IRRIGATED,non_irrigated,GRAIN,17.8,BU / ACRE,
48369,TX,PARMER,2012,SORGHUM,ALL CLASSES,NON-IRRIGATED,non_irrigated,GRAIN,17.3,BU / ACRE,
48369,TX,PARMER,2010,SORGHUM,ALL CLASSES,NON-IRRIGATED,non_irrigated,GRAIN,48.2,BU / ACRE,
48369,TX,PARMER,2009,SORGHUM,ALL CLASSES,NON-IRRIGATED,non_irrigated,GRAIN,35.0,BU / ACRE,
48369,TX,PARMER,2008,SORGHUM,ALL CLASSES,NON-IRRIGATED,non_irrigated,GRAIN,36.0,BU / ACRE,
48375,TX,POTTER,2015,SORGHUM,ALL CLASSES,NON-IRRIGATED,non_irrigated,GRAIN,67.7,BU / ACRE,
48381,TX,RANDALL,2015,SORGHUM,ALL CLASSES,NON-IRRIGATED,non_irrigated,GRAIN,46.9,BU / ACRE,
48381,TX,RANDALL,2013,SORGHUM,ALL CLASSES,NON-IRRIGATED,non_irrigated,GRAIN,17.4,BU / ACRE,
48381,TX,RANDALL,2012,SORGHUM,ALL CLASSES,NON-IRRIGATED,non_irrigated,GRAIN,15.4,BU / ACRE,
48381,TX,RANDALL,2009,SORGHUM,ALL CLASSES,NON-IRRIGATED,non_irrigated,GRAIN,33.0,BU / ACRE,
48421,TX,SHERMAN,2017,SORGHUM,ALL CLASSES,NON-IRRIGATED,non_irrigated,GRAIN,53.2,BU / ACRE,
48421,TX,SHERMAN,2016,SORGHUM,ALL CLASSES,NON-IRRIGATED,non_irrigated,GRAIN,52.4,BU / ACRE,
48421,TX,SHERMAN,2015,SORGHUM,ALL CLASSES,NON-IRRIGATED,non_irrigated,GRAIN,65.6,BU / ACRE,
48421,TX,SHERMAN,2012,SORGHUM,ALL CLASSES,NON-IRRIGATED,non_irrigated,GRAIN,17.1,BU / ACRE,
48421,TX,SHERMAN,2009,SORGHUM,ALL CLASSES,NON-IRRIGATED,non_irrigated,GRAIN,19.0,BU / ACRE,
48437,TX,SWISHER,2017,SORGHUM,ALL CLASSES,NON-IRRIGATED,non_irrigated,GRAIN,45.6,BU / ACRE,
48437,TX,SWISHER,2016,SORGHUM,ALL CLASSES,NON-IRRIGATED,non_irrigated,GRAIN,28.5,BU / ACRE,
48437,TX,SWISHER,2015,SORGHUM,ALL CLASSES,NON-IRRIGATED,non_irrigated,GRAIN,39.8,BU / ACRE,
48437,TX,SWISHER,2013,SORGHUM,ALL CLASSES,NON-IRRIGATED,non_irrigated,GRAIN,21.1,BU / ACRE,
48437,TX,SWISHER,2010,SORGHUM,ALL CLASSES,NON-IRRIGATED,non_irrigated,GRAIN,51.7,BU / ACRE,
48017,TX,BAILEY,2015,SORGHUM,ALL CLASSES,NON-IRRIGATED,non_irrigated,GRAIN,32.8,BU / ACRE,
48017,TX,BAILEY,2014,SORGHUM,ALL CLASSES,NON-IRRIGATED,non_irrigated,GRAIN,31.9,BU / ACRE,
48017,TX,BAILEY,2013,SORGHUM,ALL CLASSES,NON-IRRIGATED,non_irrigated,GRAIN,21.6,BU / ACRE,
48017,TX,BAILEY,2009,SORGHUM,ALL CLASSES,NON-IRRIGATED,non_irrigated,GRAIN,20.0,BU / ACRE,
48017,TX,BAILEY,2008,SORGHUM,ALL CLASSES,NON-IRRIGATED,non_irrigated,GRAIN,38.0,BU / ACRE,
48079,TX,COCHRAN,2013,SORGHUM,ALL CLASSES,NON-IRRIGATED,non_irrigated,GRAIN,24.6,BU / ACRE,
48079,TX,COCHRAN,2010,SORGHUM,ALL CLASSES,NON-IRRIGATED,non_irrigated,GRAIN,26.4,BU / ACRE,
48079,TX,COCHRAN,2009,SORGHUM,ALL CLASSES,NON-IRRIGATED,non_irrigated,GRAIN,19.0,BU / ACRE,
48079,TX,COCHRAN,2008,SORGHUM,ALL CLASSES,NON-IRRIGATED,non_irrigated,GRAIN,28.0,BU / ACRE,
48107,TX,CROSBY,2015,SORGHUM,ALL CLASSES,NON-IRRIGATED,non_irrigated,GRAIN,36.4,BU / ACRE,
48107,TX,CROSBY,2014,SORGHUM,ALL CLASSES,NON-IRRIGATED,non_irrigated,GRAIN,31.1,BU / ACRE,
48107,TX,CROSBY,2013,SORGHUM,ALL CLASSES,NON-IRRIGATED,non_irrigated,GRAIN,24.8,BU / ACRE,
48107,TX,CROSBY,2012,SORGHUM,ALL CLASSES,NON-IRRIGATED,non_irrigated,GRAIN,20.0,BU / ACRE,
48107,TX,CROSBY,2009,SORGHUM,ALL CLASSES,NON-IRRIGATED,non_irrigated,GRAIN,30.0,BU / ACRE,
48107,TX,CROSBY,2008,SORGHUM,ALL CLASSES,NON-IRRIGATED,non_irrigated,GRAIN,31.0,BU / ACRE,
48115,TX,DAWSON,2014,SORGHUM,ALL CLASSES,NON-IRRIGATED,non_irrigated,GRAIN,41.4,BU / ACRE,
48115,TX,DAWSON,2008,SORGHUM,ALL CLASSES,NON-IRRIGATED,non_irrigated,GRAIN,33.0,BU / ACRE,
48165,TX,GAINES,2015,SORGHUM,ALL CLASSES,NON-IRRIGATED,non_irrigated,GRAIN,29.1,BU / ACRE,
48165,TX,GAINES,2008,SORGHUM,ALL CLASSES,NON-IRRIGATED,non_irrigated,GRAIN,32.0,BU / ACRE,
48173,TX,GLASSCOCK,2013,SORGHUM,ALL CLASSES,NON-IRRIGATED,non_irrigated,GRAIN,17.5,BU / ACRE,
48219,TX,HOCKLEY,2017,SORGHUM,ALL CLASSES,NON-IRRIGATED,non_irrigated,GRAIN,39.0,BU / ACRE,
48219,TX,HOCKLEY,2015,SORGHUM,ALL CLASSES,NON-IRRIGATED,non_irrigated,GRAIN,36.8,BU / ACRE,
48219,TX,HOCKLEY,2013,SORGHUM,ALL CLASSES,NON-IRRIGATED,non_irrigated,GRAIN,22.0,BU / ACRE,
48219,TX,HOCKLEY,2012,SORGHUM,ALL CLASSES,NON-IRRIGATED,non_irrigated,GRAIN,21.1,BU / ACRE,
48279,TX,LAMB,2017,SORGHUM,ALL CLASSES,NON-IRRIGATED,non_irrigated,GRAIN,44.8,BU / ACRE,
48279,TX,LAMB,2015,SORGHUM,ALL CLASSES,NON-IRRIGATED,non_irrigated,GRAIN,32.3,BU / ACRE,
48279,TX,LAMB,2014,SORGHUM,ALL CLASSES,NON-IRRIGATED,non_irrigated,GRAIN,47.4,BU / ACRE,
48279,TX,LAMB,2013,SORGHUM,ALL CLASSES,NON-IRRIGATED,non_irrigated,GRAIN,30.5,BU / ACRE,
48279,TX,LAMB,2010,SORGHUM,ALL CLASSES,NON-IRRIGATED,non_irrigated,GRAIN,31.8,BU / ACRE,
48279,TX,LAMB,2009,SORGHUM,ALL CLASSES,NON-IRRIGATED,non_irrigated,GRAIN,33.0,BU / ACRE,
48279,TX,LAMB,2008,SORGHUM,ALL CLASSES,NON-IRRIGATED,non_irrigated,GRAIN,38.0,BU / ACRE,
48303,TX,LUBBOCK,2014,SORGHUM,ALL CLASSES,NON-IRRIGATED,non_irrigated,GRAIN,28.1,BU / ACRE,
48303,TX,LUBBOCK,2013,SORGHUM,ALL CLASSES,NON-IRRIGATED,non_irrigated,GRAIN,30.6,BU / ACRE,
48303,TX,LUBBOCK,2010,SORGHUM,ALL CLASSES,NON-IRRIGATED,non_irrigated,GRAIN,35.2,BU / ACRE,
48303,TX,LUBBOCK,2009,SORGHUM,ALL CLASSES,NON-IRRIGATED,non_irrigated,GRAIN,29.0,BU / ACRE,
48303,TX,LUBBOCK,2008,SORGHUM,ALL CLASSES,NON-IRRIGATED,non_irrigated,GRAIN,40.0,BU / ACRE,
48305,TX,LYNN,2017,SORGHUM,ALL CLASSES,NON-IRRIGATED,non_irrigated,GRAIN,29.5,BU / ACRE,
48305,TX,LYNN,2016,SORGHUM,ALL CLASSES,NON-IRRIGATED,non_irrigated,GRAIN,29.1,BU / ACRE,
48305,TX,LYNN,2015,SORGHUM,ALL CLASSES,NON-IRRIGATED,non_irrigated,GRAIN,42.9,BU / ACRE,
48305,TX,LYNN,2014,SORGHUM,ALL CLASSES,NON-IRRIGATED,non_irrigated,GRAIN,25.0,BU / ACRE,
48305,TX,LYNN,2013,SORGHUM,ALL CLASSES,NON-IRRIGATED,non_irrigated,GRAIN,28.8,BU / ACRE,
48305,TX,LYNN,2012,SORGHUM,ALL CLASSES,NON-IRRIGATED,non_irrigated,GRAIN,23.4,BU / ACRE,
48305,TX,LYNN,2009,SORGHUM,ALL CLASSES,NON-IRRIGATED,non_irrigated,GRAIN,26.0,BU / ACRE,
48305,TX,LYNN,2008,SORGHUM,ALL CLASSES,NON-IRRIGATED,non_irrigated,GRAIN,36.0,BU / ACRE,
48445,TX,TERRY,2009,SORGHUM,ALL CLASSES,NON-IRRIGATED,non_irrigated,GRAIN,21.0,BU / ACRE,
48501,TX,YOAKUM,2013,SORGHUM,ALL CLASSES,NON-IRRIGATED,non_irrigated,GRAIN,19.1,BU / ACRE,
48501,TX,YOAKUM,2010,SORGHUM,ALL CLASSES,NON-IRRIGATED,non_irrigated,GRAIN,31.3,BU / ACRE,
48501,TX,YOAKUM,2009,SORGHUM,ALL CLASSES,NON-IRRIGATED,non_irrigated,GRAIN,20.0,BU / ACRE,
48501,TX,YOAKUM,2008,SORGHUM,ALL CLASSES,NON-IRRIGATED,non_irrigated,GRAIN,30.0,BU / ACRE,
48129,TX,DONLEY,2013,SORGHUM,ALL CLASSES,NON-IRRIGATED,non_irrigated,GRAIN,56.9,BU / ACRE,
48345,TX,MOTLEY,2008,SORGHUM,ALL CLASSES,NON-IRRIGATED,non_irrigated,GRAIN,38.0,BU / ACRE,
48083,TX,COLEMAN,2012,SORGHUM,ALL CLASSES,NON-IRRIGATED,non_irrigated,GRAIN,29.2,BU / ACRE,
48083,TX,COLEMAN,2010,SORGHUM,ALL CLASSES,NON-IRRIGATED,non_irrigated,GRAIN,27.6,BU / ACRE,
48151,TX,FISHER,2010,SORGHUM,ALL CLASSES,NON-IRRIGATED,non_irrigated,GRAIN,33.6,BU / ACRE,
48253,TX,JONES,2010,SORGHUM,ALL CLASSES,NON-IRRIGATED,non_irrigated,GRAIN,30.0,BU / ACRE,
48253,TX,JONES,2008,SORGHUM,ALL CLASSES,NON-IRRIGATED,non_irrigated,GRAIN,20.0,BU / ACRE,
48027,TX,BELL,2011,SORGHUM,ALL CLASSES,NON-IRRIGATED,non_irrigated,GRAIN,41.6,BU / ACRE,
48027,TX,BELL,2008,SORGHUM,ALL CLASSES,NON-IRRIGATED,non_irrigated,GRAIN,57.0,BU / ACRE,
48035,TX,BOSQUE,2011,SORGHUM,ALL CLASSES,NON-IRRIGATED,non_irrigated,GRAIN,22.3,BU / ACRE,
48085,TX,COLLIN,2015,SORGHUM,ALL CLASSES,NON-IRRIGATED,non_irrigated,GRAIN,50.4,BU / ACRE,
48085,TX,COLLIN,2011,SORGHUM,ALL CLASSES,NON-IRRIGATED,non_irrigated,GRAIN,47.6,BU / ACRE,
48085,TX,COLLIN,2008,SORGHUM,ALL CLASSES,NON-IRRIGATED,non_irrigated,GRAIN,66.0,BU / ACRE,
48097,TX,COOKE,2015,SORGHUM,ALL CLASSES,NON-IRRIGATED,non_irrigated,GRAIN,28.9,BU / ACRE,
48097,TX,COOKE,2014,SORGHUM,ALL CLASSES,NON-IRRIGATED,non_irrigated,GRAIN,53.8,BU / ACRE,
48097,TX,COOKE,2012,SORGHUM,ALL CLASSES,NON-IRRIGATED,non_irrigated,GRAIN,57.9,BU / ACRE,
48097,TX,COOKE,2011,SORGHUM,ALL CLASSES,NON-IRRIGATED,non_irrigated,GRAIN,37.7,BU / ACRE,
48099,TX,CORYELL,2011,SORGHUM,ALL CLASSES,NON-IRRIGATED,non_irrigated,GRAIN,13.3,BU / ACRE,
48121,TX,DENTON,2012,SORGHUM,ALL CLASSES,NON-IRRIGATED,non_irrigated,GRAIN,42.0,BU / ACRE,
48121,TX,DENTON,2011,SORGHUM,ALL CLASSES,NON-IRRIGATED,non_irrigated,GRAIN,17.2,BU / ACRE,
48139,TX,ELLIS,2015,SORGHUM,ALL CLASSES,NON-IRRIGATED,non_irrigated,GRAIN,55.8,BU / ACRE,
48139,TX,ELLIS,2014,SORGHUM,ALL CLASSES,NON-IRRIGATED,non_irrigated,GRAIN,82.7,BU / ACRE,
48139,TX,ELLIS,2012,SORGHUM,ALL CLASSES,NON-IRRIGATED,non_irrigated,GRAIN,84.6,BU / ACRE,
48139,TX,ELLIS,2011,SORGHUM,ALL CLASSES,NON-IRRIGATED,non_irrigated,GRAIN,45.5,BU / ACRE,
48139,TX,ELLIS,2008,SORGHUM,ALL CLASSES,NON-IRRIGATED,non_irrigated,GRAIN,60.0,BU / ACRE,
48145,TX,FALLS,2015,SORGHUM,ALL CLASSES,NON-IRRIGATED,non_irrigated,GRAIN,81.9,BU / ACRE,
48145,TX,FALLS,2008,SORGHUM,ALL CLASSES,NON-IRRIGATED,non_irrigated,GRAIN,55.0,BU / ACRE,
48147,TX,FANNIN,2014,SORGHUM,ALL CLASSES,NON-IRRIGATED,non_irrigated,GRAIN,87.8,BU / ACRE,
48147,TX,FANNIN,2011,SORGHUM,ALL CLASSES,NON-IRRIGATED,non_irrigated,GRAIN,50.0,BU / ACRE,
48147,TX,FANNIN,2008,SORGHUM,ALL CLASSES,NON-IRRIGATED,non_irrigated,GRAIN,31.0,BU / ACRE,
48181,TX,GRAYSON,2015,SORGHUM,ALL CLASSES,NON-IRRIGATED,non_irrigated,GRAIN,61.0,BU / ACRE,
48181,TX,GRAYSON,2014,SORGHUM,ALL CLASSES,NON-IRRIGATED,non_irrigated,GRAIN,86.4,BU / ACRE,
48181,TX,GRAYSON,2012,SORGHUM,ALL CLASSES,NON-IRRIGATED,non_irrigated,GRAIN,75.2,BU / ACRE,
48181,TX,GRAYSON,2011,SORGHUM,ALL CLASSES,NON-IRRIGATED,non_irrigated,GRAIN,49.9,BU / ACRE,
48181,TX,GRAYSON,2008,SORGHUM,ALL CLASSES,NON-IRRIGATED,non_irrigated,GRAIN,71.0,BU / ACRE,
48193,TX,HAMILTON,2015,SORGHUM,ALL CLASSES,NON-IRRIGATED,non_irrigated,GRAIN,67.6,BU / ACRE,
48193,TX,HAMILTON,2014,SORGHUM,ALL CLASSES,NON-IRRIGATED,non_irrigated,GRAIN,77.3,BU / ACRE,
48193,TX,HAMILTON,2012,SORGHUM,ALL CLASSES,NON-IRRIGATED,non_irrigated,GRAIN,50.0,BU / ACRE,
48193,TX,HAMILTON,2011,SORGHUM,ALL CLASSES,NON-IRRIGATED,non_irrigated,GRAIN,48.2,BU / ACRE,
48193,TX,HAMILTON,2008,SORGHUM,ALL CLASSES,NON-IRRIGATED,non_irrigated,GRAIN,40.0,BU / ACRE,
48217,TX,HILL,2015,SORGHUM,ALL CLASSES,NON-IRRIGATED,non_irrigated,GRAIN,56.6,BU / ACRE,
48217,TX,HILL,2012,SORGHUM,ALL CLASSES,NON-IRRIGATED,non_irrigated,GRAIN,85.3,BU / ACRE,
48217,TX,HILL,2011,SORGHUM,ALL CLASSES,NON-IRRIGATED,non_irrigated,GRAIN,54.5,BU / ACRE,
48217,TX,HILL,2008,SORGHUM,ALL CLASSES,NON-IRRIGATED,non_irrigated,GRAIN,57.0,BU / ACRE,
48231,TX,HUNT,2014,SORGHUM,ALL CLASSES,NON-IRRIGATED,non_irrigated,GRAIN,89.3,BU / ACRE,
48231,TX,HUNT,2012,SORGHUM,ALL CLASSES,NON-IRRIGATED,non_irrigated,GRAIN,71.0,BU / ACRE,
48231,TX,HUNT,2011,SORGHUM,ALL CLASSES,NON-IRRIGATED,non_irrigated,GRAIN,9.4,BU / ACRE,
48231,TX,HUNT,2008,SORGHUM,ALL CLASSES,NON-IRRIGATED,non_irrigated,GRAIN,45.0,BU / ACRE,
48251,TX,JOHNSON,2015,SORGHUM,ALL CLASSES,NON-IRRIGATED,non_irrigated,GRAIN,55.0,BU / ACRE,
48251,TX,JOHNSON,2014,SORGHUM,ALL CLASSES,NON-IRRIGATED,non_irrigated,GRAIN,79.9,BU / ACRE,
48251,TX,JOHNSON,2012,SORGHUM,ALL CLASSES,NON-IRRIGATED,non_irrigated,GRAIN,60.6,BU / ACRE,
48251,TX,JOHNSON,2011,SORGHUM,ALL CLASSES,NON-IRRIGATED,non_irrigated,GRAIN,47.2,BU / ACRE,
48293,TX,LIMESTONE,2015,SORGHUM,ALL CLASSES,NON-IRRIGATED,non_irrigated,GRAIN,45.4,BU / ACRE,
48293,TX,LIMESTONE,2014,SORGHUM,ALL CLASSES,NON-IRRIGATED,non_irrigated,GRAIN,84.1,BU / ACRE,
48293,TX,LIMESTONE,2012,SORGHUM,ALL CLASSES,NON-IRRIGATED,non_irrigated,GRAIN,100.0,BU / ACRE,
48293,TX,LIMESTONE,2011,SORGHUM,ALL CLASSES,NON-IRRIGATED,non_irrigated,GRAIN,37.1,BU / ACRE,
48309,TX,MCLENNAN,2012,SORGHUM,ALL CLASSES,NON-IRRIGATED,non_irrigated,GRAIN,73.4,BU / ACRE,
48309,TX,MCLENNAN,2008,SORGHUM,ALL CLASSES,NON-IRRIGATED,non_irrigated,GRAIN,55.0,BU / ACRE,
48331,TX,MILAM,2011,SORGHUM,ALL CLASSES,NON-IRRIGATED,non_irrigated,GRAIN,30.1,BU / ACRE,
48331,TX,MILAM,2008,SORGHUM,ALL CLASSES,NON-IRRIGATED,non_irrigated,GRAIN,74.0,BU / ACRE,
48349,TX,NAVARRO,2014,SORGHUM,ALL CLASSES,NON-IRRIGATED,non_irrigated,GRAIN,75.1,BU / ACRE,
48349,TX,NAVARRO,2012,SORGHUM,ALL CLASSES,NON-IRRIGATED,non_irrigated,GRAIN,73.6,BU / ACRE,
48349,TX,NAVARRO,2011,SORGHUM,ALL CLASSES,NON-IRRIGATED,non_irrigated,GRAIN,50.0,BU / ACRE,
48349,TX,NAVARRO,2008,SORGHUM,ALL CLASSES,NON-IRRIGATED,non_irrigated,GRAIN,53.0,BU / ACRE,
48491,TX,WILLIAMSON,2014,SORGHUM,ALL CLASSES,NON-IRRIGATED,non_irrigated,GRAIN,82.3,BU / ACRE,
48491,TX,WILLIAMSON,2012,SORGHUM,ALL CLASSES,NON-IRRIGATED,non_irrigated,GRAIN,73.8,BU / ACRE,
48491,TX,WILLIAMSON,2008,SORGHUM,ALL CLASSES,NON-IRRIGATED,non_irrigated,GRAIN,69.0,BU / ACRE,
48095,TX,CONCHO,2012,SORGHUM,ALL CLASSES,NON-IRRIGATED,non_irrigated,GRAIN,33.1,BU / ACRE,
48171,TX,GILLESPIE,2018,SORGHUM,ALL CLASSES,NON-IRRIGATED,non_irrigated,GRAIN,43.3,BU / ACRE,
48171,TX,GILLESPIE,2017,SORGHUM,ALL CLASSES,NON-IRRIGATED,non_irrigated,GRAIN,61.0,BU / ACRE,
48171,TX,GILLESPIE,2012,SORGHUM,ALL CLASSES,NON-IRRIGATED,non_irrigated,GRAIN,45.5,BU / ACRE,
48307,TX,MCCULLOCH,2017,SORGHUM,ALL CLASSES,NON-IRRIGATED,non_irrigated,GRAIN,59.0,BU / ACRE,
48307,TX,MCCULLOCH,2009,SORGHUM,ALL CLASSES,NON-IRRIGATED,non_irrigated,GRAIN,32.0,BU / ACRE,
48413,TX,SCHLEICHER,2017,SORGHUM,ALL CLASSES,NON-IRRIGATED,non_irrigated,GRAIN,45.0,BU / ACRE,
48413,TX,SCHLEICHER,2016,SORGHUM,ALL CLASSES,NON-IRRIGATED,non_irrigated,GRAIN,53.3,BU / ACRE,
48413,TX,SCHLEICHER,2009,SORGHUM,ALL CLASSES,NON-IRRIGATED,non_irrigated,GRAIN,37.0,BU / ACRE,
48451,TX,TOM GREEN,2018,SORGHUM,ALL CLASSES,NON-IRRIGATED,non_irrigated,GRAIN,38.5,BU / ACRE,
48451,TX,TOM GREEN,2017,SORGHUM,ALL CLASSES,NON-IRRIGATED,non_irrigated,GRAIN,42.1,BU / ACRE,
48451,TX,TOM GREEN,2016,SORGHUM,ALL CLASSES,NON-IRRIGATED,non_irrigated,GRAIN,54.2,BU / ACRE,
48451,TX,TOM GREEN,2015,SORGHUM,ALL CLASSES,NON-IRRIGATED,non_irrigated,GRAIN,48.6,BU / ACRE,
48451,TX,TOM GREEN,2014,SORGHUM,ALL CLASSES,NON-IRRIGATED,non_irrigated,GRAIN,28.1,BU / ACRE,
48451,TX,TOM GREEN,2013,SORGHUM,ALL CLASSES,NON-IRRIGATED,non_irrigated,GRAIN,37.4,BU / ACRE,
48451,TX,TOM GREEN,2012,SORGHUM,ALL CLASSES,NON-IRRIGATED,non_irrigated,GRAIN,30.1,BU / ACRE,
48451,TX,TOM GREEN,2009,SORGHUM,ALL CLASSES,NON-IRRIGATED,non_irrigated,GRAIN,17.0,BU / ACRE,
48463,TX,UVALDE,2018,SORGHUM,ALL CLASSES,NON-IRRIGATED,non_irrigated,GRAIN,48.1,BU / ACRE,
48463,TX,UVALDE,2016,SORGHUM,ALL CLASSES,NON-IRRIGATED,non_irrigated,GRAIN,79.4,BU / ACRE,
48463,TX,UVALDE,2015,SORGHUM,ALL CLASSES,NON-IRRIGATED,non_irrigated,GRAIN,71.5,BU / ACRE,
48463,TX,UVALDE,2013,SORGHUM,ALL CLASSES,NON-IRRIGATED,non_irrigated,GRAIN,45.6,BU / ACRE,
48463,TX,UVALDE,2012,SORGHUM,ALL CLASSES,NON-IRRIGATED,non_irrigated,GRAIN,30.4,BU / ACRE,
48463,TX,UVALDE,2009,SORGHUM,ALL CLASSES,NON-IRRIGATED,non_irrigated,GRAIN,18.0,BU / ACRE,
48015,TX,AUSTIN,2018,SORGHUM,ALL CLASSES,NON-IRRIGATED,non_irrigated,GRAIN,66.4,BU / ACRE,
48015,TX,AUSTIN,2017,SORGHUM,ALL CLASSES,NON-IRRIGATED,non_irrigated,GRAIN,64.8,BU / ACRE,
48015,TX,AUSTIN,2014,SORGHUM,ALL CLASSES,NON-IRRIGATED,non_irrigated,GRAIN,64.1,BU / ACRE,
48015,TX,AUSTIN,2013,SORGHUM,ALL CLASSES,NON-IRRIGATED,non_irrigated,GRAIN,75.0,BU / ACRE,
48015,TX,AUSTIN,2012,SORGHUM,ALL CLASSES,NON-IRRIGATED,non_irrigated,GRAIN,62.3,BU / ACRE,
48015,TX,AUSTIN,2010,SORGHUM,ALL CLASSES,NON-IRRIGATED,non_irrigated,GRAIN,88.5,BU / ACRE,
48015,TX,AUSTIN,2009,SORGHUM,ALL CLASSES,NON-IRRIGATED,non_irrigated,GRAIN,50.0,BU / ACRE,
48025,TX,BEE,2012,SORGHUM,ALL CLASSES,NON-IRRIGATED,non_irrigated,GRAIN,42.3,BU / ACRE,
48029,TX,BEXAR,2008,SORGHUM,ALL CLASSES,NON-IRRIGATED,non_irrigated,GRAIN,26.0,BU / ACRE,
48051,TX,BURLESON,2009,SORGHUM,ALL CLASSES,NON-IRRIGATED,non_irrigated,GRAIN,50.0,BU / ACRE,
48055,TX,CALDWELL,2017,SORGHUM,ALL CLASSES,NON-IRRIGATED,non_irrigated,GRAIN,72.0,BU / ACRE,
48055,TX,CALDWELL,2016,SORGHUM,ALL CLASSES,NON-IRRIGATED,non_irrigated,GRAIN,83.7,BU / ACRE,
48055,TX,CALDWELL,2014,SORGHUM,ALL CLASSES,NON-IRRIGATED,non_irrigated,GRAIN,79.1,BU / ACRE,
48055,TX,CALDWELL,2012,SORGHUM,ALL CLASSES,NON-IRRIGATED,non_irrigated,GRAIN,80.4,BU / ACRE,
48055,TX,CALDWELL,2011,SORGHUM,ALL CLASSES,NON-IRRIGATED,non_irrigated,GRAIN,40.0,BU / ACRE,
48055,TX,CALDWELL,2010,SORGHUM,ALL CLASSES,NON-IRRIGATED,non_irrigated,GRAIN,80.9,BU / ACRE,
48055,TX,CALDWELL,2009,SORGHUM,ALL CLASSES,NON-IRRIGATED,non_irrigated,GRAIN,22.0,BU / ACRE,
48055,TX,CALDWELL,2008,SORGHUM,ALL CLASSES,NON-IRRIGATED,non_irrigated,GRAIN,27.0,BU / ACRE,
48089,TX,COLORADO,2014,SORGHUM,ALL CLASSES,NON-IRRIGATED,non_irrigated,GRAIN,50.0,BU / ACRE,
48149,TX,FAYETTE,2014,SORGHUM,ALL CLASSES,NON-IRRIGATED,non_irrigated,GRAIN,72.0,BU / ACRE,
48149,TX,FAYETTE,2012,SORGHUM,ALL CLASSES,NON-IRRIGATED,non_irrigated,GRAIN,50.8,BU / ACRE,
48175,TX,GOLIAD,2013,SORGHUM,ALL CLASSES,NON-IRRIGATED,non_irrigated,GRAIN,65.6,BU / ACRE,
48177,TX,GONZALES,2013,SORGHUM,ALL CLASSES,NON-IRRIGATED,non_irrigated,GRAIN,65.0,BU / ACRE,
48177,TX,GONZALES,2012,SORGHUM,ALL CLASSES,NON-IRRIGATED,non_irrigated,GRAIN,96.0,BU / ACRE,
48187,TX,GUADALUPE,2017,SORGHUM,ALL CLASSES,NON-IRRIGATED,non_irrigated,GRAIN,58.6,BU / ACRE,
48187,TX,GUADALUPE,2016,SORGHUM,ALL CLASSES,NON-IRRIGATED,non_irrigated,GRAIN,75.4,BU / ACRE,
48187,TX,GUADALUPE,2012,SORGHUM,ALL CLASSES,NON-IRRIGATED,non_irrigated,GRAIN,68.4,BU / ACRE,
48187,TX,GUADALUPE,2011,SORGHUM,ALL CLASSES,NON-IRRIGATED,non_irrigated,GRAIN,23.8,BU / ACRE,
48187,TX,GUADALUPE,2010,SORGHUM,ALL CLASSES,NON-IRRIGATED,non_irrigated,GRAIN,80.5,BU / ACRE,
48187,TX,GUADALUPE,2008,SORGHUM,ALL CLASSES,NON-IRRIGATED,non_irrigated,GRAIN,41.0,BU / ACRE,
48209,TX,HAYS,2018,SORGHUM,ALL CLASSES,NON-IRRIGATED,non_irrigated,GRAIN,42.6,BU / ACRE,
48209,TX,HAYS,2016,SORGHUM,ALL CLASSES,NON-IRRIGATED,non_irrigated,GRAIN,73.3,BU / ACRE,
48209,TX,HAYS,2014,SORGHUM,ALL CLASSES,NON-IRRIGATED,non_irrigated,GRAIN,76.7,BU / ACRE,
48209,TX,HAYS,2012,SORGHUM,ALL CLASSES,NON-IRRIGATED,non_irrigated,GRAIN,87.5,BU / ACRE,
48209,TX,HAYS,2009,SORGHUM,ALL CLASSES,NON-IRRIGATED,non_irrigated,GRAIN,32.0,BU / ACRE,
48255,TX,KARNES,2018,SORGHUM,ALL CLASSES,NON-IRRIGATED,non_irrigated,GRAIN,39.5,BU / ACRE,
48285,TX,LAVACA,2009,SORGHUM,ALL CLASSES,NON-IRRIGATED,non_irrigated,GRAIN,43.0,BU / ACRE,
48325,TX,MEDINA,2018,SORGHUM,ALL CLASSES,NON-IRRIGATED,non_irrigated,GRAIN,54.5,BU / ACRE,
48325,TX,MEDINA,2017,SORGHUM,ALL CLASSES,NON-IRRIGATED,non_irrigated,GRAIN,73.7,BU / ACRE,
48325,TX,MEDINA,2016,SORGHUM,ALL CLASSES,NON-IRRIGATED,non_irrigated,GRAIN,72.7,BU / ACRE,
48325,TX,MEDINA,2014,SORGHUM,ALL CLASSES,NON-IRRIGATED,non_irrigated,GRAIN,33.5,BU / ACRE,
48325,TX,MEDINA,2011,SORGHUM,ALL CLASSES,NON-IRRIGATED,non_irrigated,GRAIN,24.0,BU / ACRE,
48325,TX,MEDINA,2010,SORGHUM,ALL CLASSES,NON-IRRIGATED,non_irrigated,GRAIN,63.0,BU / ACRE,
48325,TX,MEDINA,2009,SORGHUM,ALL CLASSES,NON-IRRIGATED,non_irrigated,GRAIN,25.0,BU / ACRE,
48325,TX,MEDINA,2008,SORGHUM,ALL CLASSES,NON-IRRIGATED,non_irrigated,GRAIN,39.0,BU / ACRE,
48453,TX,TRAVIS,2017,SORGHUM,ALL CLASSES,NON-IRRIGATED,non_irrigated,GRAIN,77.2,BU / ACRE,
48453,TX,TRAVIS,2016,SORGHUM,ALL CLASSES,NON-IRRIGATED,non_irrigated,GRAIN,50.7,BU / ACRE,
48453,TX,TRAVIS,2012,SORGHUM,ALL CLASSES,NON-IRRIGATED,non_irrigated,GRAIN,68.4,BU / ACRE,
48453,TX,TRAVIS,2010,SORGHUM,ALL CLASSES,NON-IRRIGATED,non_irrigated,GRAIN,71.0,BU / ACRE,
48453,TX,TRAVIS,2009,SORGHUM,ALL CLASSES,NON-IRRIGATED,non_irrigated,GRAIN,39.0,BU / ACRE,
48453,TX,TRAVIS,2008,SORGHUM,ALL CLASSES,NON-IRRIGATED,non_irrigated,GRAIN,54.0,BU / ACRE,
48477,TX,WASHINGTON,2009,SORGHUM,ALL CLASSES,NON-IRRIGATED,non_irrigated,GRAIN,36.0,BU / ACRE,
48273,TX,KLEBERG,2012,SORGHUM,ALL CLASSES,NON-IRRIGATED,non_irrigated,GRAIN,36.3,BU / ACRE,
48273,TX,KLEBERG,2010,SORGHUM,ALL CLASSES,NON-IRRIGATED,non_irrigated,GRAIN,56.5,BU / ACRE,
48391,TX,REFUGIO,2017,SORGHUM,ALL CLASSES,NON-IRRIGATED,non_irrigated,GRAIN,90.6,BU / ACRE,
48391,TX,REFUGIO,2010,SORGHUM,ALL CLASSES,NON-IRRIGATED,non_irrigated,GRAIN,81.5,BU / ACRE,
48391,TX,REFUGIO,2009,SORGHUM,ALL CLASSES,NON-IRRIGATED,non_irrigated,GRAIN,33.0,BU / ACRE,
48039,TX,BRAZORIA,2011,SORGHUM,ALL CLASSES,NON-IRRIGATED,non_irrigated,GRAIN,56.9,BU / ACRE,
48057,TX,CALHOUN,2013,SORGHUM,ALL CLASSES,NON-IRRIGATED,non_irrigated,GRAIN,86.1,BU / ACRE,
48057,TX,CALHOUN,2009,SORGHUM,ALL CLASSES,NON-IRRIGATED,non_irrigated,GRAIN,85.0,BU / ACRE,
48239,TX,JACKSON,2012,SORGHUM,ALL CLASSES,NON-IRRIGATED,non_irrigated,GRAIN,71.2,BU / ACRE,
48239,TX,JACKSON,2011,SORGHUM,ALL CLASSES,NON-IRRIGATED,non_irrigated,GRAIN,69.6,BU / ACRE,
48291,TX,LIBERTY,2015,SORGHUM,ALL CLASSES,NON-IRRIGATED,non_irrigated,GRAIN,50.6,BU / ACRE,
48291,TX,LIBERTY,2013,SORGHUM,ALL CLASSES,NON-IRRIGATED,non_irrigated,GRAIN,83.2,BU / ACRE,
48321,TX,MATAGORDA,2013,SORGHUM,ALL CLASSES,NON-IRRIGATED,non_irrigated,GRAIN,91.9,BU / ACRE,
48321,TX,MATAGORDA,2012,SORGHUM,ALL CLASSES,NON-IRRIGATED,non_irrigated,GRAIN,89.3,BU / ACRE,
48321,TX,MATAGORDA,2011,SORGHUM,ALL CLASSES,NON-IRRIGATED,non_irrigated,GRAIN,61.6,BU / ACRE,
48469,TX,VICTORIA,2015,SORGHUM,ALL CLASSES,NON-IRRIGATED,non_irrigated,GRAIN,61.6,BU / ACRE,
48469,TX,VICTORIA,2013,SORGHUM,ALL CLASSES,NON-IRRIGATED,non_irrigated,GRAIN,82.0,BU / ACRE,
48469,TX,VICTORIA,2012,SORGHUM,ALL CLASSES,NON-IRRIGATED,non_irrigated,GRAIN,81.3,BU / ACRE,
48469,TX,VICTORIA,2011,SORGHUM,ALL CLASSES,NON-IRRIGATED,non_irrigated,GRAIN,74.0,BU / ACRE,
48481,TX,WHARTON,2012,SORGHUM,ALL CLASSES,NON-IRRIGATED,non_irrigated,GRAIN,100.2,BU / ACRE,
48249,TX,JIM WELLS,2016,SORGHUM,ALL CLASSES,NON-IRRIGATED,non_irrigated,GRAIN,49.3,BU / ACRE,
48249,TX,JIM WELLS,2014,SORGHUM,ALL CLASSES,NON-IRRIGATED,non_irrigated,GRAIN,48.3,BU / ACRE,
48249,TX,JIM WELLS,2012,SORGHUM,ALL CLASSES,NON-IRRIGATED,non_irrigated,GRAIN,28.1,BU / ACRE,
48249,TX,JIM WELLS,2008,SORGHUM,ALL CLASSES,NON-IRRIGATED,non_irrigated,GRAIN,30.0,BU / ACRE,
48061,TX,CAMERON,2016,SORGHUM,ALL CLASSES,NON-IRRIGATED,non_irrigated,GRAIN,63.3,BU / ACRE,
48061,TX,CAMERON,2015,SORGHUM,ALL CLASSES,NON-IRRIGATED,non_irrigated,GRAIN,60.2,BU / ACRE,
48061,TX,CAMERON,2014,SORGHUM,ALL CLASSES,NON-IRRIGATED,non_irrigated,GRAIN,66.3,BU / ACRE,
48061,TX,CAMERON,2013,SORGHUM,ALL CLASSES,NON-IRRIGATED,non_irrigated,GRAIN,45.8,BU / ACRE,
48061,TX,CAMERON,2012,SORGHUM,ALL CLASSES,NON-IRRIGATED,non_irrigated,GRAIN,73.4,BU / ACRE,
48061,TX,CAMERON,2008,SORGHUM,ALL CLASSES,NON-IRRIGATED,non_irrigated,GRAIN,51.0,BU / ACRE,
48215,TX,HIDALGO,2018,SORGHUM,ALL CLASSES,NON-IRRIGATED,non_irrigated,GRAIN,37.4,BU / ACRE,
48215,TX,HIDALGO,2017,SORGHUM,ALL CLASSES,NON-IRRIGATED,non_irrigated,GRAIN,48.5,BU / ACRE,
48215,TX,HIDALGO,2016,SORGHUM,ALL CLASSES,NON-IRRIGATED,non_irrigated,GRAIN,54.6,BU / ACRE,
48215,TX,HIDALGO,2012,SORGHUM,ALL CLASSES,NON-IRRIGATED,non_irrigated,GRAIN,45.7,BU / ACRE,
48215,TX,HIDALGO,2011,SORGHUM,ALL CLASSES,NON-IRRIGATED,non_irrigated,GRAIN,22.7,BU / ACRE,
48215,TX,HIDALGO,2010,SORGHUM,ALL CLASSES,NON-IRRIGATED,non_irrigated,GRAIN,44.8,BU / ACRE,
48215,TX,HIDALGO,2009,SORGHUM,ALL CLASSES,NON-IRRIGATED,non_irrigated,GRAIN,25.0,BU / ACRE,
48489,TX,WILLACY,2018,SORGHUM,ALL CLASSES,NON-IRRIGATED,non_irrigated,GRAIN,28.8,BU / ACRE,
48489,TX,WILLACY,2017,SORGHUM,ALL CLASSES,NON-IRRIGATED,non_irrigated,GRAIN,61.7,BU / ACRE,
48489,TX,WILLACY,2015,SORGHUM,ALL CLASSES,NON-IRRIGATED,non_irrigated,GRAIN,78.5,BU / ACRE,
5021,AR,CLAY,2012,COTTON,UPLAND,IRRIGATED,irrigated,ALL UTILIZATION PRACTICES,1236.0,LB / ACRE,
5021,AR,CLAY,2011,COTTON,UPLAND,IRRIGATED,irrigated,ALL UTILIZATION PRACTICES,1060.0,LB / ACRE,
5021,AR,CLAY,2010,COTTON,UPLAND,IRRIGATED,irrigated,ALL UTILIZATION PRACTICES,1256.0,LB / ACRE,
5021,AR,CLAY,2009,COTTON,UPLAND,IRRIGATED,irrigated,ALL UTILIZATION PRACTICES,986.0,LB / ACRE,
5021,AR,CLAY,2008,COTTON,UPLAND,IRRIGATED,irrigated,ALL UTILIZATION PRACTICES,1038.0,LB / ACRE,
5031,AR,CRAIGHEAD,2010,COTTON,UPLAND,IRRIGATED,irrigated,ALL UTILIZATION PRACTICES,1207.0,LB / ACRE,
5031,AR,CRAIGHEAD,2009,COTTON,UPLAND,IRRIGATED,irrigated,ALL UTILIZATION PRACTICES,923.0,LB / ACRE,
5031,AR,CRAIGHEAD,2008,COTTON,UPLAND,IRRIGATED,irrigated,ALL UTILIZATION PRACTICES,1024.0,LB / ACRE,
5055,AR,GREENE,2008,COTTON,UPLAND,IRRIGATED,irrigated,ALL UTILIZATION PRACTICES,1025.0,LB / ACRE,
5093,AR,MISSISSIPPI,2012,COTTON,UPLAND,IRRIGATED,irrigated,ALL UTILIZATION PRACTICES,1101.0,LB / ACRE,
5093,AR,MISSISSIPPI,2011,COTTON,UPLAND,IRRIGATED,irrigated,ALL UTILIZATION PRACTICES,908.0,LB / ACRE,
5093,AR,MISSISSIPPI,2010,COTTON,UPLAND,IRRIGATED,irrigated,ALL UTILIZATION PRACTICES,1050.0,LB / ACRE,
5093,AR,MISSISSIPPI,2009,COTTON,UPLAND,IRRIGATED,irrigated,ALL UTILIZATION PRACTICES,882.0,LB / ACRE,
5093,AR,MISSISSIPPI,2008,COTTON,UPLAND,IRRIGATED,irrigated,ALL UTILIZATION PRACTICES,1090.0,LB / ACRE,
5111,AR,POINSETT,2010,COTTON,UPLAND,IRRIGATED,irrigated,ALL UTILIZATION PRACTICES,978.0,LB / ACRE,
5111,AR,POINSETT,2009,COTTON,UPLAND,IRRIGATED,irrigated,ALL UTILIZATION PRACTICES,935.0,LB / ACRE,
5035,AR,CRITTENDEN,2008,COTTON,UPLAND,IRRIGATED,irrigated,ALL UTILIZATION PRACTICES,1218.0,LB / ACRE,
5077,AR,LEE,2009,COTTON,UPLAND,IRRIGATED,irrigated,ALL UTILIZATION PRACTICES,880.0,LB / ACRE,
5107,AR,PHILLIPS,2009,COTTON,UPLAND,IRRIGATED,irrigated,ALL UTILIZATION PRACTICES,771.0,LB / ACRE,
5107,AR,PHILLIPS,2008,COTTON,UPLAND,IRRIGATED,irrigated,ALL UTILIZATION PRACTICES,1069.0,LB / ACRE,
5021,AR,CLAY,2012,COTTON,UPLAND,NON-IRRIGATED,non_irrigated,ALL UTILIZATION PRACTICES,686.0,LB / ACRE,
5021,AR,CLAY,2011,COTTON,UPLAND,NON-IRRIGATED,non_irrigated,ALL UTILIZATION PRACTICES,576.0,LB / ACRE,
5021,AR,CLAY,2010,COTTON,UPLAND,NON-IRRIGATED,non_irrigated,ALL UTILIZATION PRACTICES,672.0,LB / ACRE,
5021,AR,CLAY,2009,COTTON,UPLAND,NON-IRRIGATED,non_irrigated,ALL UTILIZATION PRACTICES,747.0,LB / ACRE,
5021,AR,CLAY,2008,COTTON,UPLAND,NON-IRRIGATED,non_irrigated,ALL UTILIZATION PRACTICES,800.0,LB / ACRE,
5031,AR,CRAIGHEAD,2010,COTTON,UPLAND,NON-IRRIGATED,non_irrigated,ALL UTILIZATION PRACTICES,672.0,LB / ACRE,
5031,AR,CRAIGHEAD,2009,COTTON,UPLAND,NON-IRRIGATED,non_irrigated,ALL UTILIZATION PRACTICES,792.0,LB / ACRE,
5031,AR,CRAIGHEAD,2008,COTTON,UPLAND,NON-IRRIGATED,non_irrigated,ALL UTILIZATION PRACTICES,823.0,LB / ACRE,
5055,AR,GREENE,2008,COTTON,UPLAND,NON-IRRIGATED,non_irrigated,ALL UTILIZATION PRACTICES,816.0,LB / ACRE,
5093,AR,MISSISSIPPI,2012,COTTON,UPLAND,NON-IRRIGATED,non_irrigated,ALL UTILIZATION PRACTICES,688.0,LB / ACRE,
5093,AR,MISSISSIPPI,2011,COTTON,UPLAND,NON-IRRIGATED,non_irrigated,ALL UTILIZATION PRACTICES,676.0,LB / ACRE,
5093,AR,MISSISSIPPI,2010,COTTON,UPLAND,NON-IRRIGATED,non_irrigated,ALL UTILIZATION PRACTICES,759.0,LB / ACRE,
5093,AR,MISSISSIPPI,2009,COTTON,UPLAND,NON-IRRIGATED,non_irrigated,ALL UTILIZATION PRACTICES,769.0,LB / ACRE,
5093,AR,MISSISSIPPI,2008,COTTON,UPLAND,NON-IRRIGATED,non_irrigated,ALL UTILIZATION PRACTICES,854.0,LB / ACRE,
5111,AR,POINSETT,2010,COTTON,UPLAND,NON-IRRIGATED,non_irrigated,ALL UTILIZATION PRACTICES,754.0,LB / ACRE,
5111,AR,POINSETT,2009,COTTON,UPLAND,NON-IRRIGATED,non_irrigated,ALL UTILIZATION PRACTICES,780.0,LB / ACRE,
5035,AR,CRITTENDEN,2008,COTTON,UPLAND,NON-IRRIGATED,non_irrigated,ALL UTILIZATION PRACTICES,982.0,LB / ACRE,
5077,AR,LEE,2009,COTTON,UPLAND,NON-IRRIGATED,non_irrigated,ALL UTILIZATION PRACTICES,864.0,LB / ACRE,
5107,AR,PHILLIPS,2009,COTTON,UPLAND,NON-IRRIGATED,non_irrigated,ALL UTILIZATION PRACTICES,720.0,LB / ACRE,
5107,AR,PHILLIPS,2008,COTTON,UPLAND,NON-IRRIGATED,non_irrigated,ALL UTILIZATION PRACTICES,834.0,LB / ACRE,
5021,AR,CLAY,2017,SOYBEANS,ALL CLASSES,IRRIGATED,irrigated,ALL UTILIZATION PRACTICES,57.2,BU / ACRE,
5021,AR,CLAY,2014,SOYBEANS,ALL CLASSES,IRRIGATED,irrigated,ALL UTILIZATION PRACTICES,48.9,BU / ACRE,
5021,AR,CLAY,2010,SOYBEANS,ALL CLASSES,IRRIGATED,irrigated,ALL UTILIZATION PRACTICES,44.1,BU / ACRE,
5021,AR,CLAY,2009,SOYBEANS,ALL CLASSES,IRRIGATED,irrigated,ALL UTILIZATION PRACTICES,42.0,BU / ACRE,
5021,AR,CLAY,2008,SOYBEANS,ALL CLASSES,IRRIGATED,irrigated,ALL UTILIZATION PRACTICES,44.0,BU / ACRE,
5031,AR,CRAIGHEAD,2016,SOYBEANS,ALL CLASSES,IRRIGATED,irrigated,ALL UTILIZATION PRACTICES,49.1,BU / ACRE,
5031,AR,CRAIGHEAD,2015,SOYBEANS,ALL CLASSES,IRRIGATED,irrigated,ALL UTILIZATION PRACTICES,52.4,BU / ACRE,
5031,AR,CRAIGHEAD,2014,SOYBEANS,ALL CLASSES,IRRIGATED,irrigated,ALL UTILIZATION PRACTICES,52.4,BU / ACRE,
5031,AR,CRAIGHEAD,2013,SOYBEANS,ALL CLASSES,IRRIGATED,irrigated,ALL UTILIZATION PRACTICES,47.6,BU / ACRE,
5031,AR,CRAIGHEAD,2012,SOYBEANS,ALL CLASSES,IRRIGATED,irrigated,ALL UTILIZATION PRACTICES,51.0,BU / ACRE,
5031,AR,CRAIGHEAD,2011,SOYBEANS,ALL CLASSES,IRRIGATED,irrigated,ALL UTILIZATION PRACTICES,42.0,BU / ACRE,
5031,AR,CRAIGHEAD,2010,SOYBEANS,ALL CLASSES,IRRIGATED,irrigated,ALL UTILIZATION PRACTICES,41.0,BU / ACRE,
5031,AR,CRAIGHEAD,2009,SOYBEANS,ALL CLASSES,IRRIGATED,irrigated,ALL UTILIZATION PRACTICES,38.5,BU / ACRE,
5031,AR,CRAIGHEAD,2008,SOYBEANS,ALL CLASSES,IRRIGATED,irrigated,ALL UTILIZATION PRACTICES,41.0,BU / ACRE,
5055,AR,GREENE,2013,SOYBEANS,ALL CLASSES,IRRIGATED,irrigated,ALL UTILIZATION PRACTICES,39.6,BU / ACRE,
5055,AR,GREENE,2012,SOYBEANS,ALL CLASSES,IRRIGATED,irrigated,ALL UTILIZATION PRACTICES,50.7,BU / ACRE,
5055,AR,GREENE,2011,SOYBEANS,ALL CLASSES,IRRIGATED,irrigated,ALL UTILIZATION PRACTICES,39.9,BU / ACRE,
5055,AR,GREENE,2010,SOYBEANS,ALL CLASSES,IRRIGATED,irrigated,ALL UTILIZATION PRACTICES,39.2,BU / ACRE,
5055,AR,GREENE,2009,SOYBEANS,ALL CLASSES,IRRIGATED,irrigated,ALL UTILIZATION PRACTICES,37.5,BU / ACRE,
5055,AR,GREENE,2008,SOYBEANS,ALL CLASSES,IRRIGATED,irrigated,ALL UTILIZATION PRACTICES,41.0,BU / ACRE,
5063,AR,INDEPENDENCE,2015,SOYBEANS,ALL CLASSES,IRRIGATED,irrigated,ALL UTILIZATION PRACTICES,42.2,BU / ACRE,
5063,AR,INDEPENDENCE,2013,SOYBEANS,ALL CLASSES,IRRIGATED,irrigated,ALL UTILIZATION PRACTICES,35.4,BU / ACRE,
5063,AR,INDEPENDENCE,2012,SOYBEANS,ALL CLASSES,IRRIGATED,irrigated,ALL UTILIZATION PRACTICES,46.1,BU / ACRE,
5063,AR,INDEPENDENCE,2011,SOYBEANS,ALL CLASSES,IRRIGATED,irrigated,ALL UTILIZATION PRACTICES,36.5,BU / ACRE,
5063,AR,INDEPENDENCE,2010,SOYBEANS,ALL CLASSES,IRRIGATED,irrigated,ALL UTILIZATION PRACTICES,36.0,BU / ACRE,
5063,AR,INDEPENDENCE,2009,SOYBEANS,ALL CLASSES,IRRIGATED,irrigated,ALL UTILIZATION PRACTICES,32.5,BU / ACRE,
5063,AR,INDEPENDENCE,2008,SOYBEANS,ALL CLASSES,IRRIGATED,irrigated,ALL UTILIZATION PRACTICES,41.0,BU / ACRE,
5067,AR,JACKSON,2018,SOYBEANS,ALL CLASSES,IRRIGATED,irrigated,ALL UTILIZATION PRACTICES,41.5,BU / ACRE,
5067,AR,JACKSON,2017,SOYBEANS,ALL CLASSES,IRRIGATED,irrigated,ALL UTILIZATION PRACTICES,43.3,BU / ACRE,
5067,AR,JACKSON,2016,SOYBEANS,ALL CLASSES,IRRIGATED,irrigated,ALL UTILIZATION PRACTICES,41.9,BU / ACRE,
5067,AR,JACKSON,2015,SOYBEANS,ALL CLASSES,IRRIGATED,irrigated,ALL UTILIZATION PRACTICES,41.1,BU / ACRE,
5067,AR,JACKSON,2014,SOYBEANS,ALL CLASSES,IRRIGATED,irrigated,ALL UTILIZATION PRACTICES,41.2,BU / ACRE,
5067,AR,JACKSON,2012,SOYBEANS,ALL CLASSES,IRRIGATED,irrigated,ALL UTILIZATION PRACTICES,42.8,BU / ACRE,
5067,AR,JACKSON,2011,SOYBEANS,ALL CLASSES,IRRIGATED,irrigated,ALL UTILIZATION PRACTICES,33.4,BU / ACRE,
5067,AR,JACKSON,2010,SOYBEANS,ALL CLASSES,IRRIGATED,irrigated,ALL UTILIZATION PRACTICES,26.6,BU / ACRE,
5067,AR,JACKSON,2009,SOYBEANS,ALL CLASSES,IRRIGATED,irrigated,ALL UTILIZATION PRACTICES,28.0,BU / ACRE,
5067,AR,JACKSON,2008,SOYBEANS,ALL CLASSES,IRRIGATED,irrigated,ALL UTILIZATION PRACTICES,35.0,BU / ACRE,
5075,AR,LAWRENCE,2017,SOYBEANS,ALL CLASSES,IRRIGATED,irrigated,ALL UTILIZATION PRACTICES,42.1,BU / ACRE,
5075,AR,LAWRENCE,2016,SOYBEANS,ALL CLASSES,IRRIGATED,irrigated,ALL UTILIZATION PRACTICES,37.7,BU / ACRE,
5075,AR,LAWRENCE,2015,SOYBEANS,ALL CLASSES,IRRIGATED,irrigated,ALL UTILIZATION PRACTICES,38.2,BU / ACRE,
5075,AR,LAWRENCE,2014,SOYBEANS,ALL CLASSES,IRRIGATED,irrigated,ALL UTILIZATION PRACTICES,40.1,BU / ACRE,
5075,AR,LAWRENCE,2013,SOYBEANS,ALL CLASSES,IRRIGATED,irrigated,ALL UTILIZATION PRACTICES,33.8,BU / ACRE,
5075,AR,LAWRENCE,2012,SOYBEANS,ALL CLASSES,IRRIGATED,irrigated,ALL UTILIZATION PRACTICES,47.0,BU / ACRE,
5075,AR,LAWRENCE,2011,SOYBEANS,ALL CLASSES,IRRIGATED,irrigated,ALL UTILIZATION PRACTICES,36.3,BU / ACRE,
5075,AR,LAWRENCE,2010,SOYBEANS,ALL CLASSES,IRRIGATED,irrigated,ALL UTILIZATION PRACTICES,31.6,BU / ACRE,
5075,AR,LAWRENCE,2009,SOYBEANS,ALL CLASSES,IRRIGATED,irrigated,ALL UTILIZATION PRACTICES,32.0,BU / ACRE,
5075,AR,LAWRENCE,2008,SOYBEANS,ALL CLASSES,IRRIGATED,irrigated,ALL UTILIZATION PRACTICES,37.0,BU / ACRE,
5093,AR,MISSISSIPPI,2018,SOYBEANS,ALL CLASSES,IRRIGATED,irrigated,ALL UTILIZATION PRACTICES,55.6,BU / ACRE,
5093,AR,MISSISSIPPI,2017,SOYBEANS,ALL CLASSES,IRRIGATED,irrigated,ALL UTILIZATION PRACTICES,59.2,BU / ACRE,
5093,AR,MISSISSIPPI,2016,SOYBEANS,ALL CLASSES,IRRIGATED,irrigated,ALL UTILIZATION PRACTICES,55.3,BU / ACRE,
5093,AR,MISSISSIPPI,2015,SOYBEANS,ALL CLASSES,IRRIGATED,irrigated,ALL UTILIZATION PRACTICES,55.9,BU / ACRE,
5093,AR,MISSISSIPPI,2014,SOYBEANS,ALL CLASSES,IRRIGATED,irrigated,ALL UTILIZATION PRACTICES,55.3,BU / ACRE,
5093,AR,MISSISSIPPI,2013,SOYBEANS,ALL CLASSES,IRRIGATED,irrigated,ALL UTILIZATION PRACTICES,44.5,BU / ACRE,
5093,AR,MISSISSIPPI,2012,SOYBEANS,ALL CLASSES,IRRIGATED,irrigated,ALL UTILIZATION PRACTICES,52.7,BU / ACRE,
5093,AR,MISSISSIPPI,2011,SOYBEANS,ALL CLASSES,IRRIGATED,irrigated,ALL UTILIZATION PRACTICES,44.5,BU / ACRE,
5093,AR,MISSISSIPPI,2010,SOYBEANS,ALL CLASSES,IRRIGATED,irrigated,ALL UTILIZATION PRACTICES,41.5,BU / ACRE,
5093,AR,MISSISSIPPI,2009,SOYBEANS,ALL CLASSES,IRRIGATED,irrigated,ALL UTILIZATION PRACTICES,47.0,BU / ACRE,
5093,AR,MISSISSIPPI,2008,SOYBEANS,ALL CLASSES,IRRIGATED,irrigated,ALL UTILIZATION PRACTICES,48.0,BU / ACRE,
5111,AR,POINSETT,2018,SOYBEANS,ALL CLASSES,IRRIGATED,irrigated,ALL UTILIZATION PRACTICES,57.0,BU / ACRE,
5111,AR,POINSETT,2015,SOYBEANS,ALL CLASSES,IRRIGATED,irrigated,ALL UTILIZATION PRACTICES,52.5,BU / ACRE,
5111,AR,POINSETT,2014,SOYBEANS,ALL CLASSES,IRRIGATED,irrigated,ALL UTILIZATION PRACTICES,49.6,BU / ACRE,
5111,AR,POINSETT,2012,SOYBEANS,ALL CLASSES,IRRIGATED,irrigated,ALL UTILIZATION PRACTICES,47.8,BU / ACRE,
5111,AR,POINSETT,2011,SOYBEANS,ALL CLASSES,IRRIGATED,irrigated,ALL UTILIZATION PRACTICES,38.3,BU / ACRE,
5111,AR,POINSETT,2010,SOYBEANS,ALL CLASSES,IRRIGATED,irrigated,ALL UTILIZATION PRACTICES,36.7,BU / ACRE,
5111,AR,POINSETT,2009,SOYBEANS,ALL CLASSES,IRRIGATED,irrigated,ALL UTILIZATION PRACTICES,35.0,BU / ACRE,
5111,AR,POINSETT,2008,SOYBEANS,ALL CLASSES,IRRIGATED,irrigated,ALL UTILIZATION PRACTICES,44.0,BU / ACRE,
5121,AR,RANDOLPH,2017,SOYBEANS,ALL CLASSES,IRRIGATED,irrigated,ALL UTILIZATION PRACTICES,48.9,BU / ACRE,
5121,AR,RANDOLPH,2010,SOYBEANS,ALL CLASSES,IRRIGATED,irrigated,ALL UTILIZATION PRACTICES,37.0,BU / ACRE,
5121,AR,RANDOLPH,2009,SOYBEANS,ALL CLASSES,IRRIGATED,irrigated,ALL UTILIZATION PRACTICES,39.0,BU / ACRE,
5121,AR,RANDOLPH,2008,SOYBEANS,ALL CLASSES,IRRIGATED,irrigated,ALL UTILIZATION PRACTICES,43.0,BU / ACRE,
5145,AR,WHITE,2017,SOYBEANS,ALL CLASSES,IRRIGATED,irrigated,ALL UTILIZATION PRACTICES,45.1,BU / ACRE,
5145,AR,WHITE,2015,SOYBEANS,ALL CLASSES,IRRIGATED,irrigated,ALL UTILIZATION PRACTICES,41.9,BU / ACRE,
5145,AR,WHITE,2014,SOYBEANS,ALL CLASSES,IRRIGATED,irrigated,ALL UTILIZATION PRACTICES,40.3,BU / ACRE,
5145,AR,WHITE,2013,SOYBEANS,ALL CLASSES,IRRIGATED,irrigated,ALL UTILIZATION PRACTICES,36.8,BU / ACRE,
5145,AR,WHITE,2012,SOYBEANS,ALL CLASSES,IRRIGATED,irrigated,ALL UTILIZATION PRACTICES,38.3,BU / ACRE,
5145,AR,WHITE,2011,SOYBEANS,ALL CLASSES,IRRIGATED,irrigated,ALL UTILIZATION PRACTICES,30.4,BU / ACRE,
5145,AR,WHITE,2010,SOYBEANS,ALL CLASSES,IRRIGATED,irrigated,ALL UTILIZATION PRACTICES,25.0,BU / ACRE,
5145,AR,WHITE,2009,SOYBEANS,ALL CLASSES,IRRIGATED,irrigated,ALL UTILIZATION PRACTICES,28.0,BU / ACRE,
5145,AR,WHITE,2008,SOYBEANS,ALL CLASSES,IRRIGATED,irrigated,ALL UTILIZATION PRACTICES,34.0,BU / ACRE,
5115,AR,POPE,2011,SOYBEANS,ALL CLASSES,IRRIGATED,irrigated,ALL UTILIZATION PRACTICES,41.3,BU / ACRE,
5115,AR,POPE,2010,SOYBEANS,ALL CLASSES,IRRIGATED,irrigated,ALL UTILIZATION PRACTICES,40.9,BU / ACRE,
5115,AR,POPE,2008,SOYBEANS,ALL CLASSES,IRRIGATED,irrigated,ALL UTILIZATION PRACTICES,45.0,BU / ACRE,
5029,AR,CONWAY,2017,SOYBEANS,ALL CLASSES,IRRIGATED,irrigated,ALL UTILIZATION PRACTICES,43.8,BU / ACRE,
5029,AR,CONWAY,2014,SOYBEANS,ALL CLASSES,IRRIGATED,irrigated,ALL UTILIZATION PRACTICES,37.1,BU / ACRE,
5029,AR,CONWAY,2012,SOYBEANS,ALL CLASSES,IRRIGATED,irrigated,ALL UTILIZATION PRACTICES,38.9,BU / ACRE,
5029,AR,CONWAY,2011,SOYBEANS,ALL CLASSES,IRRIGATED,irrigated,ALL UTILIZATION PRACTICES,43.0,BU / ACRE,
5029,AR,CONWAY,2010,SOYBEANS,ALL CLASSES,IRRIGATED,irrigated,ALL UTILIZATION PRACTICES,36.1,BU / ACRE,
5029,AR,CONWAY,2009,SOYBEANS,ALL CLASSES,IRRIGATED,irrigated,ALL UTILIZATION PRACTICES,43.5,BU / ACRE,
5029,AR,CONWAY,2008,SOYBEANS,ALL CLASSES,IRRIGATED,irrigated,ALL UTILIZATION PRACTICES,38.0,BU / ACRE,
5045,AR,FAULKNER,2016,SOYBEANS,ALL CLASSES,IRRIGATED,irrigated,ALL UTILIZATION PRACTICES,41.6,BU / ACRE,
5045,AR,FAULKNER,2008,SOYBEANS,ALL CLASSES,IRRIGATED,irrigated,ALL UTILIZATION PRACTICES,35.0,BU / ACRE,
5119,AR,PULASKI,2013,SOYBEANS,ALL CLASSES,IRRIGATED,irrigated,ALL UTILIZATION PRACTICES,47.7,BU / ACRE,
5119,AR,PULASKI,2011,SOYBEANS,ALL CLASSES,IRRIGATED,irrigated,ALL UTILIZATION PRACTICES,36.0,BU / ACRE,
5119,AR,PULASKI,2010,SOYBEANS,ALL CLASSES,IRRIGATED,irrigated,ALL UTILIZATION PRACTICES,32.9,BU / ACRE,
5119,AR,PULASKI,2008,SOYBEANS,ALL CLASSES,IRRIGATED,irrigated,ALL UTILIZATION PRACTICES,37.0,BU / ACRE,
5001,AR,ARKANSAS,2011,SOYBEANS,ALL CLASSES,IRRIGATED,irrigated,ALL UTILIZATION PRACTICES,44.5,BU / ACRE,
5001,AR,ARKANSAS,2010,SOYBEANS,ALL CLASSES,IRRIGATED,irrigated,ALL UTILIZATION PRACTICES,43.6,BU / ACRE,
5001,AR,ARKANSAS,2009,SOYBEANS,ALL CLASSES,IRRIGATED,irrigated,ALL UTILIZATION PRACTICES,45.5,BU / ACRE,
5001,AR,ARKANSAS,2008,SOYBEANS,ALL CLASSES,IRRIGATED,irrigated,ALL UTILIZATION PRACTICES,42.0,BU / ACRE,
5035,AR,CRITTENDEN,2017,SOYBEANS,ALL CLASSES,IRRIGATED,irrigated,ALL UTILIZATION PRACTICES,55.0,BU / ACRE,
5035,AR,CRITTENDEN,2016,SOYBEANS,ALL CLASSES,IRRIGATED,irrigated,ALL UTILIZATION PRACTICES,47.7,BU / ACRE,
5035,AR,CRITTENDEN,2015,SOYBEANS,ALL CLASSES,IRRIGATED,irrigated,ALL UTILIZATION PRACTICES,45.8,BU / ACRE,
5035,AR,CRITTENDEN,2014,SOYBEANS,ALL CLASSES,IRRIGATED,irrigated,ALL UTILIZATION PRACTICES,51.0,BU / ACRE,
5035,AR,CRITTENDEN,2013,SOYBEANS,ALL CLASSES,IRRIGATED,irrigated,ALL UTILIZATION PRACTICES,47.3,BU / ACRE,
5035,AR,CRITTENDEN,2011,SOYBEANS,ALL CLASSES,IRRIGATED,irrigated,ALL UTILIZATION PRACTICES,42.5,BU / ACRE,
5035,AR,CRITTENDEN,2010,SOYBEANS,ALL CLASSES,IRRIGATED,irrigated,ALL UTILIZATION PRACTICES,41.0,BU / ACRE,
5035,AR,CRITTENDEN,2009,SOYBEANS,ALL CLASSES,IRRIGATED,irrigated,ALL UTILIZATION PRACTICES,43.0,BU / ACRE,
5035,AR,CRITTENDEN,2008,SOYBEANS,ALL CLASSES,IRRIGATED,irrigated,ALL UTILIZATION PRACTICES,40.0,BU / ACRE,
5037,AR,CROSS,2017,SOYBEANS,ALL CLASSES,IRRIGATED,irrigated,ALL UTILIZATION PRACTICES,51.5,BU / ACRE,
5037,AR,CROSS,2016,SOYBEANS,ALL CLASSES,IRRIGATED,irrigated,ALL UTILIZATION PRACTICES,48.7,BU / ACRE,
5037,AR,CROSS,2015,SOYBEANS,ALL CLASSES,IRRIGATED,irrigated,ALL UTILIZATION PRACTICES,48.5,BU / ACRE,
5037,AR,CROSS,2012,SOYBEANS,ALL CLASSES,IRRIGATED,irrigated,ALL UTILIZATION PRACTICES,46.8,BU / ACRE,
5037,AR,CROSS,2011,SOYBEANS,ALL CLASSES,IRRIGATED,irrigated,ALL UTILIZATION PRACTICES,42.0,BU / ACRE,
5037,AR,CROSS,2010,SOYBEANS,ALL CLASSES,IRRIGATED,irrigated,ALL UTILIZATION PRACTICES,38.5,BU / ACRE,
5037,AR,CROSS,2009,SOYBEANS,ALL CLASSES,IRRIGATED,irrigated,ALL UTILIZATION PRACTICES,36.0,BU / ACRE,
5037,AR,CROSS,2008,SOYBEANS,ALL CLASSES,IRRIGATED,irrigated,ALL UTILIZATION PRACTICES,39.0,BU / ACRE,
5077,AR,LEE,2018,SOYBEANS,ALL CLASSES,IRRIGATED,irrigated,ALL UTILIZATION PRACTICES,49.8,BU / ACRE,
5077,AR,LEE,2017,SOYBEANS,ALL CLASSES,IRRIGATED,irrigated,ALL UTILIZATION PRACTICES,53.3,BU / ACRE,
5077,AR,LEE,2016,SOYBEANS,ALL CLASSES,IRRIGATED,irrigated,ALL UTILIZATION PRACTICES,48.5,BU / ACRE,
5077,AR,LEE,2015,SOYBEANS,ALL CLASSES,IRRIGATED,irrigated,ALL UTILIZATION PRACTICES,52.5,BU / ACRE,
5077,AR,LEE,2014,SOYBEANS,ALL CLASSES,IRRIGATED,irrigated,ALL UTILIZATION PRACTICES,53.7,BU / ACRE,
5077,AR,LEE,2013,SOYBEANS,ALL CLASSES,IRRIGATED,irrigated,ALL UTILIZATION PRACTICES,48.3,BU / ACRE,
5077,AR,LEE,2012,SOYBEANS,ALL CLASSES,IRRIGATED,irrigated,ALL UTILIZATION PRACTICES,46.7,BU / ACRE,
5077,AR,LEE,2011,SOYBEANS,ALL CLASSES,IRRIGATED,irrigated,ALL UTILIZATION PRACTICES,46.4,BU / ACRE,
5077,AR,LEE,2010,SOYBEANS,ALL CLASSES,IRRIGATED,irrigated,ALL UTILIZATION PRACTICES,35.2,BU / ACRE,
5077,AR,LEE,2009,SOYBEANS,ALL CLASSES,IRRIGATED,irrigated,ALL UTILIZATION PRACTICES,45.0,BU / ACRE,
5077,AR,LEE,2008,SOYBEANS,ALL CLASSES,IRRIGATED,irrigated,ALL UTILIZATION PRACTICES,44.0,BU / ACRE,
5085,AR,LONOKE,2016,SOYBEANS,ALL CLASSES,IRRIGATED,irrigated,ALL UTILIZATION PRACTICES,46.6,BU / ACRE,
5085,AR,LONOKE,2012,SOYBEANS,ALL CLASSES,IRRIGATED,irrigated,ALL UTILIZATION PRACTICES,42.6,BU / ACRE,
5085,AR,LONOKE,2010,SOYBEANS,ALL CLASSES,IRRIGATED,irrigated,ALL UTILIZATION PRACTICES,36.9,BU / ACRE,
5085,AR,LONOKE,2008,SOYBEANS,ALL CLASSES,IRRIGATED,irrigated,ALL UTILIZATION PRACTICES,37.0,BU / ACRE,
5095,AR,MONROE,2018,SOYBEANS,ALL CLASSES,IRRIGATED,irrigated,ALL UTILIZATION PRACTICES,47.8,BU / ACRE,
5095,AR,MONROE,2012,SOYBEANS,ALL CLASSES,IRRIGATED,irrigated,ALL UTILIZATION PRACTICES,45.9,BU / ACRE,
5095,AR,MONROE,2011,SOYBEANS,ALL CLASSES,IRRIGATED,irrigated,ALL UTILIZATION PRACTICES,41.5,BU / ACRE,
5095,AR,MONROE,2010,SOYBEANS,ALL CLASSES,IRRIGATED,irrigated,ALL UTILIZATION PRACTICES,34.5,BU / ACRE,
5095,AR,MONROE,2008,SOYBEANS,ALL CLASSES,IRRIGATED,irrigated,ALL UTILIZATION PRACTICES,40.0,BU / ACRE,
5107,AR,PHILLIPS,2018,SOYBEANS,ALL CLASSES,IRRIGATED,irrigated,ALL UTILIZATION PRACTICES,55.1,BU / ACRE,
5107,AR,PHILLIPS,2017,SOYBEANS,ALL CLASSES,IRRIGATED,irrigated,ALL UTILIZATION PRACTICES,56.5,BU / ACRE,
5107,AR,PHILLIPS,2015,SOYBEANS,ALL CLASSES,IRRIGATED,irrigated,ALL UTILIZATION PRACTICES,53.4,BU / ACRE,
5107,AR,PHILLIPS,2014,SOYBEANS,ALL CLASSES,IRRIGATED,irrigated,ALL UTILIZATION PRACTICES,65.5,BU / ACRE,
5107,AR,PHILLIPS,2013,SOYBEANS,ALL CLASSES,IRRIGATED,irrigated,ALL UTILIZATION PRACTICES,47.9,BU / ACRE,
5107,AR,PHILLIPS,2012,SOYBEANS,ALL CLASSES,IRRIGATED,irrigated,ALL UTILIZATION PRACTICES,48.2,BU / ACRE,
5107,AR,PHILLIPS,2011,SOYBEANS,ALL CLASSES,IRRIGATED,irrigated,ALL UTILIZATION PRACTICES,47.9,BU / ACRE,
5107,AR,PHILLIPS,2010,SOYBEANS,ALL CLASSES,IRRIGATED,irrigated,ALL UTILIZATION PRACTICES,46.0,BU / ACRE,
5107,AR,PHILLIPS,2009,SOYBEANS,ALL CLASSES,IRRIGATED,irrigated,ALL UTILIZATION PRACTICES,46.0,BU / ACRE,
5107,AR,PHILLIPS,2008,SOYBEANS,ALL CLASSES,IRRIGATED,irrigated,ALL UTILIZATION PRACTICES,47.0,BU / ACRE,
5117,AR,PRAIRIE,2017,SOYBEANS,ALL CLASSES,IRRIGATED,irrigated,ALL UTILIZATION PRACTICES,51.3,BU / ACRE,
5117,AR,PRAIRIE,2016,SOYBEANS,ALL CLASSES,IRRIGATED,irrigated,ALL UTILIZATION PRACTICES,50.6,BU / ACRE,
5117,AR,PRAIRIE,2014,SOYBEANS,ALL CLASSES,IRRIGATED,irrigated,ALL UTILIZATION PRACTICES,57.9,BU / ACRE,
5117,AR,PRAIRIE,2010,SOYBEANS,ALL CLASSES,IRRIGATED,irrigated,ALL UTILIZATION PRACTICES,42.0,BU / ACRE,
5117,AR,PRAIRIE,2009,SOYBEANS,ALL CLASSES,IRRIGATED,irrigated,ALL UTILIZATION PRACTICES,42.0,BU / ACRE,
5117,AR,PRAIRIE,2008,SOYBEANS,ALL CLASSES,IRRIGATED,irrigated,ALL UTILIZATION PRACTICES,42.0,BU / ACRE,
5123,AR,SAINT FRANCIS,2016,SOYBEANS,ALL CLASSES,IRRIGATED,irrigated,ALL UTILIZATION PRACTICES,46.9,BU / ACRE,
5123,AR,SAINT FRANCIS,2010,SOYBEANS,ALL CLASSES,IRRIGATED,irrigated,ALL UTILIZATION PRACTICES,38.0,BU / ACRE,
5123,AR,SAINT FRANCIS,2009,SOYBEANS,ALL CLASSES,IRRIGATED,irrigated,ALL UTILIZATION PRACTICES,41.5,BU / ACRE,
5123,AR,SAINT FRANCIS,2008,SOYBEANS,ALL CLASSES,IRRIGATED,irrigated,ALL UTILIZATION PRACTICES,41.0,BU / ACRE,
5147,AR,WOODRUFF,2016,SOYBEANS,ALL CLASSES,IRRIGATED,irrigated,ALL UTILIZATION PRACTICES,38.6,BU / ACRE,
5147,AR,WOODRUFF,2014,SOYBEANS,ALL CLASSES,IRRIGATED,irrigated,ALL UTILIZATION PRACTICES,38.0,BU / ACRE,
5147,AR,WOODRUFF,2013,SOYBEANS,ALL CLASSES,IRRIGATED,irrigated,ALL UTILIZATION PRACTICES,40.8,BU / ACRE,
5147,AR,WOODRUFF,2012,SOYBEANS,ALL CLASSES,IRRIGATED,irrigated,ALL UTILIZATION PRACTICES,42.7,BU / ACRE,
5147,AR,WOODRUFF,2011,SOYBEANS,ALL CLASSES,IRRIGATED,irrigated,ALL UTILIZATION PRACTICES,36.4,BU / ACRE,
5147,AR,WOODRUFF,2010,SOYBEANS,ALL CLASSES,IRRIGATED,irrigated,ALL UTILIZATION PRACTICES,29.0,BU / ACRE,
5147,AR,WOODRUFF,2009,SOYBEANS,ALL CLASSES,IRRIGATED,irrigated,ALL UTILIZATION PRACTICES,28.0,BU / ACRE,
5147,AR,WOODRUFF,2008,SOYBEANS,ALL CLASSES,IRRIGATED,irrigated,ALL UTILIZATION PRACTICES,37.5,BU / ACRE,
5073,AR,LAFAYETTE,2014,SOYBEANS,ALL CLASSES,IRRIGATED,irrigated,ALL UTILIZATION PRACTICES,65.0,BU / ACRE,
5073,AR,LAFAYETTE,2008,SOYBEANS,ALL CLASSES,IRRIGATED,irrigated,ALL UTILIZATION PRACTICES,40.0,BU / ACRE,
5003,AR,ASHLEY,2011,SOYBEANS,ALL CLASSES,IRRIGATED,irrigated,ALL UTILIZATION PRACTICES,42.3,BU / ACRE,
5003,AR,ASHLEY,2010,SOYBEANS,ALL CLASSES,IRRIGATED,irrigated,ALL UTILIZATION PRACTICES,45.0,BU / ACRE,
5003,AR,ASHLEY,2008,SOYBEANS,ALL CLASSES,IRRIGATED,irrigated,ALL UTILIZATION PRACTICES,37.0,BU / ACRE,
5017,AR,CHICOT,2018,SOYBEANS,ALL CLASSES,IRRIGATED,irrigated,ALL UTILIZATION PRACTICES,53.8,BU / ACRE,
5017,AR,CHICOT,2017,SOYBEANS,ALL CLASSES,IRRIGATED,irrigated,ALL UTILIZATION PRACTICES,52.6,BU / ACRE,
5017,AR,CHICOT,2016,SOYBEANS,ALL CLASSES,IRRIGATED,irrigated,ALL UTILIZATION PRACTICES,54.6,BU / ACRE,
5017,AR,CHICOT,2015,SOYBEANS,ALL CLASSES,IRRIGATED,irrigated,ALL UTILIZATION PRACTICES,55.0,BU / ACRE,
5017,AR,CHICOT,2014,SOYBEANS,ALL CLASSES,IRRIGATED,irrigated,ALL UTILIZATION PRACTICES,55.5,BU / ACRE,
5017,AR,CHICOT,2012,SOYBEANS,ALL CLASSES,IRRIGATED,irrigated,ALL UTILIZATION PRACTICES,55.1,BU / ACRE,
5017,AR,CHICOT,2011,SOYBEANS,ALL CLASSES,IRRIGATED,irrigated,ALL UTILIZATION PRACTICES,47.1,BU / ACRE,
5017,AR,CHICOT,2010,SOYBEANS,ALL CLASSES,IRRIGATED,irrigated,ALL UTILIZATION PRACTICES,44.0,BU / ACRE,
5017,AR,CHICOT,2009,SOYBEANS,ALL CLASSES,IRRIGATED,irrigated,ALL UTILIZATION PRACTICES,36.0,BU / ACRE,
5017,AR,CHICOT,2008,SOYBEANS,ALL CLASSES,IRRIGATED,irrigated,ALL UTILIZATION PRACTICES,37.0,BU / ACRE,
5041,AR,DESHA,2018,SOYBEANS,ALL CLASSES,IRRIGATED,irrigated,ALL UTILIZATION PRACTICES,61.2,BU / ACRE,
5041,AR,DESHA,2017,SOYBEANS,ALL CLASSES,IRRIGATED,irrigated,ALL UTILIZATION PRACTICES,57.9,BU / ACRE,
5041,AR,DESHA,2016,SOYBEANS,ALL CLASSES,IRRIGATED,irrigated,ALL UTILIZATION PRACTICES,56.7,BU / ACRE,
5041,AR,DESHA,2015,SOYBEANS,ALL CLASSES,IRRIGATED,irrigated,ALL UTILIZATION PRACTICES,62.5,BU / ACRE,
5041,AR,DESHA,2014,SOYBEANS,ALL CLASSES,IRRIGATED,irrigated,ALL UTILIZATION PRACTICES,62.8,BU / ACRE,
5041,AR,DESHA,2011,SOYBEANS,ALL CLASSES,IRRIGATED,irrigated,ALL UTILIZATION PRACTICES,48.5,BU / ACRE,
5041,AR,DESHA,2010,SOYBEANS,ALL CLASSES,IRRIGATED,irrigated,ALL UTILIZATION PRACTICES,50.5,BU / ACRE,
5041,AR,DESHA,2009,SOYBEANS,ALL CLASSES,IRRIGATED,irrigated,ALL UTILIZATION PRACTICES,44.0,BU / ACRE,
5043,AR,DREW,2017,SOYBEANS,ALL CLASSES,IRRIGATED,irrigated,ALL UTILIZATION PRACTICES,55.0,BU / ACRE,
5043,AR,DREW,2012,SOYBEANS,ALL CLASSES,IRRIGATED,irrigated,ALL UTILIZATION PRACTICES,47.1,BU / ACRE,
5043,AR,DREW,2011,SOYBEANS,ALL CLASSES,IRRIGATED,irrigated,ALL UTILIZATION PRACTICES,47.0,BU / ACRE,
5043,AR,DREW,2010,SOYBEANS,ALL CLASSES,IRRIGATED,irrigated,ALL UTILIZATION PRACTICES,46.1,BU / ACRE,
5069,AR,JEFFERSON,2018,SOYBEANS,ALL CLASSES,IRRIGATED,irrigated,ALL UTILIZATION PRACTICES,57.6,BU / ACRE,
5069,AR,JEFFERSON,2016,SOYBEANS,ALL CLASSES,IRRIGATED,irrigated,ALL UTILIZATION PRACTICES,54.3,BU / ACRE,
5069,AR,JEFFERSON,2015,SOYBEANS,ALL CLASSES,IRRIGATED,irrigated,ALL UTILIZATION PRACTICES,61.5,BU / ACRE,
5069,AR,JEFFERSON,2014,SOYBEANS,ALL CLASSES,IRRIGATED,irrigated,ALL UTILIZATION PRACTICES,53.5,BU / ACRE,
5069,AR,JEFFERSON,2013,SOYBEANS,ALL CLASSES,IRRIGATED,irrigated,ALL UTILIZATION PRACTICES,45.4,BU / ACRE,
5069,AR,JEFFERSON,2011,SOYBEANS,ALL CLASSES,IRRIGATED,irrigated,ALL UTILIZATION PRACTICES,43.9,BU / ACRE,
5069,AR,JEFFERSON,2010,SOYBEANS,ALL CLASSES,IRRIGATED,irrigated,ALL UTILIZATION PRACTICES,40.5,BU / ACRE,
5069,AR,JEFFERSON,2009,SOYBEANS,ALL CLASSES,IRRIGATED,irrigated,ALL UTILIZATION PRACTICES,38.0,BU / ACRE,
5069,AR,JEFFERSON,2008,SOYBEANS,ALL CLASSES,IRRIGATED,irrigated,ALL UTILIZATION PRACTICES,36.0,BU / ACRE,
5079,AR,LINCOLN,2018,SOYBEANS,ALL CLASSES,IRRIGATED,irrigated,ALL UTILIZATION PRACTICES,55.7,BU / ACRE,
5079,AR,LINCOLN,2012,SOYBEANS,ALL CLASSES,IRRIGATED,irrigated,ALL UTILIZATION PRACTICES,52.5,BU / ACRE,
5079,AR,LINCOLN,2011,SOYBEANS,ALL CLASSES,IRRIGATED,irrigated,ALL UTILIZATION PRACTICES,44.6,BU / ACRE,
5079,AR,LINCOLN,2010,SOYBEANS,ALL CLASSES,IRRIGATED,irrigated,ALL UTILIZATION PRACTICES,46.1,BU / ACRE,
5079,AR,LINCOLN,2008,SOYBEANS,ALL CLASSES,IRRIGATED,irrigated,ALL UTILIZATION PRACTICES,37.0,BU / ACRE,
5021,AR,CLAY,2017,SOYBEANS,ALL CLASSES,NON-IRRIGATED,non_irrigated,ALL UTILIZATION PRACTICES,36.0,BU / ACRE,
5021,AR,CLAY,2014,SOYBEANS,ALL CLASSES,NON-IRRIGATED,non_irrigated,ALL UTILIZATION PRACTICES,29.4,BU / ACRE,
5021,AR,CLAY,2010,SOYBEANS,ALL CLASSES,NON-IRRIGATED,non_irrigated,ALL UTILIZATION PRACTICES,16.5,BU / ACRE,
5021,AR,CLAY,2009,SOYBEANS,ALL CLASSES,NON-IRRIGATED,non_irrigated,ALL UTILIZATION PRACTICES,32.5,BU / ACRE,
5021,AR,CLAY,2008,SOYBEANS,ALL CLASSES,NON-IRRIGATED,non_irrigated,ALL UTILIZATION PRACTICES,26.0,BU / ACRE,
5031,AR,CRAIGHEAD,2016,SOYBEANS,ALL CLASSES,NON-IRRIGATED,non_irrigated,ALL UTILIZATION PRACTICES,35.8,BU / ACRE,
5031,AR,CRAIGHEAD,2015,SOYBEANS,ALL CLASSES,NON-IRRIGATED,non_irrigated,ALL UTILIZATION PRACTICES,38.0,BU / ACRE,
5031,AR,CRAIGHEAD,2014,SOYBEANS,ALL CLASSES,NON-IRRIGATED,non_irrigated,ALL UTILIZATION PRACTICES,41.9,BU / ACRE,
5031,AR,CRAIGHEAD,2013,SOYBEANS,ALL CLASSES,NON-IRRIGATED,non_irrigated,ALL UTILIZATION PRACTICES,30.0,BU / ACRE,
5031,AR,CRAIGHEAD,2012,SOYBEANS,ALL CLASSES,NON-IRRIGATED,non_irrigated,ALL UTILIZATION PRACTICES,19.1,BU / ACRE,
5031,AR,CRAIGHEAD,2011,SOYBEANS,ALL CLASSES,NON-IRRIGATED,non_irrigated,ALL UTILIZATION PRACTICES,20.0,BU / ACRE,
5031,AR,CRAIGHEAD,2010,SOYBEANS,ALL CLASSES,NON-IRRIGATED,non_irrigated,ALL UTILIZATION PRACTICES,19.0,BU / ACRE,
5031,AR,CRAIGHEAD,2009,SOYBEANS,ALL CLASSES,NON-IRRIGATED,non_irrigated,ALL UTILIZATION PRACTICES,30.0,BU / ACRE,
5031,AR,CRAIGHEAD,2008,SOYBEANS,ALL CLASSES,NON-IRRIGATED,non_irrigated,ALL UTILIZATION PRACTICES,29.0,BU / ACRE,
5055,AR,GREENE,2013,SOYBEANS,ALL CLASSES,NON-IRRIGATED,non_irrigated,ALL UTILIZATION PRACTICES,22.5,BU / ACRE,
5055,AR,GREENE,2012,SOYBEANS,ALL CLASSES,NON-IRRIGATED,non_irrigated,ALL UTILIZATION PRACTICES,22.1,BU / ACRE,
5055,AR,GREENE,2011,SOYBEANS,ALL CLASSES,NON-IRRIGATED,non_irrigated,ALL UTILIZATION PRACTICES,20.6,BU / ACRE,
5055,AR,GREENE,2010,SOYBEANS,ALL CLASSES,NON-IRRIGATED,non_irrigated,ALL UTILIZATION PRACTICES,18.0,BU / ACRE,
5055,AR,GREENE,2009,SOYBEANS,ALL CLASSES,NON-IRRIGATED,non_irrigated,ALL UTILIZATION PRACTICES,28.5,BU / ACRE,
5055,AR,GREENE,2008,SOYBEANS,ALL CLASSES,NON-IRRIGATED,non_irrigated,ALL UTILIZATION PRACTICES,22.0,BU / ACRE,
5063,AR,INDEPENDENCE,2015,SOYBEANS,ALL CLASSES,NON-IRRIGATED,non_irrigated,ALL UTILIZATION PRACTICES,38.2,BU / ACRE,
5063,AR,INDEPENDENCE,2013,SOYBEANS,ALL CLASSES,NON-IRRIGATED,non_irrigated,ALL UTILIZATION PRACTICES,28.3,BU / ACRE,
5063,AR,INDEPENDENCE,2012,SOYBEANS,ALL CLASSES,NON-IRRIGATED,non_irrigated,ALL UTILIZATION PRACTICES,20.0,BU / ACRE,
5063,AR,INDEPENDENCE,2011,SOYBEANS,ALL CLASSES,NON-IRRIGATED,non_irrigated,ALL UTILIZATION PRACTICES,21.0,BU / ACRE,
5063,AR,INDEPENDENCE,2010,SOYBEANS,ALL CLASSES,NON-IRRIGATED,non_irrigated,ALL UTILIZATION PRACTICES,20.5,BU / ACRE,
5063,AR,INDEPENDENCE,2009,SOYBEANS,ALL CLASSES,NON-IRRIGATED,non_irrigated,ALL UTILIZATION PRACTICES,23.5,BU / ACRE,
5063,AR,INDEPENDENCE,2008,SOYBEANS,ALL CLASSES,NON-IRRIGATED,non_irrigated,ALL UTILIZATION PRACTICES,32.0,BU / ACRE,
5067,AR,JACKSON,2018,SOYBEANS,ALL CLASSES,NON-IRRIGATED,non_irrigated,ALL UTILIZATION PRACTICES,27.6,BU / ACRE,
5067,AR,JACKSON,2017,SOYBEANS,ALL CLASSES,NON-IRRIGATED,non_irrigated,ALL UTILIZATION PRACTICES,29.6,BU / ACRE,
5067,AR,JACKSON,2016,SOYBEANS,ALL CLASSES,NON-IRRIGATED,non_irrigated,ALL UTILIZATION PRACTICES,22.2,BU / ACRE,
5067,AR,JACKSON,2015,SOYBEANS,ALL CLASSES,NON-IRRIGATED,non_irrigated,ALL UTILIZATION PRACTICES,34.7,BU / ACRE,
5067,AR,JACKSON,2014,SOYBEANS,ALL CLASSES,NON-IRRIGATED,non_irrigated,ALL UTILIZATION PRACTICES,29.7,BU / ACRE,
5067,AR,JACKSON,2012,SOYBEANS,ALL CLASSES,NON-IRRIGATED,non_irrigated,ALL UTILIZATION PRACTICES,16.1,BU / ACRE,
5067,AR,JACKSON,2011,SOYBEANS,ALL CLASSES,NON-IRRIGATED,non_irrigated,ALL UTILIZATION PRACTICES,14.6,BU / ACRE,
5067,AR,JACKSON,2010,SOYBEANS,ALL CLASSES,NON-IRRIGATED,non_irrigated,ALL UTILIZATION PRACTICES,18.0,BU / ACRE,
5067,AR,JACKSON,2009,SOYBEANS,ALL CLASSES,NON-IRRIGATED,non_irrigated,ALL UTILIZATION PRACTICES,23.5,BU / ACRE,
5067,AR,JACKSON,2008,SOYBEANS,ALL CLASSES,NON-IRRIGATED,non_irrigated,ALL UTILIZATION PRACTICES,26.0,BU / ACRE,
5075,AR,LAWRENCE,2017,SOYBEANS,ALL CLASSES,NON-IRRIGATED,non_irrigated,ALL UTILIZATION PRACTICES,41.1,BU / ACRE,
5075,AR,LAWRENCE,2016,SOYBEANS,ALL CLASSES,NON-IRRIGATED,non_irrigated,ALL UTILIZATION PRACTICES,13.6,BU / ACRE,
5075,AR,LAWRENCE,2015,SOYBEANS,ALL CLASSES,NON-IRRIGATED,non_irrigated,ALL UTILIZATION PRACTICES,36.0,BU / ACRE,
5075,AR,LAWRENCE,2014,SOYBEANS,ALL CLASSES,NON-IRRIGATED,non_irrigated,ALL UTILIZATION PRACTICES,29.1,BU / ACRE,
5075,AR,LAWRENCE,2013,SOYBEANS,ALL CLASSES,NON-IRRIGATED,non_irrigated,ALL UTILIZATION PRACTICES,24.1,BU / ACRE,
5075,AR,LAWRENCE,2012,SOYBEANS,ALL CLASSES,NON-IRRIGATED,non_irrigated,ALL UTILIZATION PRACTICES,19.1,BU / ACRE,
5075,AR,LAWRENCE,2011,SOYBEANS,ALL CLASSES,NON-IRRIGATED,non_irrigated,ALL UTILIZATION PRACTICES,21.1,BU / ACRE,
5075,AR,LAWRENCE,2010,SOYBEANS,ALL CLASSES,NON-IRRIGATED,non_irrigated,ALL UTILIZATION PRACTICES,20.1,BU / ACRE,
5075,AR,LAWRENCE,2009,SOYBEANS,ALL CLASSES,NON-IRRIGATED,non_irrigated,ALL UTILIZATION PRACTICES,20.0,BU / ACRE,
5075,AR,LAWRENCE,2008,SOYBEANS,ALL CLASSES,NON-IRRIGATED,non_irrigated,ALL UTILIZATION PRACTICES,31.0,BU / ACRE,
5093,AR,MISSISSIPPI,2018,SOYBEANS,ALL CLASSES,NON-IRRIGATED,non_irrigated,ALL UTILIZATION PRACTICES,39.4,BU / ACRE,
5093,AR,MISSISSIPPI,2017,SOYBEANS,ALL CLASSES,NON-IRRIGATED,non_irrigated,ALL UTILIZATION PRACTICES,50.2,BU / ACRE,
5093,AR,MISSISSIPPI,2016,SOYBEANS,ALL CLASSES,NON-IRRIGATED,non_irrigated,ALL UTILIZATION PRACTICES,35.3,BU / ACRE,
5093,AR,MISSISSIPPI,2015,SOYBEANS,ALL CLASSES,NON-IRRIGATED,non_irrigated,ALL UTILIZATION PRACTICES,44.4,BU / ACRE,
5093,AR,MISSISSIPPI,2014,SOYBEANS,ALL CLASSES,NON-IRRIGATED,non_irrigated,ALL UTILIZATION PRACTICES,46.5,BU / ACRE,
5093,AR,MISSISSIPPI,2013,SOYBEANS,ALL CLASSES,NON-IRRIGATED,non_irrigated,ALL UTILIZATION PRACTICES,35.7,BU / ACRE,
5093,AR,MISSISSIPPI,2012,SOYBEANS,ALL CLASSES,NON-IRRIGATED,non_irrigated,ALL UTILIZATION PRACTICES,26.7,BU / ACRE,
5093,AR,MISSISSIPPI,2011,SOYBEANS,ALL CLASSES,NON-IRRIGATED,non_irrigated,ALL UTILIZATION PRACTICES,28.8,BU / ACRE,
5093,AR,MISSISSIPPI,2010,SOYBEANS,ALL CLASSES,NON-IRRIGATED,non_irrigated,ALL UTILIZATION PRACTICES,24.8,BU / ACRE,
5093,AR,MISSISSIPPI,2009,SOYBEANS,ALL CLASSES,NON-IRRIGATED,non_irrigated,ALL UTILIZATION PRACTICES,38.0,BU / ACRE,
5093,AR,MISSISSIPPI,2008,SOYBEANS,ALL CLASSES,NON-IRRIGATED,non_irrigated,ALL UTILIZATION PRACTICES,32.0,BU / ACRE,
5111,AR,POINSETT,2018,SOYBEANS,ALL CLASSES,NON-IRRIGATED,non_irrigated,ALL UTILIZATION PRACTICES,48.8,BU / ACRE,
5111,AR,POINSETT,2015,SOYBEANS,ALL CLASSES,NON-IRRIGATED,non_irrigated,ALL UTILIZATION PRACTICES,42.1,BU / ACRE,
5111,AR,POINSETT,2014,SOYBEANS,ALL CLASSES,NON-IRRIGATED,non_irrigated,ALL UTILIZATION PRACTICES,28.9,BU / ACRE,
5111,AR,POINSETT,2012,SOYBEANS,ALL CLASSES,NON-IRRIGATED,non_irrigated,ALL UTILIZATION PRACTICES,22.9,BU / ACRE,
5111,AR,POINSETT,2011,SOYBEANS,ALL CLASSES,NON-IRRIGATED,non_irrigated,ALL UTILIZATION PRACTICES,27.2,BU / ACRE,
5111,AR,POINSETT,2010,SOYBEANS,ALL CLASSES,NON-IRRIGATED,non_irrigated,ALL UTILIZATION PRACTICES,25.0,BU / ACRE,
5111,AR,POINSETT,2009,SOYBEANS,ALL CLASSES,NON-IRRIGATED,non_irrigated,ALL UTILIZATION PRACTICES,30.0,BU / ACRE,
5111,AR,POINSETT,2008,SOYBEANS,ALL CLASSES,NON-IRRIGATED,non_irrigated,ALL UTILIZATION PRACTICES,29.0,BU / ACRE,
5121,AR,RANDOLPH,2017,SOYBEANS,ALL CLASSES,NON-IRRIGATED,non_irrigated,ALL UTILIZATION PRACTICES,35.7,BU / ACRE,
5121,AR,RANDOLPH,2010,SOYBEANS,ALL CLASSES,NON-IRRIGATED,non_irrigated,ALL UTILIZATION PRACTICES,22.3,BU / ACRE,
5121,AR,RANDOLPH,2009,SOYBEANS,ALL CLASSES,NON-IRRIGATED,non_irrigated,ALL UTILIZATION PRACTICES,29.0,BU / ACRE,
5121,AR,RANDOLPH,2008,SOYBEANS,ALL CLASSES,NON-IRRIGATED,non_irrigated,ALL UTILIZATION PRACTICES,27.0,BU / ACRE,
5145,AR,WHITE,2017,SOYBEANS,ALL CLASSES,NON-IRRIGATED,non_irrigated,ALL UTILIZATION PRACTICES,30.4,BU / ACRE,
5145,AR,WHITE,2015,SOYBEANS,ALL CLASSES,NON-IRRIGATED,non_irrigated,ALL UTILIZATION PRACTICES,27.8,BU / ACRE,
5145,AR,WHITE,2014,SOYBEANS,ALL CLASSES,NON-IRRIGATED,non_irrigated,ALL UTILIZATION PRACTICES,21.0,BU / ACRE,
5145,AR,WHITE,2013,SOYBEANS,ALL CLASSES,NON-IRRIGATED,non_irrigated,ALL UTILIZATION PRACTICES,23.2,BU / ACRE,
5145,AR,WHITE,2012,SOYBEANS,ALL CLASSES,NON-IRRIGATED,non_irrigated,ALL UTILIZATION PRACTICES,21.7,BU / ACRE,
5145,AR,WHITE,2011,SOYBEANS,ALL CLASSES,NON-IRRIGATED,non_irrigated,ALL UTILIZATION PRACTICES,25.3,BU / ACRE,
5145,AR,WHITE,2010,SOYBEANS,ALL CLASSES,NON-IRRIGATED,non_irrigated,ALL UTILIZATION PRACTICES,12.0,BU / ACRE,
5145,AR,WHITE,2009,SOYBEANS,ALL CLASSES,NON-IRRIGATED,non_irrigated,ALL UTILIZATION PRACTICES,20.0,BU / ACRE,
5145,AR,WHITE,2008,SOYBEANS,ALL CLASSES,NON-IRRIGATED,non_irrigated,ALL UTILIZATION PRACTICES,28.0,BU / ACRE,
5115,AR,POPE,2011,SOYBEANS,ALL CLASSES,NON-IRRIGATED,non_irrigated,ALL UTILIZATION PRACTICES,16.3,BU / ACRE,
5115,AR,POPE,2010,SOYBEANS,ALL CLASSES,NON-IRRIGATED,non_irrigated,ALL UTILIZATION PRACTICES,21.0,BU / ACRE,
5115,AR,POPE,2008,SOYBEANS,ALL CLASSES,NON-IRRIGATED,non_irrigated,ALL UTILIZATION PRACTICES,31.0,BU / ACRE,
5029,AR,CONWAY,2017,SOYBEANS,ALL CLASSES,NON-IRRIGATED,non_irrigated,ALL UTILIZATION PRACTICES,35.5,BU / ACRE,
5029,AR,CONWAY,2014,SOYBEANS,ALL CLASSES,NON-IRRIGATED,non_irrigated,ALL UTILIZATION PRACTICES,40.6,BU / ACRE,
5029,AR,CONWAY,2012,SOYBEANS,ALL CLASSES,NON-IRRIGATED,non_irrigated,ALL UTILIZATION PRACTICES,17.3,BU / ACRE,
5029,AR,CONWAY,2011,SOYBEANS,ALL CLASSES,NON-IRRIGATED,non_irrigated,ALL UTILIZATION PRACTICES,16.8,BU / ACRE,
5029,AR,CONWAY,2010,SOYBEANS,ALL CLASSES,NON-IRRIGATED,non_irrigated,ALL UTILIZATION PRACTICES,20.3,BU / ACRE,
5029,AR,CONWAY,2009,SOYBEANS,ALL CLASSES,NON-IRRIGATED,non_irrigated,ALL UTILIZATION PRACTICES,30.0,BU / ACRE,
5029,AR,CONWAY,2008,SOYBEANS,ALL CLASSES,NON-IRRIGATED,non_irrigated,ALL UTILIZATION PRACTICES,28.0,BU / ACRE,
5045,AR,FAULKNER,2016,SOYBEANS,ALL CLASSES,NON-IRRIGATED,non_irrigated,ALL UTILIZATION PRACTICES,33.8,BU / ACRE,
5045,AR,FAULKNER,2008,SOYBEANS,ALL CLASSES,NON-IRRIGATED,non_irrigated,ALL UTILIZATION PRACTICES,28.0,BU / ACRE,
5119,AR,PULASKI,2013,SOYBEANS,ALL CLASSES,NON-IRRIGATED,non_irrigated,ALL UTILIZATION PRACTICES,24.9,BU / ACRE,
5119,AR,PULASKI,2011,SOYBEANS,ALL CLASSES,NON-IRRIGATED,non_irrigated,ALL UTILIZATION PRACTICES,15.5,BU / ACRE,
5119,AR,PULASKI,2010,SOYBEANS,ALL CLASSES,NON-IRRIGATED,non_irrigated,ALL UTILIZATION PRACTICES,16.0,BU / ACRE,
5119,AR,PULASKI,2008,SOYBEANS,ALL CLASSES,NON-IRRIGATED,non_irrigated,ALL UTILIZATION PRACTICES,25.0,BU / ACRE,
5001,AR,ARKANSAS,2011,SOYBEANS,ALL CLASSES,NON-IRRIGATED,non_irrigated,ALL UTILIZATION PRACTICES,23.6,BU / ACRE,
5001,AR,ARKANSAS,2010,SOYBEANS,ALL CLASSES,NON-IRRIGATED,non_irrigated,ALL UTILIZATION PRACTICES,20.7,BU / ACRE,
5001,AR,ARKANSAS,2009,SOYBEANS,ALL CLASSES,NON-IRRIGATED,non_irrigated,ALL UTILIZATION PRACTICES,34.5,BU / ACRE,
5001,AR,ARKANSAS,2008,SOYBEANS,ALL CLASSES,NON-IRRIGATED,non_irrigated,ALL UTILIZATION PRACTICES,32.0,BU / ACRE,
5035,AR,CRITTENDEN,2017,SOYBEANS,ALL CLASSES,NON-IRRIGATED,non_irrigated,ALL UTILIZATION PRACTICES,48.2,BU / ACRE,
5035,AR,CRITTENDEN,2016,SOYBEANS,ALL CLASSES,NON-IRRIGATED,non_irrigated,ALL UTILIZATION PRACTICES,37.3,BU / ACRE,
5035,AR,CRITTENDEN,2015,SOYBEANS,ALL CLASSES,NON-IRRIGATED,non_irrigated,ALL UTILIZATION PRACTICES,39.8,BU / ACRE,
5035,AR,CRITTENDEN,2014,SOYBEANS,ALL CLASSES,NON-IRRIGATED,non_irrigated,ALL UTILIZATION PRACTICES,40.0,BU / ACRE,
5035,AR,CRITTENDEN,2013,SOYBEANS,ALL CLASSES,NON-IRRIGATED,non_irrigated,ALL UTILIZATION PRACTICES,33.4,BU / ACRE,
5035,AR,CRITTENDEN,2011,SOYBEANS,ALL CLASSES,NON-IRRIGATED,non_irrigated,ALL UTILIZATION PRACTICES,29.1,BU / ACRE,
5035,AR,CRITTENDEN,2010,SOYBEANS,ALL CLASSES,NON-IRRIGATED,non_irrigated,ALL UTILIZATION PRACTICES,28.0,BU / ACRE,
5035,AR,CRITTENDEN,2009,SOYBEANS,ALL CLASSES,NON-IRRIGATED,non_irrigated,ALL UTILIZATION PRACTICES,37.5,BU / ACRE,
5035,AR,CRITTENDEN,2008,SOYBEANS,ALL CLASSES,NON-IRRIGATED,non_irrigated,ALL UTILIZATION PRACTICES,28.0,BU / ACRE,
5037,AR,CROSS,2017,SOYBEANS,ALL CLASSES,NON-IRRIGATED,non_irrigated,ALL UTILIZATION PRACTICES,44.0,BU / ACRE,
5037,AR,CROSS,2016,SOYBEANS,ALL CLASSES,NON-IRRIGATED,non_irrigated,ALL UTILIZATION PRACTICES,34.0,BU / ACRE,
5037,AR,CROSS,2015,SOYBEANS,ALL CLASSES,NON-IRRIGATED,non_irrigated,ALL UTILIZATION PRACTICES,42.0,BU / ACRE,
5037,AR,CROSS,2012,SOYBEANS,ALL CLASSES,NON-IRRIGATED,non_irrigated,ALL UTILIZATION PRACTICES,30.3,BU / ACRE,
5037,AR,CROSS,2011,SOYBEANS,ALL CLASSES,NON-IRRIGATED,non_irrigated,ALL UTILIZATION PRACTICES,26.5,BU / ACRE,
5037,AR,CROSS,2010,SOYBEANS,ALL CLASSES,NON-IRRIGATED,non_irrigated,ALL UTILIZATION PRACTICES,21.6,BU / ACRE,
5037,AR,CROSS,2009,SOYBEANS,ALL CLASSES,NON-IRRIGATED,non_irrigated,ALL UTILIZATION PRACTICES,31.5,BU / ACRE,
5037,AR,CROSS,2008,SOYBEANS,ALL CLASSES,NON-IRRIGATED,non_irrigated,ALL UTILIZATION PRACTICES,30.0,BU / ACRE,
5077,AR,LEE,2018,SOYBEANS,ALL CLASSES,NON-IRRIGATED,non_irrigated,ALL UTILIZATION PRACTICES,30.4,BU / ACRE,
5077,AR,LEE,2017,SOYBEANS,ALL CLASSES,NON-IRRIGATED,non_irrigated,ALL UTILIZATION PRACTICES,36.0,BU / ACRE,
5077,AR,LEE,2016,SOYBEANS,ALL CLASSES,NON-IRRIGATED,non_irrigated,ALL UTILIZATION PRACTICES,32.9,BU / ACRE,
5077,AR,LEE,2015,SOYBEANS,ALL CLASSES,NON-IRRIGATED,non_irrigated,ALL UTILIZATION PRACTICES,32.7,BU / ACRE,
5077,AR,LEE,2014,SOYBEANS,ALL CLASSES,NON-IRRIGATED,non_irrigated,ALL UTILIZATION PRACTICES,36.2,BU / ACRE,
5077,AR,LEE,2013,SOYBEANS,ALL CLASSES,NON-IRRIGATED,non_irrigated,ALL UTILIZATION PRACTICES,28.1,BU / ACRE,
5077,AR,LEE,2012,SOYBEANS,ALL CLASSES,NON-IRRIGATED,non_irrigated,ALL UTILIZATION PRACTICES,22.6,BU / ACRE,
5077,AR,LEE,2011,SOYBEANS,ALL CLASSES,NON-IRRIGATED,non_irrigated,ALL UTILIZATION PRACTICES,23.0,BU / ACRE,
5077,AR,LEE,2010,SOYBEANS,ALL CLASSES,NON-IRRIGATED,non_irrigated,ALL UTILIZATION PRACTICES,15.0,BU / ACRE,
5077,AR,LEE,2009,SOYBEANS,ALL CLASSES,NON-IRRIGATED,non_irrigated,ALL UTILIZATION PRACTICES,34.0,BU / ACRE,
5077,AR,LEE,2008,SOYBEANS,ALL CLASSES,NON-IRRIGATED,non_irrigated,ALL UTILIZATION PRACTICES,35.0,BU / ACRE,
5085,AR,LONOKE,2016,SOYBEANS,ALL CLASSES,NON-IRRIGATED,non_irrigated,ALL UTILIZATION PRACTICES,35.8,BU / ACRE,
5085,AR,LONOKE,2012,SOYBEANS,ALL CLASSES,NON-IRRIGATED,non_irrigated,ALL UTILIZATION PRACTICES,24.1,BU / ACRE,
5085,AR,LONOKE,2010,SOYBEANS,ALL CLASSES,NON-IRRIGATED,non_irrigated,ALL UTILIZATION PRACTICES,19.0,BU / ACRE,
5085,AR,LONOKE,2008,SOYBEANS,ALL CLASSES,NON-IRRIGATED,non_irrigated,ALL UTILIZATION PRACTICES,27.0,BU / ACRE,
5095,AR,MONROE,2018,SOYBEANS,ALL CLASSES,NON-IRRIGATED,non_irrigated,ALL UTILIZATION PRACTICES,31.6,BU / ACRE,
5095,AR,MONROE,2012,SOYBEANS,ALL CLASSES,NON-IRRIGATED,non_irrigated,ALL UTILIZATION PRACTICES,27.6,BU / ACRE,
5095,AR,MONROE,2011,SOYBEANS,ALL CLASSES,NON-IRRIGATED,non_irrigated,ALL UTILIZATION PRACTICES,18.0,BU / ACRE,
5095,AR,MONROE,2010,SOYBEANS,ALL CLASSES,NON-IRRIGATED,non_irrigated,ALL UTILIZATION PRACTICES,14.4,BU / ACRE,
5095,AR,MONROE,2008,SOYBEANS,ALL CLASSES,NON-IRRIGATED,non_irrigated,ALL UTILIZATION PRACTICES,22.0,BU / ACRE,
5107,AR,PHILLIPS,2018,SOYBEANS,ALL CLASSES,NON-IRRIGATED,non_irrigated,ALL UTILIZATION PRACTICES,37.9,BU / ACRE,
5107,AR,PHILLIPS,2017,SOYBEANS,ALL CLASSES,NON-IRRIGATED,non_irrigated,ALL UTILIZATION PRACTICES,43.2,BU / ACRE,
5107,AR,PHILLIPS,2015,SOYBEANS,ALL CLASSES,NON-IRRIGATED,non_irrigated,ALL UTILIZATION PRACTICES,29.3,BU / ACRE,
5107,AR,PHILLIPS,2014,SOYBEANS,ALL CLASSES,NON-IRRIGATED,non_irrigated,ALL UTILIZATION PRACTICES,49.3,BU / ACRE,
5107,AR,PHILLIPS,2013,SOYBEANS,ALL CLASSES,NON-IRRIGATED,non_irrigated,ALL UTILIZATION PRACTICES,30.0,BU / ACRE,
5107,AR,PHILLIPS,2012,SOYBEANS,ALL CLASSES,NON-IRRIGATED,non_irrigated,ALL UTILIZATION PRACTICES,29.8,BU / ACRE,
5107,AR,PHILLIPS,2011,SOYBEANS,ALL CLASSES,NON-IRRIGATED,non_irrigated,ALL UTILIZATION PRACTICES,26.6,BU / ACRE,
5107,AR,PHILLIPS,2010,SOYBEANS,ALL CLASSES,NON-IRRIGATED,non_irrigated,ALL UTILIZATION PRACTICES,23.5,BU / ACRE,
5107,AR,PHILLIPS,2009,SOYBEANS,ALL CLASSES,NON-IRRIGATED,non_irrigated,ALL UTILIZATION PRACTICES,36.0,BU / ACRE,
5107,AR,PHILLIPS,2008,SOYBEANS,ALL CLASSES,NON-IRRIGATED,non_irrigated,ALL UTILIZATION PRACTICES,33.0,BU / ACRE,
5117,AR,PRAIRIE,2017,SOYBEANS,ALL CLASSES,NON-IRRIGATED,non_irrigated,ALL UTILIZATION PRACTICES,34.2,BU / ACRE,
5117,AR,PRAIRIE,2016,SOYBEANS,ALL CLASSES,NON-IRRIGATED,non_irrigated,ALL UTILIZATION PRACTICES,30.1,BU / ACRE,
5117,AR,PRAIRIE,2014,SOYBEANS,ALL CLASSES,NON-IRRIGATED,non_irrigated,ALL UTILIZATION PRACTICES,20.5,BU / ACRE,
5117,AR,PRAIRIE,2010,SOYBEANS,ALL CLASSES,NON-IRRIGATED,non_irrigated,ALL UTILIZATION PRACTICES,19.0,BU / ACRE,
5117,AR,PRAIRIE,2009,SOYBEANS,ALL CLASSES,NON-IRRIGATED,non_irrigated,ALL UTILIZATION PRACTICES,30.0,BU / ACRE,
5117,AR,PRAIRIE,2008,SOYBEANS,ALL CLASSES,NON-IRRIGATED,non_irrigated,ALL UTILIZATION PRACTICES,32.0,BU / ACRE,
5123,AR,SAINT FRANCIS,2016,SOYBEANS,ALL CLASSES,NON-IRRIGATED,non_irrigated,ALL UTILIZATION PRACTICES,34.4,BU / ACRE,
5123,AR,SAINT FRANCIS,2010,SOYBEANS,ALL CLASSES,NON-IRRIGATED,non_irrigated,ALL UTILIZATION PRACTICES,18.2,BU / ACRE,
5123,AR,SAINT FRANCIS,2009,SOYBEANS,ALL CLASSES,NON-IRRIGATED,non_irrigated,ALL UTILIZATION PRACTICES,30.5,BU / ACRE,
5123,AR,SAINT FRANCIS,2008,SOYBEANS,ALL CLASSES,NON-IRRIGATED,non_irrigated,ALL UTILIZATION PRACTICES,31.0,BU / ACRE,
5147,AR,WOODRUFF,2016,SOYBEANS,ALL CLASSES,NON-IRRIGATED,non_irrigated,ALL UTILIZATION PRACTICES,20.7,BU / ACRE,
5147,AR,WOODRUFF,2014,SOYBEANS,ALL CLASSES,NON-IRRIGATED,non_irrigated,ALL UTILIZATION PRACTICES,21.6,BU / ACRE,
5147,AR,WOODRUFF,2013,SOYBEANS,ALL CLASSES,NON-IRRIGATED,non_irrigated,ALL UTILIZATION PRACTICES,23.1,BU / ACRE,
5147,AR,WOODRUFF,2012,SOYBEANS,ALL CLASSES,NON-IRRIGATED,non_irrigated,ALL UTILIZATION PRACTICES,15.1,BU / ACRE,
5147,AR,WOODRUFF,2011,SOYBEANS,ALL CLASSES,NON-IRRIGATED,non_irrigated,ALL UTILIZATION PRACTICES,22.6,BU / ACRE,
5147,AR,WOODRUFF,2010,SOYBEANS,ALL CLASSES,NON-IRRIGATED,non_irrigated,ALL UTILIZATION PRACTICES,18.0,BU / ACRE,
5147,AR,WOODRUFF,2009,SOYBEANS,ALL CLASSES,NON-IRRIGATED,non_irrigated,ALL UTILIZATION PRACTICES,20.5,BU / ACRE,
5147,AR,WOODRUFF,2008,SOYBEANS,ALL CLASSES,NON-IRRIGATED,non_irrigated,ALL UTILIZATION PRACTICES,28.0,BU / ACRE,
5073,AR,LAFAYETTE,2014,SOYBEANS,ALL CLASSES,NON-IRRIGATED,non_irrigated,ALL UTILIZATION PRACTICES,41.8,BU / ACRE,
5073,AR,LAFAYETTE,2008,SOYBEANS,ALL CLASSES,NON-IRRIGATED,non_irrigated,ALL UTILIZATION PRACTICES,29.0,BU / ACRE,
5003,AR,ASHLEY,2011,SOYBEANS,ALL CLASSES,NON-IRRIGATED,non_irrigated,ALL UTILIZATION PRACTICES,17.1,BU / ACRE,
5003,AR,ASHLEY,2010,SOYBEANS,ALL CLASSES,NON-IRRIGATED,non_irrigated,ALL UTILIZATION PRACTICES,20.0,BU / ACRE,
5003,AR,ASHLEY,2008,SOYBEANS,ALL CLASSES,NON-IRRIGATED,non_irrigated,ALL UTILIZATION PRACTICES,23.0,BU / ACRE,
5017,AR,CHICOT,2018,SOYBEANS,ALL CLASSES,NON-IRRIGATED,non_irrigated,ALL UTILIZATION PRACTICES,39.0,BU / ACRE,
5017,AR,CHICOT,2017,SOYBEANS,ALL CLASSES,NON-IRRIGATED,non_irrigated,ALL UTILIZATION PRACTICES,40.6,BU / ACRE,
5017,AR,CHICOT,2016,SOYBEANS,ALL CLASSES,NON-IRRIGATED,non_irrigated,ALL UTILIZATION PRACTICES,41.8,BU / ACRE,
5017,AR,CHICOT,2015,SOYBEANS,ALL CLASSES,NON-IRRIGATED,non_irrigated,ALL UTILIZATION PRACTICES,40.6,BU / ACRE,
5017,AR,CHICOT,2014,SOYBEANS,ALL CLASSES,NON-IRRIGATED,non_irrigated,ALL UTILIZATION PRACTICES,49.1,BU / ACRE,
5017,AR,CHICOT,2012,SOYBEANS,ALL CLASSES,NON-IRRIGATED,non_irrigated,ALL UTILIZATION PRACTICES,34.7,BU / ACRE,
5017,AR,CHICOT,2011,SOYBEANS,ALL CLASSES,NON-IRRIGATED,non_irrigated,ALL UTILIZATION PRACTICES,24.0,BU / ACRE,
5017,AR,CHICOT,2010,SOYBEANS,ALL CLASSES,NON-IRRIGATED,non_irrigated,ALL UTILIZATION PRACTICES,29.5,BU / ACRE,
5017,AR,CHICOT,2009,SOYBEANS,ALL CLASSES,NON-IRRIGATED,non_irrigated,ALL UTILIZATION PRACTICES,35.5,BU / ACRE,
5017,AR,CHICOT,2008,SOYBEANS,ALL CLASSES,NON-IRRIGATED,non_irrigated,ALL UTILIZATION PRACTICES,29.0,BU / ACRE,
5041,AR,DESHA,2018,SOYBEANS,ALL CLASSES,NON-IRRIGATED,non_irrigated,ALL UTILIZATION PRACTICES,41.6,BU / ACRE,
5041,AR,DESHA,2017,SOYBEANS,ALL CLASSES,NON-IRRIGATED,non_irrigated,ALL UTILIZATION PRACTICES,37.9,BU / ACRE,
5041,AR,DESHA,2016,SOYBEANS,ALL CLASSES,NON-IRRIGATED,non_irrigated,ALL UTILIZATION PRACTICES,44.5,BU / ACRE,
5041,AR,DESHA,2015,SOYBEANS,ALL CLASSES,NON-IRRIGATED,non_irrigated,ALL UTILIZATION PRACTICES,38.2,BU / ACRE,
5041,AR,DESHA,2014,SOYBEANS,ALL CLASSES,NON-IRRIGATED,non_irrigated,ALL UTILIZATION PRACTICES,46.7,BU / ACRE,
5041,AR,DESHA,2011,SOYBEANS,ALL CLASSES,NON-IRRIGATED,non_irrigated,ALL UTILIZATION PRACTICES,26.1,BU / ACRE,
5041,AR,DESHA,2010,SOYBEANS,ALL CLASSES,NON-IRRIGATED,non_irrigated,ALL UTILIZATION PRACTICES,28.8,BU / ACRE,
5041,AR,DESHA,2009,SOYBEANS,ALL CLASSES,NON-IRRIGATED,non_irrigated,ALL UTILIZATION PRACTICES,35.5,BU / ACRE,
5043,AR,DREW,2017,SOYBEANS,ALL CLASSES,NON-IRRIGATED,non_irrigated,ALL UTILIZATION PRACTICES,36.4,BU / ACRE,
5043,AR,DREW,2012,SOYBEANS,ALL CLASSES,NON-IRRIGATED,non_irrigated,ALL UTILIZATION PRACTICES,26.9,BU / ACRE,
5043,AR,DREW,2011,SOYBEANS,ALL CLASSES,NON-IRRIGATED,non_irrigated,ALL UTILIZATION PRACTICES,20.4,BU / ACRE,
5043,AR,DREW,2010,SOYBEANS,ALL CLASSES,NON-IRRIGATED,non_irrigated,ALL UTILIZATION PRACTICES,20.7,BU / ACRE,
5069,AR,JEFFERSON,2018,SOYBEANS,ALL CLASSES,NON-IRRIGATED,non_irrigated,ALL UTILIZATION PRACTICES,33.7,BU / ACRE,
5069,AR,JEFFERSON,2016,SOYBEANS,ALL CLASSES,NON-IRRIGATED,non_irrigated,ALL UTILIZATION PRACTICES,23.6,BU / ACRE,
5069,AR,JEFFERSON,2015,SOYBEANS,ALL CLASSES,NON-IRRIGATED,non_irrigated,ALL UTILIZATION PRACTICES,43.8,BU / ACRE,
5069,AR,JEFFERSON,2014,SOYBEANS,ALL CLASSES,NON-IRRIGATED,non_irrigated,ALL UTILIZATION PRACTICES,38.2,BU / ACRE,
5069,AR,JEFFERSON,2013,SOYBEANS,ALL CLASSES,NON-IRRIGATED,non_irrigated,ALL UTILIZATION PRACTICES,30.7,BU / ACRE,
5069,AR,JEFFERSON,2011,SOYBEANS,ALL CLASSES,NON-IRRIGATED,non_irrigated,ALL UTILIZATION PRACTICES,24.5,BU / ACRE,
5069,AR,JEFFERSON,2010,SOYBEANS,ALL CLASSES,NON-IRRIGATED,non_irrigated,ALL UTILIZATION PRACTICES,26.7,BU / ACRE,
5069,AR,JEFFERSON,2009,SOYBEANS,ALL CLASSES,NON-IRRIGATED,non_irrigated,ALL UTILIZATION PRACTICES,34.5,BU / ACRE,
5069,AR,JEFFERSON,2008,SOYBEANS,ALL CLASSES,NON-IRRIGATED,non_irrigated,ALL UTILIZATION PRACTICES,23.0,BU / ACRE,
5079,AR,LINCOLN,2018,SOYBEANS,ALL CLASSES,NON-IRRIGATED,non_irrigated,ALL UTILIZATION PRACTICES,24.4,BU / ACRE,
5079,AR,LINCOLN,2012,SOYBEANS,ALL CLASSES,NON-IRRIGATED,non_irrigated,ALL UTILIZATION PRACTICES,20.4,BU / ACRE,
5079,AR,LINCOLN,2011,SOYBEANS,ALL CLASSES,NON-IRRIGATED,non_irrigated,ALL UTILIZATION PRACTICES,20.1,BU / ACRE,
5079,AR,LINCOLN,2010,SOYBEANS,ALL CLASSES,NON-IRRIGATED,non_irrigated,ALL UTILIZATION PRACTICES,22.5,BU / ACRE,
5079,AR,LINCOLN,2008,SOYBEANS,ALL CLASSES,NON-IRRIGATED,non_irrigated,ALL UTILIZATION PRACTICES,21.0,BU / ACRE,
22035,LA,EAST CARROLL,2009,COTTON,UPLAND,IRRIGATED,irrigated,ALL UTILIZATION PRACTICES,796.0,LB / ACRE,
22035,LA,EAST CARROLL,2008,COTTON,UPLAND,IRRIGATED,irrigated,ALL UTILIZATION PRACTICES,852.0,LB / ACRE,
22065,LA,MADISON,2009,COTTON,UPLAND,IRRIGATED,irrigated,ALL UTILIZATION PRACTICES,838.0,LB / ACRE,
22065,LA,MADISON,2008,COTTON,UPLAND,IRRIGATED,irrigated,ALL UTILIZATION PRACTICES,674.0,LB / ACRE,
22083,LA,RICHLAND,2008,COTTON,UPLAND,IRRIGATED,irrigated,ALL UTILIZATION PRACTICES,567.0,LB / ACRE,
22107,LA,TENSAS,2009,COTTON,UPLAND,IRRIGATED,irrigated,ALL UTILIZATION PRACTICES,768.0,LB / ACRE,
22107,LA,TENSAS,2008,COTTON,UPLAND,IRRIGATED,irrigated,ALL UTILIZATION PRACTICES,613.0,LB / ACRE,
22025,LA,CATAHOULA,2009,COTTON,UPLAND,IRRIGATED,irrigated,ALL UTILIZATION PRACTICES,900.0,LB / ACRE,
22035,LA,EAST CARROLL,2009,COTTON,UPLAND,NON-IRRIGATED,non_irrigated,ALL UTILIZATION PRACTICES,766.0,LB / ACRE,
22035,LA,EAST CARROLL,2008,COTTON,UPLAND,NON-IRRIGATED,non_irrigated,ALL UTILIZATION PRACTICES,735.0,LB / ACRE,
22065,LA,MADISON,2009,COTTON,UPLAND,NON-IRRIGATED,non_irrigated,ALL UTILIZATION PRACTICES,668.0,LB / ACRE,
22065,LA,MADISON,2008,COTTON,UPLAND,NON-IRRIGATED,non_irrigated,ALL UTILIZATION PRACTICES,444.0,LB / ACRE,
22083,LA,RICHLAND,2008,COTTON,UPLAND,NON-IRRIGATED,non_irrigated,ALL UTILIZATION PRACTICES,450.0,LB / ACRE,
22107,LA,TENSAS,2009,COTTON,UPLAND,NON-IRRIGATED,non_irrigated,ALL UTILIZATION PRACTICES,781.0,LB / ACRE,
22107,LA,TENSAS,2008,COTTON,UPLAND,NON-IRRIGATED,non_irrigated,ALL UTILIZATION PRACTICES,486.0,LB / ACRE,
22025,LA,CATAHOULA,2009,COTTON,UPLAND,NON-IRRIGATED,non_irrigated,ALL UTILIZATION PRACTICES,834.0,LB / ACRE,
53029,WA,ISLAND,2008,BARLEY,ALL CLASSES,NON-IRRIGATED,non_irrigated,ALL UTILIZATION PRACTICES,88.0,BU / ACRE,
53057,WA,SKAGIT,2008,BARLEY,ALL CLASSES,NON-IRRIGATED,non_irrigated,ALL UTILIZATION PRACTICES,107.0,BU / ACRE,
53047,WA,OKANOGAN,2008,BARLEY,ALL CLASSES,NON-IRRIGATED,non_irrigated,ALL UTILIZATION PRACTICES,30.0,BU / ACRE,
53005,WA,BENTON,2008,WHEAT,"SPRING, (EXCL DURUM)",IRRIGATED,irrigated,ALL UTILIZATION PRACTICES,96.0,BU / ACRE,
53077,WA,YAKIMA,2008,WHEAT,"SPRING, (EXCL DURUM)",IRRIGATED,irrigated,ALL UTILIZATION PRACTICES,68.0,BU / ACRE,
53005,WA,BENTON,2008,WHEAT,"SPRING, (EXCL DURUM)",NON-IRRIGATED,non_irrigated,ALL UTILIZATION PRACTICES,20.5,BU / ACRE,
53077,WA,YAKIMA,2008,WHEAT,"SPRING, (EXCL DURUM)",NON-IRRIGATED,non_irrigated,ALL UTILIZATION PRACTICES,19.5,BU / ACRE,
41065,OR,WASCO,2008,BARLEY,ALL CLASSES,IRRIGATED,irrigated,ALL UTILIZATION PRACTICES,70.0,BU / ACRE,
41061,OR,UNION,2008,BARLEY,ALL CLASSES,IRRIGATED,irrigated,ALL UTILIZATION PRACTICES,67.0,BU / ACRE,
41063,OR,WALLOWA,2008,BARLEY,ALL CLASSES,IRRIGATED,irrigated,ALL UTILIZATION PRACTICES,88.0,BU / ACRE,
41035,OR,KLAMATH,2008,BARLEY,ALL CLASSES,IRRIGATED,irrigated,ALL UTILIZATION PRACTICES,94.0,BU / ACRE,
41021,OR,GILLIAM,2008,BARLEY,ALL CLASSES,NON-IRRIGATED,non_irrigated,ALL UTILIZATION PRACTICES,20.0,BU / ACRE,
41065,OR,WASCO,2008,BARLEY,ALL CLASSES,NON-IRRIGATED,non_irrigated,ALL UTILIZATION PRACTICES,45.0,BU / ACRE,
41061,OR,UNION,2008,BARLEY,ALL CLASSES,NON-IRRIGATED,non_irrigated,ALL UTILIZATION PRACTICES,53.0,BU / ACRE,
41063,OR,WALLOWA,2008,BARLEY,ALL CLASSES,NON-IRRIGATED,non_irrigated,ALL UTILIZATION PRACTICES,27.0,BU / ACRE,
41065,OR,WASCO,2008,WHEAT,"SPRING, (EXCL DURUM)",IRRIGATED,irrigated,ALL UTILIZATION PRACTICES,80.5,BU / ACRE,
41059,OR,UMATILLA,2008,WHEAT,"SPRING, (EXCL DURUM)",IRRIGATED,irrigated,ALL UTILIZATION PRACTICES,80.0,BU / ACRE,
41065,OR,WASCO,2008,WHEAT,"SPRING, (EXCL DURUM)",NON-IRRIGATED,non_irrigated,ALL UTILIZATION PRACTICES,16.0,BU / ACRE,
41059,OR,UMATILLA,2008,WHEAT,"SPRING, (EXCL DURUM)",NON-IRRIGATED,non_irrigated,ALL UTILIZATION PRACTICES,17.5,BU / ACRE,
16073,ID,OWYHEE,2008,BARLEY,ALL CLASSES,IRRIGATED,irrigated,ALL UTILIZATION PRACTICES,92.0,BU / ACRE,
16053,ID,JEROME,2008,BARLEY,ALL CLASSES,IRRIGATED,irrigated,ALL UTILIZATION PRACTICES,131.0,BU / ACRE,
16005,ID,BANNOCK,2008,BARLEY,ALL CLASSES,IRRIGATED,irrigated,ALL UTILIZATION PRACTICES,81.2,BU / ACRE,
16019,ID,BONNEVILLE,2008,BARLEY,ALL CLASSES,IRRIGATED,irrigated,ALL UTILIZATION PRACTICES,107.5,BU / ACRE,
16023,ID,BUTTE,2008,BARLEY,ALL CLASSES,IRRIGATED,irrigated,ALL UTILIZATION PRACTICES,94.0,BU / ACRE,
16029,ID,CARIBOU,2008,BARLEY,ALL CLASSES,IRRIGATED,irrigated,ALL UTILIZATION PRACTICES,94.1,BU / ACRE,
16041,ID,FRANKLIN,2008,BARLEY,ALL CLASSES,IRRIGATED,irrigated,ALL UTILIZATION PRACTICES,84.8,BU / ACRE,
16043,ID,FREMONT,2008,BARLEY,ALL CLASSES,IRRIGATED,irrigated,ALL UTILIZATION PRACTICES,90.2,BU / ACRE,
16059,ID,LEMHI,2008,BARLEY,ALL CLASSES,IRRIGATED,irrigated,ALL UTILIZATION PRACTICES,83.0,BU / ACRE,
16065,ID,MADISON,2008,BARLEY,ALL CLASSES,IRRIGATED,irrigated,ALL UTILIZATION PRACTICES,101.5,BU / ACRE,
16071,ID,ONEIDA,2008,BARLEY,ALL CLASSES,IRRIGATED,irrigated,ALL UTILIZATION PRACTICES,72.1,BU / ACRE,
16081,ID,TETON,2008,BARLEY,ALL CLASSES,IRRIGATED,irrigated,ALL UTILIZATION PRACTICES,75.2,BU / ACRE,
16009,ID,BENEWAH,2008,BARLEY,ALL CLASSES,NON-IRRIGATED,non_irrigated,ALL UTILIZATION PRACTICES,70.0,BU / ACRE,
16021,ID,BOUNDARY,2008,BARLEY,ALL CLASSES,NON-IRRIGATED,non_irrigated,ALL UTILIZATION PRACTICES,78.7,BU / ACRE,
16035,ID,CLEARWATER,2008,BARLEY,ALL CLASSES,NON-IRRIGATED,non_irrigated,ALL UTILIZATION PRACTICES,38.3,BU / ACRE,
16049,ID,IDAHO,2008,BARLEY,ALL CLASSES,NON-IRRIGATED,non_irrigated,ALL UTILIZATION PRACTICES,48.5,BU / ACRE,
16057,ID,LATAH,2008,BARLEY,ALL CLASSES,NON-IRRIGATED,non_irrigated,ALL UTILIZATION PRACTICES,65.5,BU / ACRE,
16061,ID,LEWIS,2008,BARLEY,ALL CLASSES,NON-IRRIGATED,non_irrigated,ALL UTILIZATION PRACTICES,51.9,BU / ACRE,
16069,ID,NEZ PERCE,2008,BARLEY,ALL CLASSES,NON-IRRIGATED,non_irrigated,ALL UTILIZATION PRACTICES,60.7,BU / ACRE,
16005,ID,BANNOCK,2008,BARLEY,ALL CLASSES,NON-IRRIGATED,non_irrigated,ALL UTILIZATION PRACTICES,23.3,BU / ACRE,
16019,ID,BONNEVILLE,2008,BARLEY,ALL CLASSES,NON-IRRIGATED,non_irrigated,ALL UTILIZATION PRACTICES,33.2,BU / ACRE,
16029,ID,CARIBOU,2008,BARLEY,ALL CLASSES,NON-IRRIGATED,non_irrigated,ALL UTILIZATION PRACTICES,39.5,BU / ACRE,
16041,ID,FRANKLIN,2008,BARLEY,ALL CLASSES,NON-IRRIGATED,non_irrigated,ALL UTILIZATION PRACTICES,25.0,BU / ACRE,
16043,ID,FREMONT,2008,BARLEY,ALL CLASSES,NON-IRRIGATED,non_irrigated,ALL UTILIZATION PRACTICES,32.2,BU / ACRE,
16065,ID,MADISON,2008,BARLEY,ALL CLASSES,NON-IRRIGATED,non_irrigated,ALL UTILIZATION PRACTICES,22.0,BU / ACRE,
16071,ID,ONEIDA,2008,BARLEY,ALL CLASSES,NON-IRRIGATED,non_irrigated,ALL UTILIZATION PRACTICES,26.7,BU / ACRE,
16081,ID,TETON,2008,BARLEY,ALL CLASSES,NON-IRRIGATED,non_irrigated,ALL UTILIZATION PRACTICES,22.1,BU / ACRE,
16031,ID,CASSIA,2008,BEANS,"DRY EDIBLE, GREAT NORTHERN",IRRIGATED,irrigated,ALL UTILIZATION PRACTICES,2380.0,LB / ACRE,
16083,ID,TWIN FALLS,2008,BEANS,"DRY EDIBLE, GREAT NORTHERN",IRRIGATED,irrigated,ALL UTILIZATION PRACTICES,2540.0,LB / ACRE,
16031,ID,CASSIA,2008,BEANS,"DRY EDIBLE, INCL CHICKPEAS",IRRIGATED,irrigated,ALL UTILIZATION PRACTICES,2220.0,LB / ACRE,
16053,ID,JEROME,2008,BEANS,"DRY EDIBLE, INCL CHICKPEAS",IRRIGATED,irrigated,ALL UTILIZATION PRACTICES,2230.0,LB / ACRE,
16067,ID,MINIDOKA,2008,BEANS,"DRY EDIBLE, INCL CHICKPEAS",IRRIGATED,irrigated,ALL UTILIZATION PRACTICES,2150.0,LB / ACRE,
16083,ID,TWIN FALLS,2008,BEANS,"DRY EDIBLE, INCL CHICKPEAS",IRRIGATED,irrigated,ALL UTILIZATION PRACTICES,2310.0,LB / ACRE,
16031,ID,CASSIA,2008,BEANS,"DRY EDIBLE, PINK",IRRIGATED,irrigated,ALL UTILIZATION PRACTICES,2140.0,LB / ACRE,
16053,ID,JEROME,2008,BEANS,"DRY EDIBLE, PINK",IRRIGATED,irrigated,ALL UTILIZATION PRACTICES,2350.0,LB / ACRE,
16083,ID,TWIN FALLS,2008,BEANS,"DRY EDIBLE, PINK",IRRIGATED,irrigated,ALL UTILIZATION PRACTICES,2260.0,LB / ACRE,
16027,ID,CANYON,2008,BEANS,"DRY EDIBLE, PINTO",IRRIGATED,irrigated,ALL UTILIZATION PRACTICES,2570.0,LB / ACRE,
16073,ID,OWYHEE,2008,BEANS,"DRY EDIBLE, PINTO",IRRIGATED,irrigated,ALL UTILIZATION PRACTICES,2370.0,LB / ACRE,
16031,ID,CASSIA,2008,BEANS,"DRY EDIBLE, PINTO",IRRIGATED,irrigated,ALL UTILIZATION PRACTICES,2240.0,LB / ACRE,
16053,ID,JEROME,2008,BEANS,"DRY EDIBLE, PINTO",IRRIGATED,irrigated,ALL UTILIZATION PRACTICES,2190.0,LB / ACRE,
16067,ID,MINIDOKA,2008,BEANS,"DRY EDIBLE, PINTO",IRRIGATED,irrigated,ALL UTILIZATION PRACTICES,2270.0,LB / ACRE,
16083,ID,TWIN FALLS,2008,BEANS,"DRY EDIBLE, PINTO",IRRIGATED,irrigated,ALL UTILIZATION PRACTICES,2340.0,LB / ACRE,
16027,ID,CANYON,2008,BEANS,"DRY EDIBLE, RED, KIDNEY",IRRIGATED,irrigated,ALL UTILIZATION PRACTICES,1750.0,LB / ACRE,
16031,ID,CASSIA,2008,BEANS,"DRY EDIBLE, SMALL, RED",IRRIGATED,irrigated,ALL UTILIZATION PRACTICES,2160.0,LB / ACRE,
16053,ID,JEROME,2008,BEANS,"DRY EDIBLE, SMALL, RED",IRRIGATED,irrigated,ALL UTILIZATION PRACTICES,2140.0,LB / ACRE,
16067,ID,MINIDOKA,2008,BEANS,"DRY EDIBLE, SMALL, RED",IRRIGATED,irrigated,ALL UTILIZATION PRACTICES,2020.0,LB / ACRE,
16083,ID,TWIN FALLS,2008,BEANS,"DRY EDIBLE, SMALL, RED",IRRIGATED,irrigated,ALL UTILIZATION PRACTICES,2320.0,LB / ACRE,
16001,ID,ADA,2016,WHEAT,"SPRING, (EXCL DURUM)",IRRIGATED,irrigated,ALL UTILIZATION PRACTICES,108.3,BU / ACRE,
16001,ID,ADA,2011,WHEAT,"SPRING, (EXCL DURUM)",IRRIGATED,irrigated,ALL UTILIZATION PRACTICES,93.8,BU / ACRE,
16073,ID,OWYHEE,2012,WHEAT,"SPRING, (EXCL DURUM)",IRRIGATED,irrigated,ALL UTILIZATION PRACTICES,97.0,BU / ACRE,
16075,ID,PAYETTE,2010,WHEAT,"SPRING, (EXCL DURUM)",IRRIGATED,irrigated,ALL UTILIZATION PRACTICES,98.5,BU / ACRE,
16031,ID,CASSIA,2011,WHEAT,"SPRING, (EXCL DURUM)",IRRIGATED,irrigated,ALL UTILIZATION PRACTICES,105.6,BU / ACRE,
16047,ID,GOODING,2013,WHEAT,"SPRING, (EXCL DURUM)",IRRIGATED,irrigated,ALL UTILIZATION PRACTICES,107.5,BU / ACRE,
16047,ID,GOODING,2011,WHEAT,"SPRING, (EXCL DURUM)",IRRIGATED,irrigated,ALL UTILIZATION PRACTICES,117.6,BU / ACRE,
16047,ID,GOODING,2009,WHEAT,"SPRING, (EXCL DURUM)",IRRIGATED,irrigated,ALL UTILIZATION PRACTICES,104.5,BU / ACRE,
16053,ID,JEROME,2010,WHEAT,"SPRING, (EXCL DURUM)",IRRIGATED,irrigated,ALL UTILIZATION PRACTICES,110.4,BU / ACRE,
16053,ID,JEROME,2009,WHEAT,"SPRING, (EXCL DURUM)",IRRIGATED,irrigated,ALL UTILIZATION PRACTICES,113.0,BU / ACRE,
16063,ID,LINCOLN,2011,WHEAT,"SPRING, (EXCL DURUM)",IRRIGATED,irrigated,ALL UTILIZATION PRACTICES,112.7,BU / ACRE,
16063,ID,LINCOLN,2010,WHEAT,"SPRING, (EXCL DURUM)",IRRIGATED,irrigated,ALL UTILIZATION PRACTICES,94.5,BU / ACRE,
16083,ID,TWIN FALLS,2011,WHEAT,"SPRING, (EXCL DURUM)",IRRIGATED,irrigated,ALL UTILIZATION PRACTICES,92.9,BU / ACRE,
16005,ID,BANNOCK,2015,WHEAT,"SPRING, (EXCL DURUM)",IRRIGATED,irrigated,ALL UTILIZATION PRACTICES,84.0,BU / ACRE,
16005,ID,BANNOCK,2014,WHEAT,"SPRING, (EXCL DURUM)",IRRIGATED,irrigated,ALL UTILIZATION PRACTICES,99.6,BU / ACRE,
16019,ID,BONNEVILLE,2019,WHEAT,"SPRING, (EXCL DURUM)",IRRIGATED,irrigated,ALL UTILIZATION PRACTICES,115.6,BU / ACRE,
16019,ID,BONNEVILLE,2017,WHEAT,"SPRING, (EXCL DURUM)",IRRIGATED,irrigated,ALL UTILIZATION PRACTICES,110.9,BU / ACRE,
16019,ID,BONNEVILLE,2013,WHEAT,"SPRING, (EXCL DURUM)",IRRIGATED,irrigated,ALL UTILIZATION PRACTICES,104.5,BU / ACRE,
16019,ID,BONNEVILLE,2012,WHEAT,"SPRING, (EXCL DURUM)",IRRIGATED,irrigated,ALL UTILIZATION PRACTICES,107.8,BU / ACRE,
16019,ID,BONNEVILLE,2011,WHEAT,"SPRING, (EXCL DURUM)",IRRIGATED,irrigated,ALL UTILIZATION PRACTICES,109.5,BU / ACRE,
16019,ID,BONNEVILLE,2010,WHEAT,"SPRING, (EXCL DURUM)",IRRIGATED,irrigated,ALL UTILIZATION PRACTICES,101.0,BU / ACRE,
16023,ID,BUTTE,2017,WHEAT,"SPRING, (EXCL DURUM)",IRRIGATED,irrigated,ALL UTILIZATION PRACTICES,111.4,BU / ACRE,
16023,ID,BUTTE,2013,WHEAT,"SPRING, (EXCL DURUM)",IRRIGATED,irrigated,ALL UTILIZATION PRACTICES,108.7,BU / ACRE,
16023,ID,BUTTE,2009,WHEAT,"SPRING, (EXCL DURUM)",IRRIGATED,irrigated,ALL UTILIZATION PRACTICES,101.0,BU / ACRE,
16029,ID,CARIBOU,2017,WHEAT,"SPRING, (EXCL DURUM)",IRRIGATED,irrigated,ALL UTILIZATION PRACTICES,82.9,BU / ACRE,
16029,ID,CARIBOU,2015,WHEAT,"SPRING, (EXCL DURUM)",IRRIGATED,irrigated,ALL UTILIZATION PRACTICES,87.6,BU / ACRE,
16029,ID,CARIBOU,2014,WHEAT,"SPRING, (EXCL DURUM)",IRRIGATED,irrigated,ALL UTILIZATION PRACTICES,92.5,BU / ACRE,
16029,ID,CARIBOU,2012,WHEAT,"SPRING, (EXCL DURUM)",IRRIGATED,irrigated,ALL UTILIZATION PRACTICES,77.4,BU / ACRE,
16029,ID,CARIBOU,2011,WHEAT,"SPRING, (EXCL DURUM)",IRRIGATED,irrigated,ALL UTILIZATION PRACTICES,79.4,BU / ACRE,
16029,ID,CARIBOU,2010,WHEAT,"SPRING, (EXCL DURUM)",IRRIGATED,irrigated,ALL UTILIZATION PRACTICES,78.2,BU / ACRE,
16029,ID,CARIBOU,2009,WHEAT,"SPRING, (EXCL DURUM)",IRRIGATED,irrigated,ALL UTILIZATION PRACTICES,73.0,BU / ACRE,
16033,ID,CLARK,2014,WHEAT,"SPRING, (EXCL DURUM)",IRRIGATED,irrigated,ALL UTILIZATION PRACTICES,106.5,BU / ACRE,
16033,ID,CLARK,2013,WHEAT,"SPRING, (EXCL DURUM)",IRRIGATED,irrigated,ALL UTILIZATION PRACTICES,108.7,BU / ACRE,
16033,ID,CLARK,2011,WHEAT,"SPRING, (EXCL DURUM)",IRRIGATED,irrigated,ALL UTILIZATION PRACTICES,120.5,BU / ACRE,
16041,ID,FRANKLIN,2010,WHEAT,"SPRING, (EXCL DURUM)",IRRIGATED,irrigated,ALL UTILIZATION PRACTICES,66.5,BU / ACRE,
16043,ID,FREMONT,2011,WHEAT,"SPRING, (EXCL DURUM)",IRRIGATED,irrigated,ALL UTILIZATION PRACTICES,103.4,BU / ACRE,
16043,ID,FREMONT,2010,WHEAT,"SPRING, (EXCL DURUM)",IRRIGATED,irrigated,ALL UTILIZATION PRACTICES,84.0,BU / ACRE,
16051,ID,JEFFERSON,2011,WHEAT,"SPRING, (EXCL DURUM)",IRRIGATED,irrigated,ALL UTILIZATION PRACTICES,112.4,BU / ACRE,
16065,ID,MADISON,2015,WHEAT,"SPRING, (EXCL DURUM)",IRRIGATED,irrigated,ALL UTILIZATION PRACTICES,103.5,BU / ACRE,
16065,ID,MADISON,2012,WHEAT,"SPRING, (EXCL DURUM)",IRRIGATED,irrigated,ALL UTILIZATION PRACTICES,98.6,BU / ACRE,
16065,ID,MADISON,2010,WHEAT,"SPRING, (EXCL DURUM)",IRRIGATED,irrigated,ALL UTILIZATION PRACTICES,100.8,BU / ACRE,
16065,ID,MADISON,2009,WHEAT,"SPRING, (EXCL DURUM)",IRRIGATED,irrigated,ALL UTILIZATION PRACTICES,100.5,BU / ACRE,
16071,ID,ONEIDA,2015,WHEAT,"SPRING, (EXCL DURUM)",IRRIGATED,irrigated,ALL UTILIZATION PRACTICES,96.0,BU / ACRE,
16071,ID,ONEIDA,2014,WHEAT,"SPRING, (EXCL DURUM)",IRRIGATED,irrigated,ALL UTILIZATION PRACTICES,65.3,BU / ACRE,
16071,ID,ONEIDA,2011,WHEAT,"SPRING, (EXCL DURUM)",IRRIGATED,irrigated,ALL UTILIZATION PRACTICES,63.5,BU / ACRE,
16071,ID,ONEIDA,2010,WHEAT,"SPRING, (EXCL DURUM)",IRRIGATED,irrigated,ALL UTILIZATION PRACTICES,48.9,BU / ACRE,
16077,ID,POWER,2012,WHEAT,"SPRING, (EXCL DURUM)",IRRIGATED,irrigated,ALL UTILIZATION PRACTICES,103.4,BU / ACRE,
16077,ID,POWER,2011,WHEAT,"SPRING, (EXCL DURUM)",IRRIGATED,irrigated,ALL UTILIZATION PRACTICES,99.6,BU / ACRE,
16077,ID,POWER,2010,WHEAT,"SPRING, (EXCL DURUM)",IRRIGATED,irrigated,ALL UTILIZATION PRACTICES,97.5,BU / ACRE,
16077,ID,POWER,2009,WHEAT,"SPRING, (EXCL DURUM)",IRRIGATED,irrigated,ALL UTILIZATION PRACTICES,100.5,BU / ACRE,
16009,ID,BENEWAH,2015,WHEAT,"SPRING, (EXCL DURUM)",NON-IRRIGATED,non_irrigated,ALL UTILIZATION PRACTICES,37.4,BU / ACRE,
16009,ID,BENEWAH,2012,WHEAT,"SPRING, (EXCL DURUM)",NON-IRRIGATED,non_irrigated,ALL UTILIZATION PRACTICES,63.3,BU / ACRE,
16009,ID,BENEWAH,2010,WHEAT,"SPRING, (EXCL DURUM)",NON-IRRIGATED,non_irrigated,ALL UTILIZATION PRACTICES,53.9,BU / ACRE,
16035,ID,CLEARWATER,2015,WHEAT,"SPRING, (EXCL DURUM)",NON-IRRIGATED,non_irrigated,ALL UTILIZATION PRACTICES,28.2,BU / ACRE,
16035,ID,CLEARWATER,2014,WHEAT,"SPRING, (EXCL DURUM)",NON-IRRIGATED,non_irrigated,ALL UTILIZATION PRACTICES,46.9,BU / ACRE,
16035,ID,CLEARWATER,2011,WHEAT,"SPRING, (EXCL DURUM)",NON-IRRIGATED,non_irrigated,ALL UTILIZATION PRACTICES,41.7,BU / ACRE,
16035,ID,CLEARWATER,2009,WHEAT,"SPRING, (EXCL DURUM)",NON-IRRIGATED,non_irrigated,ALL UTILIZATION PRACTICES,40.0,BU / ACRE,
16049,ID,IDAHO,2016,WHEAT,"SPRING, (EXCL DURUM)",NON-IRRIGATED,non_irrigated,ALL UTILIZATION PRACTICES,90.4,BU / ACRE,
16049,ID,IDAHO,2014,WHEAT,"SPRING, (EXCL DURUM)",NON-IRRIGATED,non_irrigated,ALL UTILIZATION PRACTICES,60.6,BU / ACRE,
16049,ID,IDAHO,2013,WHEAT,"SPRING, (EXCL DURUM)",NON-IRRIGATED,non_irrigated,ALL UTILIZATION PRACTICES,60.6,BU / ACRE,
16049,ID,IDAHO,2012,WHEAT,"SPRING, (EXCL DURUM)",NON-IRRIGATED,non_irrigated,ALL UTILIZATION PRACTICES,64.5,BU / ACRE,
16049,ID,IDAHO,2011,WHEAT,"SPRING, (EXCL DURUM)",NON-IRRIGATED,non_irrigated,ALL UTILIZATION PRACTICES,59.3,BU / ACRE,
16049,ID,IDAHO,2010,WHEAT,"SPRING, (EXCL DURUM)",NON-IRRIGATED,non_irrigated,ALL UTILIZATION PRACTICES,61.0,BU / ACRE,
16049,ID,IDAHO,2009,WHEAT,"SPRING, (EXCL DURUM)",NON-IRRIGATED,non_irrigated,ALL UTILIZATION PRACTICES,56.5,BU / ACRE,
16057,ID,LATAH,2019,WHEAT,"SPRING, (EXCL DURUM)",NON-IRRIGATED,non_irrigated,ALL UTILIZATION PRACTICES,73.7,BU / ACRE,
16057,ID,LATAH,2013,WHEAT,"SPRING, (EXCL DURUM)",NON-IRRIGATED,non_irrigated,ALL UTILIZATION PRACTICES,66.7,BU / ACRE,
16057,ID,LATAH,2012,WHEAT,"SPRING, (EXCL DURUM)",NON-IRRIGATED,non_irrigated,ALL UTILIZATION PRACTICES,65.7,BU / ACRE,
16057,ID,LATAH,2011,WHEAT,"SPRING, (EXCL DURUM)",NON-IRRIGATED,non_irrigated,ALL UTILIZATION PRACTICES,58.2,BU / ACRE,
16057,ID,LATAH,2010,WHEAT,"SPRING, (EXCL DURUM)",NON-IRRIGATED,non_irrigated,ALL UTILIZATION PRACTICES,54.0,BU / ACRE,
16057,ID,LATAH,2009,WHEAT,"SPRING, (EXCL DURUM)",NON-IRRIGATED,non_irrigated,ALL UTILIZATION PRACTICES,57.5,BU / ACRE,
16061,ID,LEWIS,2019,WHEAT,"SPRING, (EXCL DURUM)",NON-IRRIGATED,non_irrigated,ALL UTILIZATION PRACTICES,72.5,BU / ACRE,
16061,ID,LEWIS,2016,WHEAT,"SPRING, (EXCL DURUM)",NON-IRRIGATED,non_irrigated,ALL UTILIZATION PRACTICES,83.3,BU / ACRE,
16061,ID,LEWIS,2015,WHEAT,"SPRING, (EXCL DURUM)",NON-IRRIGATED,non_irrigated,ALL UTILIZATION PRACTICES,40.6,BU / ACRE,
16061,ID,LEWIS,2014,WHEAT,"SPRING, (EXCL DURUM)",NON-IRRIGATED,non_irrigated,ALL UTILIZATION PRACTICES,63.0,BU / ACRE,
16061,ID,LEWIS,2013,WHEAT,"SPRING, (EXCL DURUM)",NON-IRRIGATED,non_irrigated,ALL UTILIZATION PRACTICES,63.9,BU / ACRE,
16061,ID,LEWIS,2012,WHEAT,"SPRING, (EXCL DURUM)",NON-IRRIGATED,non_irrigated,ALL UTILIZATION PRACTICES,62.4,BU / ACRE,
16061,ID,LEWIS,2011,WHEAT,"SPRING, (EXCL DURUM)",NON-IRRIGATED,non_irrigated,ALL UTILIZATION PRACTICES,61.3,BU / ACRE,
16061,ID,LEWIS,2009,WHEAT,"SPRING, (EXCL DURUM)",NON-IRRIGATED,non_irrigated,ALL UTILIZATION PRACTICES,47.5,BU / ACRE,
16069,ID,NEZ PERCE,2016,WHEAT,"SPRING, (EXCL DURUM)",NON-IRRIGATED,non_irrigated,ALL UTILIZATION PRACTICES,76.6,BU / ACRE,
16069,ID,NEZ PERCE,2015,WHEAT,"SPRING, (EXCL DURUM)",NON-IRRIGATED,non_irrigated,ALL UTILIZATION PRACTICES,50.4,BU / ACRE,
16069,ID,NEZ PERCE,2012,WHEAT,"SPRING, (EXCL DURUM)",NON-IRRIGATED,non_irrigated,ALL UTILIZATION PRACTICES,57.5,BU / ACRE,
16069,ID,NEZ PERCE,2010,WHEAT,"SPRING, (EXCL DURUM)",NON-IRRIGATED,non_irrigated,ALL UTILIZATION PRACTICES,55.4,BU / ACRE,
16069,ID,NEZ PERCE,2009,WHEAT,"SPRING, (EXCL DURUM)",NON-IRRIGATED,non_irrigated,ALL UTILIZATION PRACTICES,52.0,BU / ACRE,
16031,ID,CASSIA,2011,WHEAT,"SPRING, (EXCL DURUM)",NON-IRRIGATED,non_irrigated,ALL UTILIZATION PRACTICES,24.0,BU / ACRE,
16005,ID,BANNOCK,2015,WHEAT,"SPRING, (EXCL DURUM)",NON-IRRIGATED,non_irrigated,ALL UTILIZATION PRACTICES,27.8,BU / ACRE,
16005,ID,BANNOCK,2014,WHEAT,"SPRING, (EXCL DURUM)",NON-IRRIGATED,non_irrigated,ALL UTILIZATION PRACTICES,21.2,BU / ACRE,
16019,ID,BONNEVILLE,2019,WHEAT,"SPRING, (EXCL DURUM)",NON-IRRIGATED,non_irrigated,ALL UTILIZATION PRACTICES,42.8,BU / ACRE,
16019,ID,BONNEVILLE,2017,WHEAT,"SPRING, (EXCL DURUM)",NON-IRRIGATED,non_irrigated,ALL UTILIZATION PRACTICES,32.4,BU / ACRE,
16019,ID,BONNEVILLE,2013,WHEAT,"SPRING, (EXCL DURUM)",NON-IRRIGATED,non_irrigated,ALL UTILIZATION PRACTICES,24.6,BU / ACRE,
16019,ID,BONNEVILLE,2012,WHEAT,"SPRING, (EXCL DURUM)",NON-IRRIGATED,non_irrigated,ALL UTILIZATION PRACTICES,32.1,BU / ACRE,
16019,ID,BONNEVILLE,2011,WHEAT,"SPRING, (EXCL DURUM)",NON-IRRIGATED,non_irrigated,ALL UTILIZATION PRACTICES,36.4,BU / ACRE,
16019,ID,BONNEVILLE,2010,WHEAT,"SPRING, (EXCL DURUM)",NON-IRRIGATED,non_irrigated,ALL UTILIZATION PRACTICES,31.5,BU / ACRE,
16029,ID,CARIBOU,2017,WHEAT,"SPRING, (EXCL DURUM)",NON-IRRIGATED,non_irrigated,ALL UTILIZATION PRACTICES,38.8,BU / ACRE,
16029,ID,CARIBOU,2015,WHEAT,"SPRING, (EXCL DURUM)",NON-IRRIGATED,non_irrigated,ALL UTILIZATION PRACTICES,46.9,BU / ACRE,
16029,ID,CARIBOU,2014,WHEAT,"SPRING, (EXCL DURUM)",NON-IRRIGATED,non_irrigated,ALL UTILIZATION PRACTICES,39.0,BU / ACRE,
16029,ID,CARIBOU,2012,WHEAT,"SPRING, (EXCL DURUM)",NON-IRRIGATED,non_irrigated,ALL UTILIZATION PRACTICES,26.9,BU / ACRE,
16029,ID,CARIBOU,2011,WHEAT,"SPRING, (EXCL DURUM)",NON-IRRIGATED,non_irrigated,ALL UTILIZATION PRACTICES,45.0,BU / ACRE,
16029,ID,CARIBOU,2010,WHEAT,"SPRING, (EXCL DURUM)",NON-IRRIGATED,non_irrigated,ALL UTILIZATION PRACTICES,38.3,BU / ACRE,
16029,ID,CARIBOU,2009,WHEAT,"SPRING, (EXCL DURUM)",NON-IRRIGATED,non_irrigated,ALL UTILIZATION PRACTICES,51.5,BU / ACRE,
16041,ID,FRANKLIN,2010,WHEAT,"SPRING, (EXCL DURUM)",NON-IRRIGATED,non_irrigated,ALL UTILIZATION PRACTICES,27.0,BU / ACRE,
16043,ID,FREMONT,2011,WHEAT,"SPRING, (EXCL DURUM)",NON-IRRIGATED,non_irrigated,ALL UTILIZATION PRACTICES,55.2,BU / ACRE,
16043,ID,FREMONT,2010,WHEAT,"SPRING, (EXCL DURUM)",NON-IRRIGATED,non_irrigated,ALL UTILIZATION PRACTICES,46.9,BU / ACRE,
16065,ID,MADISON,2015,WHEAT,"SPRING, (EXCL DURUM)",NON-IRRIGATED,non_irrigated,ALL UTILIZATION PRACTICES,42.6,BU / ACRE,
16065,ID,MADISON,2012,WHEAT,"SPRING, (EXCL DURUM)",NON-IRRIGATED,non_irrigated,ALL UTILIZATION PRACTICES,29.1,BU / ACRE,
16065,ID,MADISON,2010,WHEAT,"SPRING, (EXCL DURUM)",NON-IRRIGATED,non_irrigated,ALL UTILIZATION PRACTICES,42.8,BU / ACRE,
16065,ID,MADISON,2009,WHEAT,"SPRING, (EXCL DURUM)",NON-IRRIGATED,non_irrigated,ALL UTILIZATION PRACTICES,46.5,BU / ACRE,
16071,ID,ONEIDA,2015,WHEAT,"SPRING, (EXCL DURUM)",NON-IRRIGATED,non_irrigated,ALL UTILIZATION PRACTICES,20.6,BU / ACRE,
16071,ID,ONEIDA,2014,WHEAT,"SPRING, (EXCL DURUM)",NON-IRRIGATED,non_irrigated,ALL UTILIZATION PRACTICES,23.2,BU / ACRE,
16071,ID,ONEIDA,2011,WHEAT,"SPRING, (EXCL DURUM)",NON-IRRIGATED,non_irrigated,ALL UTILIZATION PRACTICES,20.2,BU / ACRE,
16071,ID,ONEIDA,2010,WHEAT,"SPRING, (EXCL DURUM)",NON-IRRIGATED,non_irrigated,ALL UTILIZATION PRACTICES,16.7,BU / ACRE,
16077,ID,POWER,2012,WHEAT,"SPRING, (EXCL DURUM)",NON-IRRIGATED,non_irrigated,ALL UTILIZATION PRACTICES,13.6,BU / ACRE,
16077,ID,POWER,2011,WHEAT,"SPRING, (EXCL DURUM)",NON-IRRIGATED,non_irrigated,ALL UTILIZATION PRACTICES,27.7,BU / ACRE,
16077,ID,POWER,2010,WHEAT,"SPRING, (EXCL DURUM)",NON-IRRIGATED,non_irrigated,ALL UTILIZATION PRACTICES,23.4,BU / ACRE,
16077,ID,POWER,2009,WHEAT,"SPRING, (EXCL DURUM)",NON-IRRIGATED,non_irrigated,ALL UTILIZATION PRACTICES,30.5,BU / ACRE,
20023,KS,CHEYENNE,2017,CORN,ALL CLASSES,IRRIGATED,irrigated,GRAIN,195.9,BU / ACRE,
20023,KS,CHEYENNE,2016,CORN,ALL CLASSES,IRRIGATED,irrigated,GRAIN,204.8,BU / ACRE,
20023,KS,CHEYENNE,2012,CORN,ALL CLASSES,IRRIGATED,irrigated,GRAIN,153.7,BU / ACRE,
20023,KS,CHEYENNE,2011,CORN,ALL CLASSES,IRRIGATED,irrigated,GRAIN,175.1,BU / ACRE,
20023,KS,CHEYENNE,2010,CORN,ALL CLASSES,IRRIGATED,irrigated,GRAIN,210.0,BU / ACRE,
20039,KS,DECATUR,2015,CORN,ALL CLASSES,IRRIGATED,irrigated,GRAIN,187.7,BU / ACRE,
20039,KS,DECATUR,2013,CORN,ALL CLASSES,IRRIGATED,irrigated,GRAIN,155.9,BU / ACRE,
20039,KS,DECATUR,2012,CORN,ALL CLASSES,IRRIGATED,irrigated,GRAIN,147.7,BU / ACRE,
20039,KS,DECATUR,2011,CORN,ALL CLASSES,IRRIGATED,irrigated,GRAIN,156.0,BU / ACRE,
20065,KS,GRAHAM,2011,CORN,ALL CLASSES,IRRIGATED,irrigated,GRAIN,147.1,BU / ACRE,
20137,KS,NORTON,2009,CORN,ALL CLASSES,IRRIGATED,irrigated,GRAIN,206.0,BU / ACRE,
20153,KS,RAWLINS,2017,CORN,ALL CLASSES,IRRIGATED,irrigated,GRAIN,197.6,BU / ACRE,
20153,KS,RAWLINS,2013,CORN,ALL CLASSES,IRRIGATED,irrigated,GRAIN,145.9,BU / ACRE,
20153,KS,RAWLINS,2011,CORN,ALL CLASSES,IRRIGATED,irrigated,GRAIN,175.0,BU / ACRE,
20153,KS,RAWLINS,2010,CORN,ALL CLASSES,IRRIGATED,irrigated,GRAIN,200.1,BU / ACRE,
20179,KS,SHERIDAN,2014,CORN,ALL CLASSES,IRRIGATED,irrigated,GRAIN,194.0,BU / ACRE,
20179,KS,SHERIDAN,2012,CORN,ALL CLASSES,IRRIGATED,irrigated,GRAIN,179.5,BU / ACRE,
20179,KS,SHERIDAN,2010,CORN,ALL CLASSES,IRRIGATED,irrigated,GRAIN,185.2,BU / ACRE,
20179,KS,SHERIDAN,2009,CORN,ALL CLASSES,IRRIGATED,irrigated,GRAIN,211.0,BU / ACRE,
20181,KS,SHERMAN,2018,CORN,ALL CLASSES,IRRIGATED,irrigated,GRAIN,205.7,BU / ACRE,
20181,KS,SHERMAN,2017,CORN,ALL CLASSES,IRRIGATED,irrigated,GRAIN,196.0,BU / ACRE,
20181,KS,SHERMAN,2016,CORN,ALL CLASSES,IRRIGATED,irrigated,GRAIN,179.9,BU / ACRE,
20181,KS,SHERMAN,2011,CORN,ALL CLASSES,IRRIGATED,irrigated,GRAIN,190.3,BU / ACRE,
20181,KS,SHERMAN,2010,CORN,ALL CLASSES,IRRIGATED,irrigated,GRAIN,204.8,BU / ACRE,
20181,KS,SHERMAN,2009,CORN,ALL CLASSES,IRRIGATED,irrigated,GRAIN,194.0,BU / ACRE,
20193,KS,THOMAS,2014,CORN,ALL CLASSES,IRRIGATED,irrigated,GRAIN,200.9,BU / ACRE,
20193,KS,THOMAS,2012,CORN,ALL CLASSES,IRRIGATED,irrigated,GRAIN,159.2,BU / ACRE,
20193,KS,THOMAS,2011,CORN,ALL CLASSES,IRRIGATED,irrigated,GRAIN,192.5,BU / ACRE,
20193,KS,THOMAS,2010,CORN,ALL CLASSES,IRRIGATED,irrigated,GRAIN,200.3,BU / ACRE,
20063,KS,GOVE,2017,CORN,ALL CLASSES,IRRIGATED,irrigated,GRAIN,171.5,BU / ACRE,
20063,KS,GOVE,2016,CORN,ALL CLASSES,IRRIGATED,irrigated,GRAIN,181.5,BU / ACRE,
20063,KS,GOVE,2015,CORN,ALL CLASSES,IRRIGATED,irrigated,GRAIN,206.8,BU / ACRE,
20063,KS,GOVE,2014,CORN,ALL CLASSES,IRRIGATED,irrigated,GRAIN,187.9,BU / ACRE,
20063,KS,GOVE,2013,CORN,ALL CLASSES,IRRIGATED,irrigated,GRAIN,148.6,BU / ACRE,
20063,KS,GOVE,2012,CORN,ALL CLASSES,IRRIGATED,irrigated,GRAIN,127.9,BU / ACRE,
20063,KS,GOVE,2011,CORN,ALL CLASSES,IRRIGATED,irrigated,GRAIN,188.9,BU / ACRE,
20063,KS,GOVE,2010,CORN,ALL CLASSES,IRRIGATED,irrigated,GRAIN,166.4,BU / ACRE,
20071,KS,GREELEY,2018,CORN,ALL CLASSES,IRRIGATED,irrigated,GRAIN,196.4,BU / ACRE,
20071,KS,GREELEY,2017,CORN,ALL CLASSES,IRRIGATED,irrigated,GRAIN,212.9,BU / ACRE,
20071,KS,GREELEY,2012,CORN,ALL CLASSES,IRRIGATED,irrigated,GRAIN,161.9,BU / ACRE,
20071,KS,GREELEY,2011,CORN,ALL CLASSES,IRRIGATED,irrigated,GRAIN,195.5,BU / ACRE,
20071,KS,GREELEY,2010,CORN,ALL CLASSES,IRRIGATED,irrigated,GRAIN,181.6,BU / ACRE,
20101,KS,LANE,2015,CORN,ALL CLASSES,IRRIGATED,irrigated,GRAIN,229.7,BU / ACRE,
20101,KS,LANE,2014,CORN,ALL CLASSES,IRRIGATED,irrigated,GRAIN,213.0,BU / ACRE,
20109,KS,LOGAN,2014,CORN,ALL CLASSES,IRRIGATED,irrigated,GRAIN,179.8,BU / ACRE,
20109,KS,LOGAN,2012,CORN,ALL CLASSES,IRRIGATED,irrigated,GRAIN,186.5,BU / ACRE,
20109,KS,LOGAN,2011,CORN,ALL CLASSES,IRRIGATED,irrigated,GRAIN,206.7,BU / ACRE,
20109,KS,LOGAN,2010,CORN,ALL CLASSES,IRRIGATED,irrigated,GRAIN,186.5,BU / ACRE,
20109,KS,LOGAN,2009,CORN,ALL CLASSES,IRRIGATED,irrigated,GRAIN,211.0,BU / ACRE,
20135,KS,NESS,2018,CORN,ALL CLASSES,IRRIGATED,irrigated,GRAIN,189.8,BU / ACRE,
20135,KS,NESS,2016,CORN,ALL CLASSES,IRRIGATED,irrigated,GRAIN,150.0,BU / ACRE,
20135,KS,NESS,2015,CORN,ALL CLASSES,IRRIGATED,irrigated,GRAIN,215.0,BU / ACRE,
20171,KS,SCOTT,2017,CORN,ALL CLASSES,IRRIGATED,irrigated,GRAIN,195.3,BU / ACRE,
20171,KS,SCOTT,2015,CORN,ALL CLASSES,IRRIGATED,irrigated,GRAIN,204.4,BU / ACRE,
20171,KS,SCOTT,2014,CORN,ALL CLASSES,IRRIGATED,irrigated,GRAIN,178.9,BU / ACRE,
20171,KS,SCOTT,2012,CORN,ALL CLASSES,IRRIGATED,irrigated,GRAIN,145.8,BU / ACRE,
20171,KS,SCOTT,2011,CORN,ALL CLASSES,IRRIGATED,irrigated,GRAIN,178.9,BU / ACRE,
20171,KS,SCOTT,2009,CORN,ALL CLASSES,IRRIGATED,irrigated,GRAIN,200.0,BU / ACRE,
20195,KS,TREGO,2009,CORN,ALL CLASSES,IRRIGATED,irrigated,GRAIN,206.0,BU / ACRE,
20199,KS,WALLACE,2017,CORN,ALL CLASSES,IRRIGATED,irrigated,GRAIN,198.8,BU / ACRE,
20199,KS,WALLACE,2012,CORN,ALL CLASSES,IRRIGATED,irrigated,GRAIN,146.2,BU / ACRE,
20199,KS,WALLACE,2010,CORN,ALL CLASSES,IRRIGATED,irrigated,GRAIN,188.7,BU / ACRE,
20199,KS,WALLACE,2009,CORN,ALL CLASSES,IRRIGATED,irrigated,GRAIN,192.0,BU / ACRE,
20203,KS,WICHITA,2018,CORN,ALL CLASSES,IRRIGATED,irrigated,GRAIN,185.8,BU / ACRE,
20203,KS,WICHITA,2017,CORN,ALL CLASSES,IRRIGATED,irrigated,GRAIN,193.4,BU / ACRE,
20203,KS,WICHITA,2016,CORN,ALL CLASSES,IRRIGATED,irrigated,GRAIN,205.9,BU / ACRE,
20203,KS,WICHITA,2014,CORN,ALL CLASSES,IRRIGATED,irrigated,GRAIN,175.4,BU / ACRE,
20203,KS,WICHITA,2013,CORN,ALL CLASSES,IRRIGATED,irrigated,GRAIN,158.3,BU / ACRE,
20203,KS,WICHITA,2012,CORN,ALL CLASSES,IRRIGATED,irrigated,GRAIN,139.8,BU / ACRE,
20203,KS,WICHITA,2011,CORN,ALL CLASSES,IRRIGATED,irrigated,GRAIN,189.1,BU / ACRE,
20203,KS,WICHITA,2010,CORN,ALL CLASSES,IRRIGATED,irrigated,GRAIN,185.8,BU / ACRE,
20055,KS,FINNEY,2010,CORN,ALL CLASSES,IRRIGATED,irrigated,GRAIN,198.9,BU / ACRE,
20055,KS,FINNEY,2009,CORN,ALL CLASSES,IRRIGATED,irrigated,GRAIN,212.0,BU / ACRE,
20057,KS,FORD,2009,CORN,ALL CLASSES,IRRIGATED,irrigated,GRAIN,206.0,BU / ACRE,
20067,KS,GRANT,2016,CORN,ALL CLASSES,IRRIGATED,irrigated,GRAIN,216.2,BU / ACRE,
20069,KS,GRAY,2016,CORN,ALL CLASSES,IRRIGATED,irrigated,GRAIN,200.5,BU / ACRE,
20075,KS,HAMILTON,2014,CORN,ALL CLASSES,IRRIGATED,irrigated,GRAIN,185.5,BU / ACRE,
20075,KS,HAMILTON,2011,CORN,ALL CLASSES,IRRIGATED,irrigated,GRAIN,133.3,BU / ACRE,
20075,KS,HAMILTON,2010,CORN,ALL CLASSES,IRRIGATED,irrigated,GRAIN,176.0,BU / ACRE,
20075,KS,HAMILTON,2009,CORN,ALL CLASSES,IRRIGATED,irrigated,GRAIN,218.0,BU / ACRE,
20081,KS,HASKELL,2018,CORN,ALL CLASSES,IRRIGATED,irrigated,GRAIN,195.7,BU / ACRE,
20081,KS,HASKELL,2017,CORN,ALL CLASSES,IRRIGATED,irrigated,GRAIN,213.4,BU / ACRE,
20081,KS,HASKELL,2012,CORN,ALL CLASSES,IRRIGATED,irrigated,GRAIN,196.6,BU / ACRE,
20081,KS,HASKELL,2010,CORN,ALL CLASSES,IRRIGATED,irrigated,GRAIN,194.7,BU / ACRE,
20083,KS,HODGEMAN,2015,CORN,ALL CLASSES,IRRIGATED,irrigated,GRAIN,194.7,BU / ACRE,
20119,KS,MEADE,2015,CORN,ALL CLASSES,IRRIGATED,irrigated,GRAIN,208.5,BU / ACRE,
20119,KS,MEADE,2014,CORN,ALL CLASSES,IRRIGATED,irrigated,GRAIN,216.7,BU / ACRE,
20119,KS,MEADE,2009,CORN,ALL CLASSES,IRRIGATED,irrigated,GRAIN,229.0,BU / ACRE,
20129,KS,MORTON,2017,CORN,ALL CLASSES,IRRIGATED,irrigated,GRAIN,177.7,BU / ACRE,
20175,KS,SEWARD,2017,CORN,ALL CLASSES,IRRIGATED,irrigated,GRAIN,207.6,BU / ACRE,
20175,KS,SEWARD,2010,CORN,ALL CLASSES,IRRIGATED,irrigated,GRAIN,194.7,BU / ACRE,
20187,KS,STANTON,2018,CORN,ALL CLASSES,IRRIGATED,irrigated,GRAIN,195.3,BU / ACRE,
20187,KS,STANTON,2015,CORN,ALL CLASSES,IRRIGATED,irrigated,GRAIN,220.1,BU / ACRE,
20187,KS,STANTON,2013,CORN,ALL CLASSES,IRRIGATED,irrigated,GRAIN,207.5,BU / ACRE,
20187,KS,STANTON,2012,CORN,ALL CLASSES,IRRIGATED,irrigated,GRAIN,179.9,BU / ACRE,
20187,KS,STANTON,2010,CORN,ALL CLASSES,IRRIGATED,irrigated,GRAIN,197.5,BU / ACRE,
20189,KS,STEVENS,2016,CORN,ALL CLASSES,IRRIGATED,irrigated,GRAIN,194.5,BU / ACRE,
20189,KS,STEVENS,2012,CORN,ALL CLASSES,IRRIGATED,irrigated,GRAIN,189.9,BU / ACRE,
20027,KS,CLAY,2018,CORN,ALL CLASSES,IRRIGATED,irrigated,GRAIN,195.6,BU / ACRE,
20027,KS,CLAY,2017,CORN,ALL CLASSES,IRRIGATED,irrigated,GRAIN,202.8,BU / ACRE,
20027,KS,CLAY,2010,CORN,ALL CLASSES,IRRIGATED,irrigated,GRAIN,178.9,BU / ACRE,
20027,KS,CLAY,2008,CORN,ALL CLASSES,IRRIGATED,irrigated,GRAIN,178.0,BU / ACRE,
20029,KS,CLOUD,2015,CORN,ALL CLASSES,IRRIGATED,irrigated,GRAIN,205.4,BU / ACRE,
20029,KS,CLOUD,2013,CORN,ALL CLASSES,IRRIGATED,irrigated,GRAIN,183.3,BU / ACRE,
20029,KS,CLOUD,2012,CORN,ALL CLASSES,IRRIGATED,irrigated,GRAIN,173.1,BU / ACRE,
20029,KS,CLOUD,2011,CORN,ALL CLASSES,IRRIGATED,irrigated,GRAIN,168.5,BU / ACRE,
20029,KS,CLOUD,2009,CORN,ALL CLASSES,IRRIGATED,irrigated,GRAIN,199.0,BU / ACRE,
20089,KS,JEWELL,2017,CORN,ALL CLASSES,IRRIGATED,irrigated,GRAIN,195.9,BU / ACRE,
20089,KS,JEWELL,2012,CORN,ALL CLASSES,IRRIGATED,irrigated,GRAIN,174.7,BU / ACRE,
20089,KS,JEWELL,2010,CORN,ALL CLASSES,IRRIGATED,irrigated,GRAIN,171.2,BU / ACRE,
20123,KS,MITCHELL,2018,CORN,ALL CLASSES,IRRIGATED,irrigated,GRAIN,190.1,BU / ACRE,
20123,KS,MITCHELL,2017,CORN,ALL CLASSES,IRRIGATED,irrigated,GRAIN,174.0,BU / ACRE,
20123,KS,MITCHELL,2016,CORN,ALL CLASSES,IRRIGATED,irrigated,GRAIN,167.2,BU / ACRE,
20123,KS,MITCHELL,2014,CORN,ALL CLASSES,IRRIGATED,irrigated,GRAIN,184.6,BU / ACRE,
20123,KS,MITCHELL,2013,CORN,ALL CLASSES,IRRIGATED,irrigated,GRAIN,167.2,BU / ACRE,
20123,KS,MITCHELL,2012,CORN,ALL CLASSES,IRRIGATED,irrigated,GRAIN,153.9,BU / ACRE,
20123,KS,MITCHELL,2011,CORN,ALL CLASSES,IRRIGATED,irrigated,GRAIN,168.8,BU / ACRE,
20123,KS,MITCHELL,2010,CORN,ALL CLASSES,IRRIGATED,irrigated,GRAIN,168.8,BU / ACRE,
20123,KS,MITCHELL,2008,CORN,ALL CLASSES,IRRIGATED,irrigated,GRAIN,171.0,BU / ACRE,
20141,KS,OSBORNE,2017,CORN,ALL CLASSES,IRRIGATED,irrigated,GRAIN,167.7,BU / ACRE,
20141,KS,OSBORNE,2016,CORN,ALL CLASSES,IRRIGATED,irrigated,GRAIN,174.4,BU / ACRE,
20141,KS,OSBORNE,2014,CORN,ALL CLASSES,IRRIGATED,irrigated,GRAIN,195.5,BU / ACRE,
20141,KS,OSBORNE,2011,CORN,ALL CLASSES,IRRIGATED,irrigated,GRAIN,148.8,BU / ACRE,
20141,KS,OSBORNE,2009,CORN,ALL CLASSES,IRRIGATED,irrigated,GRAIN,186.0,BU / ACRE,
20143,KS,OTTAWA,2018,CORN,ALL CLASSES,IRRIGATED,irrigated,GRAIN,204.2,BU / ACRE,
20143,KS,OTTAWA,2017,CORN,ALL CLASSES,IRRIGATED,irrigated,GRAIN,181.5,BU / ACRE,
20143,KS,OTTAWA,2016,CORN,ALL CLASSES,IRRIGATED,irrigated,GRAIN,163.4,BU / ACRE,
20143,KS,OTTAWA,2015,CORN,ALL CLASSES,IRRIGATED,irrigated,GRAIN,198.1,BU / ACRE,
20143,KS,OTTAWA,2012,CORN,ALL CLASSES,IRRIGATED,irrigated,GRAIN,145.3,BU / ACRE,
20143,KS,OTTAWA,2011,CORN,ALL CLASSES,IRRIGATED,irrigated,GRAIN,123.7,BU / ACRE,
20143,KS,OTTAWA,2010,CORN,ALL CLASSES,IRRIGATED,irrigated,GRAIN,153.3,BU / ACRE,
20143,KS,OTTAWA,2009,CORN,ALL CLASSES,IRRIGATED,irrigated,GRAIN,193.0,BU / ACRE,
20143,KS,OTTAWA,2008,CORN,ALL CLASSES,IRRIGATED,irrigated,GRAIN,166.0,BU / ACRE,
20147,KS,PHILLIPS,2013,CORN,ALL CLASSES,IRRIGATED,irrigated,GRAIN,202.2,BU / ACRE,
20147,KS,PHILLIPS,2011,CORN,ALL CLASSES,IRRIGATED,irrigated,GRAIN,174.4,BU / ACRE,
20163,KS,ROOKS,2017,CORN,ALL CLASSES,IRRIGATED,irrigated,GRAIN,129.0,BU / ACRE,
20163,KS,ROOKS,2008,CORN,ALL CLASSES,IRRIGATED,irrigated,GRAIN,173.0,BU / ACRE,
20183,KS,SMITH,2010,CORN,ALL CLASSES,IRRIGATED,irrigated,GRAIN,127.6,BU / ACRE,
20201,KS,WASHINGTON,2016,CORN,ALL CLASSES,IRRIGATED,irrigated,GRAIN,166.8,BU / ACRE,
20201,KS,WASHINGTON,2014,CORN,ALL CLASSES,IRRIGATED,irrigated,GRAIN,191.9,BU / ACRE,
20201,KS,WASHINGTON,2013,CORN,ALL CLASSES,IRRIGATED,irrigated,GRAIN,184.3,BU / ACRE,
20201,KS,WASHINGTON,2011,CORN,ALL CLASSES,IRRIGATED,irrigated,GRAIN,146.9,BU / ACRE,
20201,KS,WASHINGTON,2010,CORN,ALL CLASSES,IRRIGATED,irrigated,GRAIN,156.8,BU / ACRE,
20201,KS,WASHINGTON,2009,CORN,ALL CLASSES,IRRIGATED,irrigated,GRAIN,204.0,BU / ACRE,
20201,KS,WASHINGTON,2008,CORN,ALL CLASSES,IRRIGATED,irrigated,GRAIN,170.0,BU / ACRE,
20009,KS,BARTON,2013,CORN,ALL CLASSES,IRRIGATED,irrigated,GRAIN,179.3,BU / ACRE,
20009,KS,BARTON,2012,CORN,ALL CLASSES,IRRIGATED,irrigated,GRAIN,164.7,BU / ACRE,
20041,KS,DICKINSON,2011,CORN,ALL CLASSES,IRRIGATED,irrigated,GRAIN,142.9,BU / ACRE,
20041,KS,DICKINSON,2010,CORN,ALL CLASSES,IRRIGATED,irrigated,GRAIN,171.1,BU / ACRE,
20051,KS,ELLIS,2011,CORN,ALL CLASSES,IRRIGATED,irrigated,GRAIN,100.0,BU / ACRE,
20113,KS,MCPHERSON,2018,CORN,ALL CLASSES,IRRIGATED,irrigated,GRAIN,216.6,BU / ACRE,
20113,KS,MCPHERSON,2017,CORN,ALL CLASSES,IRRIGATED,irrigated,GRAIN,188.1,BU / ACRE,
20113,KS,MCPHERSON,2016,CORN,ALL CLASSES,IRRIGATED,irrigated,GRAIN,173.6,BU / ACRE,
20113,KS,MCPHERSON,2015,CORN,ALL CLASSES,IRRIGATED,irrigated,GRAIN,207.8,BU / ACRE,
20113,KS,MCPHERSON,2014,CORN,ALL CLASSES,IRRIGATED,irrigated,GRAIN,204.2,BU / ACRE,
20113,KS,MCPHERSON,2013,CORN,ALL CLASSES,IRRIGATED,irrigated,GRAIN,153.4,BU / ACRE,
20113,KS,MCPHERSON,2012,CORN,ALL CLASSES,IRRIGATED,irrigated,GRAIN,173.1,BU / ACRE,
20113,KS,MCPHERSON,2010,CORN,ALL CLASSES,IRRIGATED,irrigated,GRAIN,172.4,BU / ACRE,
20113,KS,MCPHERSON,2009,CORN,ALL CLASSES,IRRIGATED,irrigated,GRAIN,191.0,BU / ACRE,
20115,KS,MARION,2014,CORN,ALL CLASSES,IRRIGATED,irrigated,GRAIN,215.4,BU / ACRE,
20115,KS,MARION,2013,CORN,ALL CLASSES,IRRIGATED,irrigated,GRAIN,158.6,BU / ACRE,
20115,KS,MARION,2012,CORN,ALL CLASSES,IRRIGATED,irrigated,GRAIN,152.0,BU / ACRE,
20115,KS,MARION,2011,CORN,ALL CLASSES,IRRIGATED,irrigated,GRAIN,125.0,BU / ACRE,
20115,KS,MARION,2010,CORN,ALL CLASSES,IRRIGATED,irrigated,GRAIN,183.1,BU / ACRE,
20115,KS,MARION,2008,CORN,ALL CLASSES,IRRIGATED,irrigated,GRAIN,149.0,BU / ACRE,
20159,KS,RICE,2016,CORN,ALL CLASSES,IRRIGATED,irrigated,GRAIN,176.8,BU / ACRE,
20159,KS,RICE,2013,CORN,ALL CLASSES,IRRIGATED,irrigated,GRAIN,183.5,BU / ACRE,
20159,KS,RICE,2012,CORN,ALL CLASSES,IRRIGATED,irrigated,GRAIN,162.2,BU / ACRE,
20165,KS,RUSH,2016,CORN,ALL CLASSES,IRRIGATED,irrigated,GRAIN,179.6,BU / ACRE,
20165,KS,RUSH,2014,CORN,ALL CLASSES,IRRIGATED,irrigated,GRAIN,194.2,BU / ACRE,
20165,KS,RUSH,2012,CORN,ALL CLASSES,IRRIGATED,irrigated,GRAIN,156.3,BU / ACRE,
20169,KS,SALINE,2018,CORN,ALL CLASSES,IRRIGATED,irrigated,GRAIN,167.2,BU / ACRE,
20169,KS,SALINE,2017,CORN,ALL CLASSES,IRRIGATED,irrigated,GRAIN,172.3,BU / ACRE,
20169,KS,SALINE,2014,CORN,ALL CLASSES,IRRIGATED,irrigated,GRAIN,173.0,BU / ACRE,
20169,KS,SALINE,2013,CORN,ALL CLASSES,IRRIGATED,irrigated,GRAIN,157.8,BU / ACRE,
20169,KS,SALINE,2012,CORN,ALL CLASSES,IRRIGATED,irrigated,GRAIN,148.3,BU / ACRE,
20169,KS,SALINE,2011,CORN,ALL CLASSES,IRRIGATED,irrigated,GRAIN,142.1,BU / ACRE,
20169,KS,SALINE,2010,CORN,ALL CLASSES,IRRIGATED,irrigated,GRAIN,167.5,BU / ACRE,
20169,KS,SALINE,2009,CORN,ALL CLASSES,IRRIGATED,irrigated,GRAIN,183.0,BU / ACRE,
20169,KS,SALINE,2008,CORN,ALL CLASSES,IRRIGATED,irrigated,GRAIN,170.0,BU / ACRE,
20047,KS,EDWARDS,2013,CORN,ALL CLASSES,IRRIGATED,irrigated,GRAIN,201.1,BU / ACRE,
20047,KS,EDWARDS,2011,CORN,ALL CLASSES,IRRIGATED,irrigated,GRAIN,159.8,BU / ACRE,
20047,KS,EDWARDS,2010,CORN,ALL CLASSES,IRRIGATED,irrigated,GRAIN,182.5,BU / ACRE,
20079,KS,HARVEY,2018,CORN,ALL CLASSES,IRRIGATED,irrigated,GRAIN,206.2,BU / ACRE,
20079,KS,HARVEY,2017,CORN,ALL CLASSES,IRRIGATED,irrigated,GRAIN,180.2,BU / ACRE,
20079,KS,HARVEY,2016,CORN,ALL CLASSES,IRRIGATED,irrigated,GRAIN,156.6,BU / ACRE,
20079,KS,HARVEY,2015,CORN,ALL CLASSES,IRRIGATED,irrigated,GRAIN,187.7,BU / ACRE,
20079,KS,HARVEY,2014,CORN,ALL CLASSES,IRRIGATED,irrigated,GRAIN,184.6,BU / ACRE,
20079,KS,HARVEY,2013,CORN,ALL CLASSES,IRRIGATED,irrigated,GRAIN,167.1,BU / ACRE,
20079,KS,HARVEY,2012,CORN,ALL CLASSES,IRRIGATED,irrigated,GRAIN,166.8,BU / ACRE,
20079,KS,HARVEY,2010,CORN,ALL CLASSES,IRRIGATED,irrigated,GRAIN,165.6,BU / ACRE,
20095,KS,KINGMAN,2017,CORN,ALL CLASSES,IRRIGATED,irrigated,GRAIN,188.2,BU / ACRE,
20095,KS,KINGMAN,2016,CORN,ALL CLASSES,IRRIGATED,irrigated,GRAIN,168.7,BU / ACRE,
20095,KS,KINGMAN,2015,CORN,ALL CLASSES,IRRIGATED,irrigated,GRAIN,197.9,BU / ACRE,
20095,KS,KINGMAN,2012,CORN,ALL CLASSES,IRRIGATED,irrigated,GRAIN,151.7,BU / ACRE,
20097,KS,KIOWA,2014,CORN,ALL CLASSES,IRRIGATED,irrigated,GRAIN,210.7,BU / ACRE,
20097,KS,KIOWA,2013,CORN,ALL CLASSES,IRRIGATED,irrigated,GRAIN,194.6,BU / ACRE,
20097,KS,KIOWA,2012,CORN,ALL CLASSES,IRRIGATED,irrigated,GRAIN,184.8,BU / ACRE,
20097,KS,KIOWA,2010,CORN,ALL CLASSES,IRRIGATED,irrigated,GRAIN,182.6,BU / ACRE,
20145,KS,PAWNEE,2013,CORN,ALL CLASSES,IRRIGATED,irrigated,GRAIN,179.2,BU / ACRE,
20145,KS,PAWNEE,2012,CORN,ALL CLASSES,IRRIGATED,irrigated,GRAIN,149.4,BU / ACRE,
20145,KS,PAWNEE,2011,CORN,ALL CLASSES,IRRIGATED,irrigated,GRAIN,120.5,BU / ACRE,
20145,KS,PAWNEE,2009,CORN,ALL CLASSES,IRRIGATED,irrigated,GRAIN,202.0,BU / ACRE,
20151,KS,PRATT,2018,CORN,ALL CLASSES,IRRIGATED,irrigated,GRAIN,210.7,BU / ACRE,
20151,KS,PRATT,2017,CORN,ALL CLASSES,IRRIGATED,irrigated,GRAIN,197.9,BU / ACRE,
20151,KS,PRATT,2016,CORN,ALL CLASSES,IRRIGATED,irrigated,GRAIN,184.8,BU / ACRE,
20151,KS,PRATT,2011,CORN,ALL CLASSES,IRRIGATED,irrigated,GRAIN,158.2,BU / ACRE,
20151,KS,PRATT,2010,CORN,ALL CLASSES,IRRIGATED,irrigated,GRAIN,181.3,BU / ACRE,
20151,KS,PRATT,2009,CORN,ALL CLASSES,IRRIGATED,irrigated,GRAIN,205.0,BU / ACRE,
20155,KS,RENO,2012,CORN,ALL CLASSES,IRRIGATED,irrigated,GRAIN,154.6,BU / ACRE,
20155,KS,RENO,2011,CORN,ALL CLASSES,IRRIGATED,irrigated,GRAIN,138.3,BU / ACRE,
20155,KS,RENO,2010,CORN,ALL CLASSES,IRRIGATED,irrigated,GRAIN,159.7,BU / ACRE,
20155,KS,RENO,2009,CORN,ALL CLASSES,IRRIGATED,irrigated,GRAIN,200.0,BU / ACRE,
20173,KS,SEDGWICK,2018,CORN,ALL CLASSES,IRRIGATED,irrigated,GRAIN,206.0,BU / ACRE,
20173,KS,SEDGWICK,2014,CORN,ALL CLASSES,IRRIGATED,irrigated,GRAIN,201.0,BU / ACRE,
20173,KS,SEDGWICK,2013,CORN,ALL CLASSES,IRRIGATED,irrigated,GRAIN,174.2,BU / ACRE,
20173,KS,SEDGWICK,2012,CORN,ALL CLASSES,IRRIGATED,irrigated,GRAIN,159.0,BU / ACRE,
20173,KS,SEDGWICK,2011,CORN,ALL CLASSES,IRRIGATED,irrigated,GRAIN,147.1,BU / ACRE,
20173,KS,SEDGWICK,2010,CORN,ALL CLASSES,IRRIGATED,irrigated,GRAIN,169.0,BU / ACRE,
20173,KS,SEDGWICK,2009,CORN,ALL CLASSES,IRRIGATED,irrigated,GRAIN,187.0,BU / ACRE,
20185,KS,STAFFORD,2018,CORN,ALL CLASSES,IRRIGATED,irrigated,GRAIN,191.0,BU / ACRE,
20185,KS,STAFFORD,2016,CORN,ALL CLASSES,IRRIGATED,irrigated,GRAIN,166.8,BU / ACRE,
20185,KS,STAFFORD,2013,CORN,ALL CLASSES,IRRIGATED,irrigated,GRAIN,187.9,BU / ACRE,
20185,KS,STAFFORD,2012,CORN,ALL CLASSES,IRRIGATED,irrigated,GRAIN,161.2,BU / ACRE,
20185,KS,STAFFORD,2010,CORN,ALL CLASSES,IRRIGATED,irrigated,GRAIN,175.8,BU / ACRE,
20185,KS,STAFFORD,2009,CORN,ALL CLASSES,IRRIGATED,irrigated,GRAIN,201.0,BU / ACRE,
20191,KS,SUMNER,2018,CORN,ALL CLASSES,IRRIGATED,irrigated,GRAIN,223.1,BU / ACRE,
20191,KS,SUMNER,2017,CORN,ALL CLASSES,IRRIGATED,irrigated,GRAIN,193.2,BU / ACRE,
20191,KS,SUMNER,2015,CORN,ALL CLASSES,IRRIGATED,irrigated,GRAIN,195.9,BU / ACRE,
20191,KS,SUMNER,2014,CORN,ALL CLASSES,IRRIGATED,irrigated,GRAIN,181.5,BU / ACRE,
20191,KS,SUMNER,2012,CORN,ALL CLASSES,IRRIGATED,irrigated,GRAIN,130.8,BU / ACRE,
20191,KS,SUMNER,2011,CORN,ALL CLASSES,IRRIGATED,irrigated,GRAIN,120.0,BU / ACRE,
20191,KS,SUMNER,2009,CORN,ALL CLASSES,IRRIGATED,irrigated,GRAIN,167.0,BU / ACRE,
20005,KS,ATCHISON,2009,CORN,ALL CLASSES,IRRIGATED,irrigated,GRAIN,183.0,BU / ACRE,
20013,KS,BROWN,2018,CORN,ALL CLASSES,IRRIGATED,irrigated,GRAIN,221.4,BU / ACRE,
20013,KS,BROWN,2014,CORN,ALL CLASSES,IRRIGATED,irrigated,GRAIN,222.5,BU / ACRE,
20013,KS,BROWN,2013,CORN,ALL CLASSES,IRRIGATED,irrigated,GRAIN,218.3,BU / ACRE,
20013,KS,BROWN,2012,CORN,ALL CLASSES,IRRIGATED,irrigated,GRAIN,198.0,BU / ACRE,
20013,KS,BROWN,2011,CORN,ALL CLASSES,IRRIGATED,irrigated,GRAIN,197.1,BU / ACRE,
20043,KS,DONIPHAN,2017,CORN,ALL CLASSES,IRRIGATED,irrigated,GRAIN,204.8,BU / ACRE,
20043,KS,DONIPHAN,2016,CORN,ALL CLASSES,IRRIGATED,irrigated,GRAIN,192.6,BU / ACRE,
20043,KS,DONIPHAN,2014,CORN,ALL CLASSES,IRRIGATED,irrigated,GRAIN,210.0,BU / ACRE,
20043,KS,DONIPHAN,2013,CORN,ALL CLASSES,IRRIGATED,irrigated,GRAIN,191.3,BU / ACRE,
20085,KS,JACKSON,2017,CORN,ALL CLASSES,IRRIGATED,irrigated,GRAIN,212.2,BU / ACRE,
20087,KS,JEFFERSON,2014,CORN,ALL CLASSES,IRRIGATED,irrigated,GRAIN,199.0,BU / ACRE,
20117,KS,MARSHALL,2018,CORN,ALL CLASSES,IRRIGATED,irrigated,GRAIN,201.0,BU / ACRE,
20117,KS,MARSHALL,2011,CORN,ALL CLASSES,IRRIGATED,irrigated,GRAIN,169.0,BU / ACRE,
20131,KS,NEMAHA,2013,CORN,ALL CLASSES,IRRIGATED,irrigated,GRAIN,203.0,BU / ACRE,
20149,KS,POTTAWATOMIE,2013,CORN,ALL CLASSES,IRRIGATED,irrigated,GRAIN,186.5,BU / ACRE,
20149,KS,POTTAWATOMIE,2012,CORN,ALL CLASSES,IRRIGATED,irrigated,GRAIN,161.6,BU / ACRE,
20161,KS,RILEY,2010,CORN,ALL CLASSES,IRRIGATED,irrigated,GRAIN,173.2,BU / ACRE,
20161,KS,RILEY,2009,CORN,ALL CLASSES,IRRIGATED,irrigated,GRAIN,180.0,BU / ACRE,
20003,KS,ANDERSON,2017,CORN,ALL CLASSES,IRRIGATED,irrigated,GRAIN,164.4,BU / ACRE,
20003,KS,ANDERSON,2011,CORN,ALL CLASSES,IRRIGATED,irrigated,GRAIN,130.0,BU / ACRE,
20031,KS,COFFEY,2016,CORN,ALL CLASSES,IRRIGATED,irrigated,GRAIN,165.8,BU / ACRE,
20061,KS,GEARY,2014,CORN,ALL CLASSES,IRRIGATED,irrigated,GRAIN,215.4,BU / ACRE,
20061,KS,GEARY,2013,CORN,ALL CLASSES,IRRIGATED,irrigated,GRAIN,183.3,BU / ACRE,
20061,KS,GEARY,2012,CORN,ALL CLASSES,IRRIGATED,irrigated,GRAIN,167.2,BU / ACRE,
20061,KS,GEARY,2011,CORN,ALL CLASSES,IRRIGATED,irrigated,GRAIN,172.5,BU / ACRE,
20177,KS,SHAWNEE,2014,CORN,ALL CLASSES,IRRIGATED,irrigated,GRAIN,180.0,BU / ACRE,
20177,KS,SHAWNEE,2013,CORN,ALL CLASSES,IRRIGATED,irrigated,GRAIN,177.4,BU / ACRE,
20177,KS,SHAWNEE,2011,CORN,ALL CLASSES,IRRIGATED,irrigated,GRAIN,165.0,BU / ACRE,
20035,KS,COWLEY,2018,CORN,ALL CLASSES,IRRIGATED,irrigated,GRAIN,198.0,BU / ACRE,
20205,KS,WILSON,2018,CORN,ALL CLASSES,IRRIGATED,irrigated,GRAIN,163.7,BU / ACRE,
20023,KS,CHEYENNE,2017,CORN,ALL CLASSES,NON-IRRIGATED,non_irrigated,GRAIN,90.7,BU / ACRE,
20023,KS,CHEYENNE,2016,CORN,ALL CLASSES,NON-IRRIGATED,non_irrigated,GRAIN,111.0,BU / ACRE,
20023,KS,CHEYENNE,2012,CORN,ALL CLASSES,NON-IRRIGATED,non_irrigated,GRAIN,15.5,BU / ACRE,
20023,KS,CHEYENNE,2011,CORN,ALL CLASSES,NON-IRRIGATED,non_irrigated,GRAIN,72.7,BU / ACRE,
20023,KS,CHEYENNE,2010,CORN,ALL CLASSES,NON-IRRIGATED,non_irrigated,GRAIN,86.7,BU / ACRE,
20039,KS,DECATUR,2015,CORN,ALL CLASSES,NON-IRRIGATED,non_irrigated,GRAIN,78.3,BU / ACRE,
20039,KS,DECATUR,2013,CORN,ALL CLASSES,NON-IRRIGATED,non_irrigated,GRAIN,30.5,BU / ACRE,
20039,KS,DECATUR,2012,CORN,ALL CLASSES,NON-IRRIGATED,non_irrigated,GRAIN,24.9,BU / ACRE,
20039,KS,DECATUR,2011,CORN,ALL CLASSES,NON-IRRIGATED,non_irrigated,GRAIN,93.7,BU / ACRE,
20065,KS,GRAHAM,2011,CORN,ALL CLASSES,NON-IRRIGATED,non_irrigated,GRAIN,67.5,BU / ACRE,
20137,KS,NORTON,2009,CORN,ALL CLASSES,NON-IRRIGATED,non_irrigated,GRAIN,99.0,BU / ACRE,
20153,KS,RAWLINS,2017,CORN,ALL CLASSES,NON-IRRIGATED,non_irrigated,GRAIN,118.6,BU / ACRE,
20153,KS,RAWLINS,2013,CORN,ALL CLASSES,NON-IRRIGATED,non_irrigated,GRAIN,39.3,BU / ACRE,
20153,KS,RAWLINS,2011,CORN,ALL CLASSES,NON-IRRIGATED,non_irrigated,GRAIN,80.8,BU / ACRE,
20153,KS,RAWLINS,2010,CORN,ALL CLASSES,NON-IRRIGATED,non_irrigated,GRAIN,96.0,BU / ACRE,
20179,KS,SHERIDAN,2014,CORN,ALL CLASSES,NON-IRRIGATED,non_irrigated,GRAIN,60.7,BU / ACRE,
20179,KS,SHERIDAN,2012,CORN,ALL CLASSES,NON-IRRIGATED,non_irrigated,GRAIN,32.3,BU / ACRE,
20179,KS,SHERIDAN,2010,CORN,ALL CLASSES,NON-IRRIGATED,non_irrigated,GRAIN,67.9,BU / ACRE,
20179,KS,SHERIDAN,2009,CORN,ALL CLASSES,NON-IRRIGATED,non_irrigated,GRAIN,116.0,BU / ACRE,
20181,KS,SHERMAN,2018,CORN,ALL CLASSES,NON-IRRIGATED,non_irrigated,GRAIN,73.3,BU / ACRE,
20181,KS,SHERMAN,2017,CORN,ALL CLASSES,NON-IRRIGATED,non_irrigated,GRAIN,94.7,BU / ACRE,
20181,KS,SHERMAN,2016,CORN,ALL CLASSES,NON-IRRIGATED,non_irrigated,GRAIN,86.6,BU / ACRE,
20181,KS,SHERMAN,2011,CORN,ALL CLASSES,NON-IRRIGATED,non_irrigated,GRAIN,70.4,BU / ACRE,
20181,KS,SHERMAN,2010,CORN,ALL CLASSES,NON-IRRIGATED,non_irrigated,GRAIN,87.0,BU / ACRE,
20181,KS,SHERMAN,2009,CORN,ALL CLASSES,NON-IRRIGATED,non_irrigated,GRAIN,107.0,BU / ACRE,
20193,KS,THOMAS,2014,CORN,ALL CLASSES,NON-IRRIGATED,non_irrigated,GRAIN,76.5,BU / ACRE,
20193,KS,THOMAS,2012,CORN,ALL CLASSES,NON-IRRIGATED,non_irrigated,GRAIN,20.5,BU / ACRE,
20193,KS,THOMAS,2011,CORN,ALL CLASSES,NON-IRRIGATED,non_irrigated,GRAIN,71.0,BU / ACRE,
20193,KS,THOMAS,2010,CORN,ALL CLASSES,NON-IRRIGATED,non_irrigated,GRAIN,85.6,BU / ACRE,
20063,KS,GOVE,2017,CORN,ALL CLASSES,NON-IRRIGATED,non_irrigated,GRAIN,101.8,BU / ACRE,
20063,KS,GOVE,2016,CORN,ALL CLASSES,NON-IRRIGATED,non_irrigated,GRAIN,99.9,BU / ACRE,
20063,KS,GOVE,2015,CORN,ALL CLASSES,NON-IRRIGATED,non_irrigated,GRAIN,87.6,BU / ACRE,
20063,KS,GOVE,2014,CORN,ALL CLASSES,NON-IRRIGATED,non_irrigated,GRAIN,82.7,BU / ACRE,
20063,KS,GOVE,2013,CORN,ALL CLASSES,NON-IRRIGATED,non_irrigated,GRAIN,52.2,BU / ACRE,
20063,KS,GOVE,2012,CORN,ALL CLASSES,NON-IRRIGATED,non_irrigated,GRAIN,32.8,BU / ACRE,
20063,KS,GOVE,2011,CORN,ALL CLASSES,NON-IRRIGATED,non_irrigated,GRAIN,78.5,BU / ACRE,
20063,KS,GOVE,2010,CORN,ALL CLASSES,NON-IRRIGATED,non_irrigated,GRAIN,81.1,BU / ACRE,
20071,KS,GREELEY,2018,CORN,ALL CLASSES,NON-IRRIGATED,non_irrigated,GRAIN,79.3,BU / ACRE,
20071,KS,GREELEY,2017,CORN,ALL CLASSES,NON-IRRIGATED,non_irrigated,GRAIN,99.4,BU / ACRE,
20071,KS,GREELEY,2012,CORN,ALL CLASSES,NON-IRRIGATED,non_irrigated,GRAIN,16.4,BU / ACRE,
20071,KS,GREELEY,2011,CORN,ALL CLASSES,NON-IRRIGATED,non_irrigated,GRAIN,54.5,BU / ACRE,
20071,KS,GREELEY,2010,CORN,ALL CLASSES,NON-IRRIGATED,non_irrigated,GRAIN,69.3,BU / ACRE,
20101,KS,LANE,2015,CORN,ALL CLASSES,NON-IRRIGATED,non_irrigated,GRAIN,115.2,BU / ACRE,
20101,KS,LANE,2014,CORN,ALL CLASSES,NON-IRRIGATED,non_irrigated,GRAIN,109.7,BU / ACRE,
20109,KS,LOGAN,2014,CORN,ALL CLASSES,NON-IRRIGATED,non_irrigated,GRAIN,92.7,BU / ACRE,
20109,KS,LOGAN,2012,CORN,ALL CLASSES,NON-IRRIGATED,non_irrigated,GRAIN,24.2,BU / ACRE,
20109,KS,LOGAN,2011,CORN,ALL CLASSES,NON-IRRIGATED,non_irrigated,GRAIN,65.9,BU / ACRE,
20109,KS,LOGAN,2010,CORN,ALL CLASSES,NON-IRRIGATED,non_irrigated,GRAIN,87.0,BU / ACRE,
20109,KS,LOGAN,2009,CORN,ALL CLASSES,NON-IRRIGATED,non_irrigated,GRAIN,128.0,BU / ACRE,
20135,KS,NESS,2018,CORN,ALL CLASSES,NON-IRRIGATED,non_irrigated,GRAIN,89.0,BU / ACRE,
20135,KS,NESS,2016,CORN,ALL CLASSES,NON-IRRIGATED,non_irrigated,GRAIN,95.6,BU / ACRE,
20135,KS,NESS,2015,CORN,ALL CLASSES,NON-IRRIGATED,non_irrigated,GRAIN,57.9,BU / ACRE,
20171,KS,SCOTT,2017,CORN,ALL CLASSES,NON-IRRIGATED,non_irrigated,GRAIN,119.5,BU / ACRE,
20171,KS,SCOTT,2015,CORN,ALL CLASSES,NON-IRRIGATED,non_irrigated,GRAIN,109.3,BU / ACRE,
20171,KS,SCOTT,2014,CORN,ALL CLASSES,NON-IRRIGATED,non_irrigated,GRAIN,93.3,BU / ACRE,
20171,KS,SCOTT,2012,CORN,ALL CLASSES,NON-IRRIGATED,non_irrigated,GRAIN,21.6,BU / ACRE,
20171,KS,SCOTT,2011,CORN,ALL CLASSES,NON-IRRIGATED,non_irrigated,GRAIN,36.5,BU / ACRE,
20171,KS,SCOTT,2009,CORN,ALL CLASSES,NON-IRRIGATED,non_irrigated,GRAIN,96.0,BU / ACRE,
20195,KS,TREGO,2009,CORN,ALL CLASSES,NON-IRRIGATED,non_irrigated,GRAIN,91.0,BU / ACRE,
20199,KS,WALLACE,2017,CORN,ALL CLASSES,NON-IRRIGATED,non_irrigated,GRAIN,100.3,BU / ACRE,
20199,KS,WALLACE,2012,CORN,ALL CLASSES,NON-IRRIGATED,non_irrigated,GRAIN,12.2,BU / ACRE,
20199,KS,WALLACE,2010,CORN,ALL CLASSES,NON-IRRIGATED,non_irrigated,GRAIN,77.3,BU / ACRE,
20199,KS,WALLACE,2009,CORN,ALL CLASSES,NON-IRRIGATED,non_irrigated,GRAIN,91.0,BU / ACRE,
20203,KS,WICHITA,2018,CORN,ALL CLASSES,NON-IRRIGATED,non_irrigated,GRAIN,90.5,BU / ACRE,
20203,KS,WICHITA,2017,CORN,ALL CLASSES,NON-IRRIGATED,non_irrigated,GRAIN,120.5,BU / ACRE,
20203,KS,WICHITA,2016,CORN,ALL CLASSES,NON-IRRIGATED,non_irrigated,GRAIN,116.6,BU / ACRE,
20203,KS,WICHITA,2014,CORN,ALL CLASSES,NON-IRRIGATED,non_irrigated,GRAIN,59.6,BU / ACRE,
20203,KS,WICHITA,2013,CORN,ALL CLASSES,NON-IRRIGATED,non_irrigated,GRAIN,39.1,BU / ACRE,
20203,KS,WICHITA,2012,CORN,ALL CLASSES,NON-IRRIGATED,non_irrigated,GRAIN,28.2,BU / ACRE,
20203,KS,WICHITA,2011,CORN,ALL CLASSES,NON-IRRIGATED,non_irrigated,GRAIN,60.3,BU / ACRE,
20203,KS,WICHITA,2010,CORN,ALL CLASSES,NON-IRRIGATED,non_irrigated,GRAIN,73.6,BU / ACRE,
20055,KS,FINNEY,2010,CORN,ALL CLASSES,NON-IRRIGATED,non_irrigated,GRAIN,50.1,BU / ACRE,
20055,KS,FINNEY,2009,CORN,ALL CLASSES,NON-IRRIGATED,non_irrigated,GRAIN,94.0,BU / ACRE,
20057,KS,FORD,2009,CORN,ALL CLASSES,NON-IRRIGATED,non_irrigated,GRAIN,92.0,BU / ACRE,
20067,KS,GRANT,2016,CORN,ALL CLASSES,NON-IRRIGATED,non_irrigated,GRAIN,87.0,BU / ACRE,
20069,KS,GRAY,2016,CORN,ALL CLASSES,NON-IRRIGATED,non_irrigated,GRAIN,105.9,BU / ACRE,
20075,KS,HAMILTON,2014,CORN,ALL CLASSES,NON-IRRIGATED,non_irrigated,GRAIN,34.5,BU / ACRE,
20075,KS,HAMILTON,2011,CORN,ALL CLASSES,NON-IRRIGATED,non_irrigated,GRAIN,32.7,BU / ACRE,
20075,KS,HAMILTON,2010,CORN,ALL CLASSES,NON-IRRIGATED,non_irrigated,GRAIN,45.4,BU / ACRE,
20075,KS,HAMILTON,2009,CORN,ALL CLASSES,NON-IRRIGATED,non_irrigated,GRAIN,50.0,BU / ACRE,
20081,KS,HASKELL,2018,CORN,ALL CLASSES,NON-IRRIGATED,non_irrigated,GRAIN,76.4,BU / ACRE,
20081,KS,HASKELL,2017,CORN,ALL CLASSES,NON-IRRIGATED,non_irrigated,GRAIN,94.3,BU / ACRE,
20081,KS,HASKELL,2012,CORN,ALL CLASSES,NON-IRRIGATED,non_irrigated,GRAIN,36.9,BU / ACRE,
20081,KS,HASKELL,2010,CORN,ALL CLASSES,NON-IRRIGATED,non_irrigated,GRAIN,41.5,BU / ACRE,
20083,KS,HODGEMAN,2015,CORN,ALL CLASSES,NON-IRRIGATED,non_irrigated,GRAIN,91.5,BU / ACRE,
20119,KS,MEADE,2015,CORN,ALL CLASSES,NON-IRRIGATED,non_irrigated,GRAIN,86.5,BU / ACRE,
20119,KS,MEADE,2014,CORN,ALL CLASSES,NON-IRRIGATED,non_irrigated,GRAIN,48.3,BU / ACRE,
20119,KS,MEADE,2009,CORN,ALL CLASSES,NON-IRRIGATED,non_irrigated,GRAIN,75.0,BU / ACRE,
20129,KS,MORTON,2017,CORN,ALL CLASSES,NON-IRRIGATED,non_irrigated,GRAIN,62.2,BU / ACRE,
20175,KS,SEWARD,2017,CORN,ALL CLASSES,NON-IRRIGATED,non_irrigated,GRAIN,70.4,BU / ACRE,
20175,KS,SEWARD,2010,CORN,ALL CLASSES,NON-IRRIGATED,non_irrigated,GRAIN,47.5,BU / ACRE,
20187,KS,STANTON,2018,CORN,ALL CLASSES,NON-IRRIGATED,non_irrigated,GRAIN,96.0,BU / ACRE,
20187,KS,STANTON,2015,CORN,ALL CLASSES,NON-IRRIGATED,non_irrigated,GRAIN,85.9,BU / ACRE,
20187,KS,STANTON,2013,CORN,ALL CLASSES,NON-IRRIGATED,non_irrigated,GRAIN,44.3,BU / ACRE,
20187,KS,STANTON,2012,CORN,ALL CLASSES,NON-IRRIGATED,non_irrigated,GRAIN,12.7,BU / ACRE,
20187,KS,STANTON,2010,CORN,ALL CLASSES,NON-IRRIGATED,non_irrigated,GRAIN,55.1,BU / ACRE,
20189,KS,STEVENS,2016,CORN,ALL CLASSES,NON-IRRIGATED,non_irrigated,GRAIN,73.7,BU / ACRE,
20189,KS,STEVENS,2012,CORN,ALL CLASSES,NON-IRRIGATED,non_irrigated,GRAIN,14.2,BU / ACRE,
20027,KS,CLAY,2018,CORN,ALL CLASSES,NON-IRRIGATED,non_irrigated,GRAIN,100.3,BU / ACRE,
20027,KS,CLAY,2017,CORN,ALL CLASSES,NON-IRRIGATED,non_irrigated,GRAIN,116.7,BU / ACRE,
20027,KS,CLAY,2010,CORN,ALL CLASSES,NON-IRRIGATED,non_irrigated,GRAIN,123.4,BU / ACRE,
20027,KS,CLAY,2008,CORN,ALL CLASSES,NON-IRRIGATED,non_irrigated,GRAIN,124.0,BU / ACRE,
20029,KS,CLOUD,2015,CORN,ALL CLASSES,NON-IRRIGATED,non_irrigated,GRAIN,150.5,BU / ACRE,
20029,KS,CLOUD,2013,CORN,ALL CLASSES,NON-IRRIGATED,non_irrigated,GRAIN,123.1,BU / ACRE,
20029,KS,CLOUD,2012,CORN,ALL CLASSES,NON-IRRIGATED,non_irrigated,GRAIN,54.4,BU / ACRE,
20029,KS,CLOUD,2011,CORN,ALL CLASSES,NON-IRRIGATED,non_irrigated,GRAIN,107.2,BU / ACRE,
20029,KS,CLOUD,2009,CORN,ALL CLASSES,NON-IRRIGATED,non_irrigated,GRAIN,139.0,BU / ACRE,
20089,KS,JEWELL,2017,CORN,ALL CLASSES,NON-IRRIGATED,non_irrigated,GRAIN,117.8,BU / ACRE,
20089,KS,JEWELL,2012,CORN,ALL CLASSES,NON-IRRIGATED,non_irrigated,GRAIN,59.2,BU / ACRE,
20089,KS,JEWELL,2010,CORN,ALL CLASSES,NON-IRRIGATED,non_irrigated,GRAIN,99.7,BU / ACRE,
20123,KS,MITCHELL,2018,CORN,ALL CLASSES,NON-IRRIGATED,non_irrigated,GRAIN,114.9,BU / ACRE,
20123,KS,MITCHELL,2017,CORN,ALL CLASSES,NON-IRRIGATED,non_irrigated,GRAIN,76.4,BU / ACRE,
20123,KS,MITCHELL,2016,CORN,ALL CLASSES,NON-IRRIGATED,non_irrigated,GRAIN,131.8,BU / ACRE,
20123,KS,MITCHELL,2014,CORN,ALL CLASSES,NON-IRRIGATED,non_irrigated,GRAIN,84.3,BU / ACRE,
20123,KS,MITCHELL,2013,CORN,ALL CLASSES,NON-IRRIGATED,non_irrigated,GRAIN,114.0,BU / ACRE,
20123,KS,MITCHELL,2012,CORN,ALL CLASSES,NON-IRRIGATED,non_irrigated,GRAIN,41.5,BU / ACRE,
20123,KS,MITCHELL,2011,CORN,ALL CLASSES,NON-IRRIGATED,non_irrigated,GRAIN,93.4,BU / ACRE,
20123,KS,MITCHELL,2010,CORN,ALL CLASSES,NON-IRRIGATED,non_irrigated,GRAIN,100.0,BU / ACRE,
20123,KS,MITCHELL,2008,CORN,ALL CLASSES,NON-IRRIGATED,non_irrigated,GRAIN,107.0,BU / ACRE,
20141,KS,OSBORNE,2017,CORN,ALL CLASSES,NON-IRRIGATED,non_irrigated,GRAIN,74.5,BU / ACRE,
20141,KS,OSBORNE,2016,CORN,ALL CLASSES,NON-IRRIGATED,non_irrigated,GRAIN,121.6,BU / ACRE,
20141,KS,OSBORNE,2014,CORN,ALL CLASSES,NON-IRRIGATED,non_irrigated,GRAIN,87.8,BU / ACRE,
20141,KS,OSBORNE,2011,CORN,ALL CLASSES,NON-IRRIGATED,non_irrigated,GRAIN,88.2,BU / ACRE,
20141,KS,OSBORNE,2009,CORN,ALL CLASSES,NON-IRRIGATED,non_irrigated,GRAIN,115.0,BU / ACRE,
20143,KS,OTTAWA,2018,CORN,ALL CLASSES,NON-IRRIGATED,non_irrigated,GRAIN,110.6,BU / ACRE,
20143,KS,OTTAWA,2017,CORN,ALL CLASSES,NON-IRRIGATED,non_irrigated,GRAIN,81.6,BU / ACRE,
20143,KS,OTTAWA,2016,CORN,ALL CLASSES,NON-IRRIGATED,non_irrigated,GRAIN,125.5,BU / ACRE,
20143,KS,OTTAWA,2015,CORN,ALL CLASSES,NON-IRRIGATED,non_irrigated,GRAIN,111.0,BU / ACRE,
20143,KS,OTTAWA,2012,CORN,ALL CLASSES,NON-IRRIGATED,non_irrigated,GRAIN,31.0,BU / ACRE,
20143,KS,OTTAWA,2011,CORN,ALL CLASSES,NON-IRRIGATED,non_irrigated,GRAIN,62.3,BU / ACRE,
20143,KS,OTTAWA,2010,CORN,ALL CLASSES,NON-IRRIGATED,non_irrigated,GRAIN,96.7,BU / ACRE,
20143,KS,OTTAWA,2009,CORN,ALL CLASSES,NON-IRRIGATED,non_irrigated,GRAIN,90.0,BU / ACRE,
20143,KS,OTTAWA,2008,CORN,ALL CLASSES,NON-IRRIGATED,non_irrigated,GRAIN,120.0,BU / ACRE,
20147,KS,PHILLIPS,2013,CORN,ALL CLASSES,NON-IRRIGATED,non_irrigated,GRAIN,38.5,BU / ACRE,
20147,KS,PHILLIPS,2011,CORN,ALL CLASSES,NON-IRRIGATED,non_irrigated,GRAIN,94.4,BU / ACRE,
20163,KS,ROOKS,2017,CORN,ALL CLASSES,NON-IRRIGATED,non_irrigated,GRAIN,92.7,BU / ACRE,
20163,KS,ROOKS,2008,CORN,ALL CLASSES,NON-IRRIGATED,non_irrigated,GRAIN,98.0,BU / ACRE,
20183,KS,SMITH,2010,CORN,ALL CLASSES,NON-IRRIGATED,non_irrigated,GRAIN,110.3,BU / ACRE,
20201,KS,WASHINGTON,2016,CORN,ALL CLASSES,NON-IRRIGATED,non_irrigated,GRAIN,120.2,BU / ACRE,
20201,KS,WASHINGTON,2014,CORN,ALL CLASSES,NON-IRRIGATED,non_irrigated,GRAIN,107.6,BU / ACRE,
20201,KS,WASHINGTON,2013,CORN,ALL CLASSES,NON-IRRIGATED,non_irrigated,GRAIN,107.3,BU / ACRE,
20201,KS,WASHINGTON,2011,CORN,ALL CLASSES,NON-IRRIGATED,non_irrigated,GRAIN,99.8,BU / ACRE,
20201,KS,WASHINGTON,2010,CORN,ALL CLASSES,NON-IRRIGATED,non_irrigated,GRAIN,96.4,BU / ACRE,
20201,KS,WASHINGTON,2009,CORN,ALL CLASSES,NON-IRRIGATED,non_irrigated,GRAIN,125.0,BU / ACRE,
20201,KS,WASHINGTON,2008,CORN,ALL CLASSES,NON-IRRIGATED,non_irrigated,GRAIN,111.0,BU / ACRE,
20009,KS,BARTON,2013,CORN,ALL CLASSES,NON-IRRIGATED,non_irrigated,GRAIN,78.9,BU / ACRE,
20009,KS,BARTON,2012,CORN,ALL CLASSES,NON-IRRIGATED,non_irrigated,GRAIN,18.0,BU / ACRE,
20041,KS,DICKINSON,2011,CORN,ALL CLASSES,NON-IRRIGATED,non_irrigated,GRAIN,47.1,BU / ACRE,
20041,KS,DICKINSON,2010,CORN,ALL CLASSES,NON-IRRIGATED,non_irrigated,GRAIN,115.9,BU / ACRE,
20051,KS,ELLIS,2011,CORN,ALL CLASSES,NON-IRRIGATED,non_irrigated,GRAIN,51.6,BU / ACRE,
20113,KS,MCPHERSON,2018,CORN,ALL CLASSES,NON-IRRIGATED,non_irrigated,GRAIN,70.1,BU / ACRE,
20113,KS,MCPHERSON,2017,CORN,ALL CLASSES,NON-IRRIGATED,non_irrigated,GRAIN,75.9,BU / ACRE,
20113,KS,MCPHERSON,2016,CORN,ALL CLASSES,NON-IRRIGATED,non_irrigated,GRAIN,119.8,BU / ACRE,
20113,KS,MCPHERSON,2015,CORN,ALL CLASSES,NON-IRRIGATED,non_irrigated,GRAIN,99.1,BU / ACRE,
20113,KS,MCPHERSON,2014,CORN,ALL CLASSES,NON-IRRIGATED,non_irrigated,GRAIN,105.9,BU / ACRE,
20113,KS,MCPHERSON,2013,CORN,ALL CLASSES,NON-IRRIGATED,non_irrigated,GRAIN,85.9,BU / ACRE,
20113,KS,MCPHERSON,2012,CORN,ALL CLASSES,NON-IRRIGATED,non_irrigated,GRAIN,39.6,BU / ACRE,
20113,KS,MCPHERSON,2010,CORN,ALL CLASSES,NON-IRRIGATED,non_irrigated,GRAIN,86.3,BU / ACRE,
20113,KS,MCPHERSON,2009,CORN,ALL CLASSES,NON-IRRIGATED,non_irrigated,GRAIN,115.0,BU / ACRE,
20115,KS,MARION,2014,CORN,ALL CLASSES,NON-IRRIGATED,non_irrigated,GRAIN,97.4,BU / ACRE,
20115,KS,MARION,2013,CORN,ALL CLASSES,NON-IRRIGATED,non_irrigated,GRAIN,92.1,BU / ACRE,
20115,KS,MARION,2012,CORN,ALL CLASSES,NON-IRRIGATED,non_irrigated,GRAIN,46.4,BU / ACRE,
20115,KS,MARION,2011,CORN,ALL CLASSES,NON-IRRIGATED,non_irrigated,GRAIN,21.4,BU / ACRE,
20115,KS,MARION,2010,CORN,ALL CLASSES,NON-IRRIGATED,non_irrigated,GRAIN,90.1,BU / ACRE,
20115,KS,MARION,2008,CORN,ALL CLASSES,NON-IRRIGATED,non_irrigated,GRAIN,88.0,BU / ACRE,
20159,KS,RICE,2016,CORN,ALL CLASSES,NON-IRRIGATED,non_irrigated,GRAIN,103.3,BU / ACRE,
20159,KS,RICE,2013,CORN,ALL CLASSES,NON-IRRIGATED,non_irrigated,GRAIN,84.7,BU / ACRE,
20159,KS,RICE,2012,CORN,ALL CLASSES,NON-IRRIGATED,non_irrigated,GRAIN,30.7,BU / ACRE,
20165,KS,RUSH,2016,CORN,ALL CLASSES,NON-IRRIGATED,non_irrigated,GRAIN,93.9,BU / ACRE,
20165,KS,RUSH,2014,CORN,ALL CLASSES,NON-IRRIGATED,non_irrigated,GRAIN,69.6,BU / ACRE,
20165,KS,RUSH,2012,CORN,ALL CLASSES,NON-IRRIGATED,non_irrigated,GRAIN,32.7,BU / ACRE,
20167,KS,RUSSELL,2011,CORN,ALL CLASSES,NON-IRRIGATED,non_irrigated,GRAIN,21.7,BU / ACRE,
20167,KS,RUSSELL,2010,CORN,ALL CLASSES,NON-IRRIGATED,non_irrigated,GRAIN,78.3,BU / ACRE,
20169,KS,SALINE,2018,CORN,ALL CLASSES,NON-IRRIGATED,non_irrigated,GRAIN,60.9,BU / ACRE,
20169,KS,SALINE,2017,CORN,ALL CLASSES,NON-IRRIGATED,non_irrigated,GRAIN,73.1,BU / ACRE,
20169,KS,SALINE,2014,CORN,ALL CLASSES,NON-IRRIGATED,non_irrigated,GRAIN,88.0,BU / ACRE,
20169,KS,SALINE,2013,CORN,ALL CLASSES,NON-IRRIGATED,non_irrigated,GRAIN,118.2,BU / ACRE,
20169,KS,SALINE,2012,CORN,ALL CLASSES,NON-IRRIGATED,non_irrigated,GRAIN,26.3,BU / ACRE,
20169,KS,SALINE,2011,CORN,ALL CLASSES,NON-IRRIGATED,non_irrigated,GRAIN,44.7,BU / ACRE,
20169,KS,SALINE,2010,CORN,ALL CLASSES,NON-IRRIGATED,non_irrigated,GRAIN,94.5,BU / ACRE,
20169,KS,SALINE,2009,CORN,ALL CLASSES,NON-IRRIGATED,non_irrigated,GRAIN,115.0,BU / ACRE,
20169,KS,SALINE,2008,CORN,ALL CLASSES,NON-IRRIGATED,non_irrigated,GRAIN,105.0,BU / ACRE,
20047,KS,EDWARDS,2013,CORN,ALL CLASSES,NON-IRRIGATED,non_irrigated,GRAIN,57.5,BU / ACRE,
20047,KS,EDWARDS,2011,CORN,ALL CLASSES,NON-IRRIGATED,non_irrigated,GRAIN,28.0,BU / ACRE,
20047,KS,EDWARDS,2010,CORN,ALL CLASSES,NON-IRRIGATED,non_irrigated,GRAIN,69.7,BU / ACRE,
20079,KS,HARVEY,2018,CORN,ALL CLASSES,NON-IRRIGATED,non_irrigated,GRAIN,89.8,BU / ACRE,
20079,KS,HARVEY,2017,CORN,ALL CLASSES,NON-IRRIGATED,non_irrigated,GRAIN,74.9,BU / ACRE,
20079,KS,HARVEY,2016,CORN,ALL CLASSES,NON-IRRIGATED,non_irrigated,GRAIN,115.6,BU / ACRE,
20079,KS,HARVEY,2015,CORN,ALL CLASSES,NON-IRRIGATED,non_irrigated,GRAIN,105.0,BU / ACRE,
20079,KS,HARVEY,2014,CORN,ALL CLASSES,NON-IRRIGATED,non_irrigated,GRAIN,111.6,BU / ACRE,
20079,KS,HARVEY,2013,CORN,ALL CLASSES,NON-IRRIGATED,non_irrigated,GRAIN,79.7,BU / ACRE,
20079,KS,HARVEY,2012,CORN,ALL CLASSES,NON-IRRIGATED,non_irrigated,GRAIN,50.1,BU / ACRE,
20079,KS,HARVEY,2010,CORN,ALL CLASSES,NON-IRRIGATED,non_irrigated,GRAIN,76.4,BU / ACRE,
20095,KS,KINGMAN,2017,CORN,ALL CLASSES,NON-IRRIGATED,non_irrigated,GRAIN,33.3,BU / ACRE,
20095,KS,KINGMAN,2016,CORN,ALL CLASSES,NON-IRRIGATED,non_irrigated,GRAIN,68.0,BU / ACRE,
20095,KS,KINGMAN,2015,CORN,ALL CLASSES,NON-IRRIGATED,non_irrigated,GRAIN,74.5,BU / ACRE,
20095,KS,KINGMAN,2012,CORN,ALL CLASSES,NON-IRRIGATED,non_irrigated,GRAIN,24.0,BU / ACRE,
20097,KS,KIOWA,2014,CORN,ALL CLASSES,NON-IRRIGATED,non_irrigated,GRAIN,119.6,BU / ACRE,
20097,KS,KIOWA,2013,CORN,ALL CLASSES,NON-IRRIGATED,non_irrigated,GRAIN,50.4,BU / ACRE,
20097,KS,KIOWA,2012,CORN,ALL CLASSES,NON-IRRIGATED,non_irrigated,GRAIN,36.1,BU / ACRE,
20097,KS,KIOWA,2010,CORN,ALL CLASSES,NON-IRRIGATED,non_irrigated,GRAIN,76.7,BU / ACRE,
20145,KS,PAWNEE,2013,CORN,ALL CLASSES,NON-IRRIGATED,non_irrigated,GRAIN,78.7,BU / ACRE,
20145,KS,PAWNEE,2012,CORN,ALL CLASSES,NON-IRRIGATED,non_irrigated,GRAIN,26.4,BU / ACRE,
20145,KS,PAWNEE,2011,CORN,ALL CLASSES,NON-IRRIGATED,non_irrigated,GRAIN,21.4,BU / ACRE,
20145,KS,PAWNEE,2009,CORN,ALL CLASSES,NON-IRRIGATED,non_irrigated,GRAIN,82.0,BU / ACRE,
20151,KS,PRATT,2018,CORN,ALL CLASSES,NON-IRRIGATED,non_irrigated,GRAIN,100.1,BU / ACRE,
20151,KS,PRATT,2017,CORN,ALL CLASSES,NON-IRRIGATED,non_irrigated,GRAIN,51.6,BU / ACRE,
20151,KS,PRATT,2016,CORN,ALL CLASSES,NON-IRRIGATED,non_irrigated,GRAIN,65.9,BU / ACRE,
20151,KS,PRATT,2011,CORN,ALL CLASSES,NON-IRRIGATED,non_irrigated,GRAIN,20.0,BU / ACRE,
20151,KS,PRATT,2010,CORN,ALL CLASSES,NON-IRRIGATED,non_irrigated,GRAIN,87.2,BU / ACRE,
20151,KS,PRATT,2009,CORN,ALL CLASSES,NON-IRRIGATED,non_irrigated,GRAIN,60.0,BU / ACRE,
20155,KS,RENO,2012,CORN,ALL CLASSES,NON-IRRIGATED,non_irrigated,GRAIN,40.9,BU / ACRE,
20155,KS,RENO,2011,CORN,ALL CLASSES,NON-IRRIGATED,non_irrigated,GRAIN,9.0,BU / ACRE,
20155,KS,RENO,2010,CORN,ALL CLASSES,NON-IRRIGATED,non_irrigated,GRAIN,102.4,BU / ACRE,
20155,KS,RENO,2009,CORN,ALL CLASSES,NON-IRRIGATED,non_irrigated,GRAIN,100.0,BU / ACRE,
20173,KS,SEDGWICK,2018,CORN,ALL CLASSES,NON-IRRIGATED,non_irrigated,GRAIN,83.3,BU / ACRE,
20173,KS,SEDGWICK,2014,CORN,ALL CLASSES,NON-IRRIGATED,non_irrigated,GRAIN,116.2,BU / ACRE,
20173,KS,SEDGWICK,2013,CORN,ALL CLASSES,NON-IRRIGATED,non_irrigated,GRAIN,77.3,BU / ACRE,
20173,KS,SEDGWICK,2012,CORN,ALL CLASSES,NON-IRRIGATED,non_irrigated,GRAIN,49.5,BU / ACRE,
20173,KS,SEDGWICK,2011,CORN,ALL CLASSES,NON-IRRIGATED,non_irrigated,GRAIN,23.8,BU / ACRE,
20173,KS,SEDGWICK,2010,CORN,ALL CLASSES,NON-IRRIGATED,non_irrigated,GRAIN,84.3,BU / ACRE,
20173,KS,SEDGWICK,2009,CORN,ALL CLASSES,NON-IRRIGATED,non_irrigated,GRAIN,94.0,BU / ACRE,
20185,KS,STAFFORD,2018,CORN,ALL CLASSES,NON-IRRIGATED,non_irrigated,GRAIN,82.2,BU / ACRE,
20185,KS,STAFFORD,2016,CORN,ALL CLASSES,NON-IRRIGATED,non_irrigated,GRAIN,76.7,BU / ACRE,
20185,KS,STAFFORD,2013,CORN,ALL CLASSES,NON-IRRIGATED,non_irrigated,GRAIN,84.9,BU / ACRE,
20185,KS,STAFFORD,2012,CORN,ALL CLASSES,NON-IRRIGATED,non_irrigated,GRAIN,26.6,BU / ACRE,
20185,KS,STAFFORD,2010,CORN,ALL CLASSES,NON-IRRIGATED,non_irrigated,GRAIN,68.4,BU / ACRE,
20185,KS,STAFFORD,2009,CORN,ALL CLASSES,NON-IRRIGATED,non_irrigated,GRAIN,77.0,BU / ACRE,
20191,KS,SUMNER,2018,CORN,ALL CLASSES,NON-IRRIGATED,non_irrigated,GRAIN,104.9,BU / ACRE,
20191,KS,SUMNER,2017,CORN,ALL CLASSES,NON-IRRIGATED,non_irrigated,GRAIN,74.2,BU / ACRE,
20191,KS,SUMNER,2015,CORN,ALL CLASSES,NON-IRRIGATED,non_irrigated,GRAIN,103.7,BU / ACRE,
20191,KS,SUMNER,2014,CORN,ALL CLASSES,NON-IRRIGATED,non_irrigated,GRAIN,115.5,BU / ACRE,
20191,KS,SUMNER,2012,CORN,ALL CLASSES,NON-IRRIGATED,non_irrigated,GRAIN,40.4,BU / ACRE,
20191,KS,SUMNER,2011,CORN,ALL CLASSES,NON-IRRIGATED,non_irrigated,GRAIN,20.5,BU / ACRE,
20191,KS,SUMNER,2009,CORN,ALL CLASSES,NON-IRRIGATED,non_irrigated,GRAIN,87.0,BU / ACRE,
20005,KS,ATCHISON,2009,CORN,ALL CLASSES,NON-IRRIGATED,non_irrigated,GRAIN,151.0,BU / ACRE,
20013,KS,BROWN,2018,CORN,ALL CLASSES,NON-IRRIGATED,non_irrigated,GRAIN,115.0,BU / ACRE,
20013,KS,BROWN,2014,CORN,ALL CLASSES,NON-IRRIGATED,non_irrigated,GRAIN,195.2,BU / ACRE,
20013,KS,BROWN,2013,CORN,ALL CLASSES,NON-IRRIGATED,non_irrigated,GRAIN,170.4,BU / ACRE,
20013,KS,BROWN,2012,CORN,ALL CLASSES,NON-IRRIGATED,non_irrigated,GRAIN,112.8,BU / ACRE,
20013,KS,BROWN,2011,CORN,ALL CLASSES,NON-IRRIGATED,non_irrigated,GRAIN,160.6,BU / ACRE,
20043,KS,DONIPHAN,2017,CORN,ALL CLASSES,NON-IRRIGATED,non_irrigated,GRAIN,185.0,BU / ACRE,
20043,KS,DONIPHAN,2016,CORN,ALL CLASSES,NON-IRRIGATED,non_irrigated,GRAIN,186.4,BU / ACRE,
20043,KS,DONIPHAN,2014,CORN,ALL CLASSES,NON-IRRIGATED,non_irrigated,GRAIN,209.0,BU / ACRE,
20043,KS,DONIPHAN,2013,CORN,ALL CLASSES,NON-IRRIGATED,non_irrigated,GRAIN,170.8,BU / ACRE,
20085,KS,JACKSON,2017,CORN,ALL CLASSES,NON-IRRIGATED,non_irrigated,GRAIN,121.5,BU / ACRE,
20087,KS,JEFFERSON,2014,CORN,ALL CLASSES,NON-IRRIGATED,non_irrigated,GRAIN,162.8,BU / ACRE,
20117,KS,MARSHALL,2018,CORN,ALL CLASSES,NON-IRRIGATED,non_irrigated,GRAIN,116.0,BU / ACRE,
20117,KS,MARSHALL,2011,CORN,ALL CLASSES,NON-IRRIGATED,non_irrigated,GRAIN,111.7,BU / ACRE,
20131,KS,NEMAHA,2013,CORN,ALL CLASSES,NON-IRRIGATED,non_irrigated,GRAIN,148.1,BU / ACRE,
20149,KS,POTTAWATOMIE,2013,CORN,ALL CLASSES,NON-IRRIGATED,non_irrigated,GRAIN,137.3,BU / ACRE,
20149,KS,POTTAWATOMIE,2012,CORN,ALL CLASSES,NON-IRRIGATED,non_irrigated,GRAIN,76.3,BU / ACRE,
20161,KS,RILEY,2010,CORN,ALL CLASSES,NON-IRRIGATED,non_irrigated,GRAIN,103.3,BU / ACRE,
20161,KS,RILEY,2009,CORN,ALL CLASSES,NON-IRRIGATED,non_irrigated,GRAIN,142.0,BU / ACRE,
20003,KS,ANDERSON,2017,CORN,ALL CLASSES,NON-IRRIGATED,non_irrigated,GRAIN,118.8,BU / ACRE,
20003,KS,ANDERSON,2011,CORN,ALL CLASSES,NON-IRRIGATED,non_irrigated,GRAIN,46.0,BU / ACRE,
20017,KS,CHASE,2013,CORN,ALL CLASSES,NON-IRRIGATED,non_irrigated,GRAIN,85.5,BU / ACRE,
20031,KS,COFFEY,2016,CORN,ALL CLASSES,NON-IRRIGATED,non_irrigated,GRAIN,116.1,BU / ACRE,
20061,KS,GEARY,2014,CORN,ALL CLASSES,NON-IRRIGATED,non_irrigated,GRAIN,114.5,BU / ACRE,
20061,KS,GEARY,2013,CORN,ALL CLASSES,NON-IRRIGATED,non_irrigated,GRAIN,124.0,BU / ACRE,
20061,KS,GEARY,2012,CORN,ALL CLASSES,NON-IRRIGATED,non_irrigated,GRAIN,50.8,BU / ACRE,
20061,KS,GEARY,2011,CORN,ALL CLASSES,NON-IRRIGATED,non_irrigated,GRAIN,75.0,BU / ACRE,
20091,KS,JOHNSON,2018,CORN,ALL CLASSES,NON-IRRIGATED,non_irrigated,GRAIN,68.2,BU / ACRE,
20091,KS,JOHNSON,2011,CORN,ALL CLASSES,NON-IRRIGATED,non_irrigated,GRAIN,38.9,BU / ACRE,
20111,KS,LYON,2014,CORN,ALL CLASSES,NON-IRRIGATED,non_irrigated,GRAIN,124.9,BU / ACRE,
20121,KS,MIAMI,2011,CORN,ALL CLASSES,NON-IRRIGATED,non_irrigated,GRAIN,47.1,BU / ACRE,
20139,KS,OSAGE,2011,CORN,ALL CLASSES,NON-IRRIGATED,non_irrigated,GRAIN,57.6,BU / ACRE,
20177,KS,SHAWNEE,2014,CORN,ALL CLASSES,NON-IRRIGATED,non_irrigated,GRAIN,121.3,BU / ACRE,
20177,KS,SHAWNEE,2013,CORN,ALL CLASSES,NON-IRRIGATED,non_irrigated,GRAIN,105.1,BU / ACRE,
20177,KS,SHAWNEE,2011,CORN,ALL CLASSES,NON-IRRIGATED,non_irrigated,GRAIN,66.0,BU / ACRE,
20011,KS,BOURBON,2018,CORN,ALL CLASSES,NON-IRRIGATED,non_irrigated,GRAIN,109.0,BU / ACRE,
20011,KS,BOURBON,2017,CORN,ALL CLASSES,NON-IRRIGATED,non_irrigated,GRAIN,131.7,BU / ACRE,
20011,KS,BOURBON,2013,CORN,ALL CLASSES,NON-IRRIGATED,non_irrigated,GRAIN,86.4,BU / ACRE,
20019,KS,CHAUTAUQUA,2018,CORN,ALL CLASSES,NON-IRRIGATED,non_irrigated,GRAIN,86.2,BU / ACRE,
20019,KS,CHAUTAUQUA,2017,CORN,ALL CLASSES,NON-IRRIGATED,non_irrigated,GRAIN,80.3,BU / ACRE,
20019,KS,CHAUTAUQUA,2012,CORN,ALL CLASSES,NON-IRRIGATED,non_irrigated,GRAIN,51.1,BU / ACRE,
20035,KS,COWLEY,2018,CORN,ALL CLASSES,NON-IRRIGATED,non_irrigated,GRAIN,97.3,BU / ACRE,
20049,KS,ELK,2018,CORN,ALL CLASSES,NON-IRRIGATED,non_irrigated,GRAIN,115.0,BU / ACRE,
20049,KS,ELK,2014,CORN,ALL CLASSES,NON-IRRIGATED,non_irrigated,GRAIN,155.8,BU / ACRE,
20049,KS,ELK,2012,CORN,ALL CLASSES,NON-IRRIGATED,non_irrigated,GRAIN,47.8,BU / ACRE,
20073,KS,GREENWOOD,2014,CORN,ALL CLASSES,NON-IRRIGATED,non_irrigated,GRAIN,129.2,BU / ACRE,
20133,KS,NEOSHO,2014,CORN,ALL CLASSES,NON-IRRIGATED,non_irrigated,GRAIN,134.9,BU / ACRE,
20133,KS,NEOSHO,2012,CORN,ALL CLASSES,NON-IRRIGATED,non_irrigated,GRAIN,61.0,BU / ACRE,
20205,KS,WILSON,2018,CORN,ALL CLASSES,NON-IRRIGATED,non_irrigated,GRAIN,117.7,BU / ACRE,
20207,KS,WOODSON,2017,CORN,ALL CLASSES,NON-IRRIGATED,non_irrigated,GRAIN,100.2,BU / ACRE,
20207,KS,WOODSON,2014,CORN,ALL CLASSES,NON-IRRIGATED,non_irrigated,GRAIN,122.4,BU / ACRE,
20119,KS,MEADE,2009,SORGHUM,ALL CLASSES,IRRIGATED,irrigated,GRAIN,127.0,BU / ACRE,
20129,KS,MORTON,2009,SORGHUM,ALL CLASSES,IRRIGATED,irrigated,GRAIN,87.0,BU / ACRE,
20151,KS,PRATT,2009,SORGHUM,ALL CLASSES,IRRIGATED,irrigated,GRAIN,88.0,BU / ACRE,
20173,KS,SEDGWICK,2009,SORGHUM,ALL CLASSES,IRRIGATED,irrigated,GRAIN,100.0,BU / ACRE,
20119,KS,MEADE,2009,SORGHUM,ALL CLASSES,NON-IRRIGATED,non_irrigated,GRAIN,71.0,BU / ACRE,
20129,KS,MORTON,2009,SORGHUM,ALL CLASSES,NON-IRRIGATED,non_irrigated,GRAIN,51.0,BU / ACRE,
20151,KS,PRATT,2009,SORGHUM,ALL CLASSES,NON-IRRIGATED,non_irrigated,GRAIN,59.0,BU / ACRE,
20173,KS,SEDGWICK,2009,SORGHUM,ALL CLASSES,NON-IRRIGATED,non_irrigated,GRAIN,81.0,BU / ACRE,
20175,KS,SEWARD,2016,SOYBEANS,ALL CLASSES,IRRIGATED,irrigated,ALL UTILIZATION PRACTICES,59.3,BU / ACRE,
20189,KS,STEVENS,2016,SOYBEANS,ALL CLASSES,IRRIGATED,irrigated,ALL UTILIZATION PRACTICES,61.3,BU / ACRE,
20027,KS,CLAY,2015,SOYBEANS,ALL CLASSES,IRRIGATED,irrigated,ALL UTILIZATION PRACTICES,60.4,BU / ACRE,
20027,KS,CLAY,2008,SOYBEANS,ALL CLASSES,IRRIGATED,irrigated,ALL UTILIZATION PRACTICES,53.0,BU / ACRE,
20029,KS,CLOUD,2016,SOYBEANS,ALL CLASSES,IRRIGATED,irrigated,ALL UTILIZATION PRACTICES,63.6,BU / ACRE,
20089,KS,JEWELL,2016,SOYBEANS,ALL CLASSES,IRRIGATED,irrigated,ALL UTILIZATION PRACTICES,68.8,BU / ACRE,
20089,KS,JEWELL,2014,SOYBEANS,ALL CLASSES,IRRIGATED,irrigated,ALL UTILIZATION PRACTICES,61.0,BU / ACRE,
20123,KS,MITCHELL,2016,SOYBEANS,ALL CLASSES,IRRIGATED,irrigated,ALL UTILIZATION PRACTICES,56.1,BU / ACRE,
20123,KS,MITCHELL,2014,SOYBEANS,ALL CLASSES,IRRIGATED,irrigated,ALL UTILIZATION PRACTICES,51.3,BU / ACRE,
20123,KS,MITCHELL,2009,SOYBEANS,ALL CLASSES,IRRIGATED,irrigated,ALL UTILIZATION PRACTICES,56.5,BU / ACRE,
20123,KS,MITCHELL,2008,SOYBEANS,ALL CLASSES,IRRIGATED,irrigated,ALL UTILIZATION PRACTICES,51.0,BU / ACRE,
20143,KS,OTTAWA,2016,SOYBEANS,ALL CLASSES,IRRIGATED,irrigated,ALL UTILIZATION PRACTICES,52.8,BU / ACRE,
20143,KS,OTTAWA,2014,SOYBEANS,ALL CLASSES,IRRIGATED,irrigated,ALL UTILIZATION PRACTICES,42.7,BU / ACRE,
20143,KS,OTTAWA,2009,SOYBEANS,ALL CLASSES,IRRIGATED,irrigated,ALL UTILIZATION PRACTICES,64.5,BU / ACRE,
20143,KS,OTTAWA,2008,SOYBEANS,ALL CLASSES,IRRIGATED,irrigated,ALL UTILIZATION PRACTICES,49.5,BU / ACRE,
20147,KS,PHILLIPS,2016,SOYBEANS,ALL CLASSES,IRRIGATED,irrigated,ALL UTILIZATION PRACTICES,69.3,BU / ACRE,
20147,KS,PHILLIPS,2015,SOYBEANS,ALL CLASSES,IRRIGATED,irrigated,ALL UTILIZATION PRACTICES,58.6,BU / ACRE,
20201,KS,WASHINGTON,2016,SOYBEANS,ALL CLASSES,IRRIGATED,irrigated,ALL UTILIZATION PRACTICES,70.9,BU / ACRE,
20201,KS,WASHINGTON,2009,SOYBEANS,ALL CLASSES,IRRIGATED,irrigated,ALL UTILIZATION PRACTICES,57.5,BU / ACRE,
20201,KS,WASHINGTON,2008,SOYBEANS,ALL CLASSES,IRRIGATED,irrigated,ALL UTILIZATION PRACTICES,52.0,BU / ACRE,
20009,KS,BARTON,2014,SOYBEANS,ALL CLASSES,IRRIGATED,irrigated,ALL UTILIZATION PRACTICES,54.0,BU / ACRE,
20041,KS,DICKINSON,2016,SOYBEANS,ALL CLASSES,IRRIGATED,irrigated,ALL UTILIZATION PRACTICES,53.5,BU / ACRE,
20041,KS,DICKINSON,2015,SOYBEANS,ALL CLASSES,IRRIGATED,irrigated,ALL UTILIZATION PRACTICES,56.1,BU / ACRE,
20041,KS,DICKINSON,2009,SOYBEANS,ALL CLASSES,IRRIGATED,irrigated,ALL UTILIZATION PRACTICES,62.5,BU / ACRE,
20113,KS,MCPHERSON,2015,SOYBEANS,ALL CLASSES,IRRIGATED,irrigated,ALL UTILIZATION PRACTICES,57.1,BU / ACRE,
20113,KS,MCPHERSON,2014,SOYBEANS,ALL CLASSES,IRRIGATED,irrigated,ALL UTILIZATION PRACTICES,56.4,BU / ACRE,
20113,KS,MCPHERSON,2009,SOYBEANS,ALL CLASSES,IRRIGATED,irrigated,ALL UTILIZATION PRACTICES,56.5,BU / ACRE,
20115,KS,MARION,2008,SOYBEANS,ALL CLASSES,IRRIGATED,irrigated,ALL UTILIZATION PRACTICES,42.0,BU / ACRE,
20159,KS,RICE,2016,SOYBEANS,ALL CLASSES,IRRIGATED,irrigated,ALL UTILIZATION PRACTICES,54.0,BU / ACRE,
20165,KS,RUSH,2016,SOYBEANS,ALL CLASSES,IRRIGATED,irrigated,ALL UTILIZATION PRACTICES,67.2,BU / ACRE,
20165,KS,RUSH,2014,SOYBEANS,ALL CLASSES,IRRIGATED,irrigated,ALL UTILIZATION PRACTICES,44.8,BU / ACRE,
20047,KS,EDWARDS,2009,SOYBEANS,ALL CLASSES,IRRIGATED,irrigated,ALL UTILIZATION PRACTICES,61.5,BU / ACRE,
20077,KS,HARPER,2015,SOYBEANS,ALL CLASSES,IRRIGATED,irrigated,ALL UTILIZATION PRACTICES,55.8,BU / ACRE,
20077,KS,HARPER,2009,SOYBEANS,ALL CLASSES,IRRIGATED,irrigated,ALL UTILIZATION PRACTICES,61.0,BU / ACRE,
20079,KS,HARVEY,2016,SOYBEANS,ALL CLASSES,IRRIGATED,irrigated,ALL UTILIZATION PRACTICES,57.7,BU / ACRE,
20079,KS,HARVEY,2015,SOYBEANS,ALL CLASSES,IRRIGATED,irrigated,ALL UTILIZATION PRACTICES,59.6,BU / ACRE,
20079,KS,HARVEY,2014,SOYBEANS,ALL CLASSES,IRRIGATED,irrigated,ALL UTILIZATION PRACTICES,54.0,BU / ACRE,
20095,KS,KINGMAN,2016,SOYBEANS,ALL CLASSES,IRRIGATED,irrigated,ALL UTILIZATION PRACTICES,58.4,BU / ACRE,
20095,KS,KINGMAN,2014,SOYBEANS,ALL CLASSES,IRRIGATED,irrigated,ALL UTILIZATION PRACTICES,53.7,BU / ACRE,
20095,KS,KINGMAN,2009,SOYBEANS,ALL CLASSES,IRRIGATED,irrigated,ALL UTILIZATION PRACTICES,55.5,BU / ACRE,
20145,KS,PAWNEE,2016,SOYBEANS,ALL CLASSES,IRRIGATED,irrigated,ALL UTILIZATION PRACTICES,52.0,BU / ACRE,
20145,KS,PAWNEE,2009,SOYBEANS,ALL CLASSES,IRRIGATED,irrigated,ALL UTILIZATION PRACTICES,63.5,BU / ACRE,
20151,KS,PRATT,2016,SOYBEANS,ALL CLASSES,IRRIGATED,irrigated,ALL UTILIZATION PRACTICES,60.7,BU / ACRE,
20155,KS,RENO,2014,SOYBEANS,ALL CLASSES,IRRIGATED,irrigated,ALL UTILIZATION PRACTICES,51.7,BU / ACRE,
20155,KS,RENO,2009,SOYBEANS,ALL CLASSES,IRRIGATED,irrigated,ALL UTILIZATION PRACTICES,61.5,BU / ACRE,
20173,KS,SEDGWICK,2014,SOYBEANS,ALL CLASSES,IRRIGATED,irrigated,ALL UTILIZATION PRACTICES,52.5,BU / ACRE,
20173,KS,SEDGWICK,2009,SOYBEANS,ALL CLASSES,IRRIGATED,irrigated,ALL UTILIZATION PRACTICES,59.5,BU / ACRE,
20185,KS,STAFFORD,2016,SOYBEANS,ALL CLASSES,IRRIGATED,irrigated,ALL UTILIZATION PRACTICES,55.1,BU / ACRE,
20191,KS,SUMNER,2016,SOYBEANS,ALL CLASSES,IRRIGATED,irrigated,ALL UTILIZATION PRACTICES,50.0,BU / ACRE,
20191,KS,SUMNER,2014,SOYBEANS,ALL CLASSES,IRRIGATED,irrigated,ALL UTILIZATION PRACTICES,46.8,BU / ACRE,
20191,KS,SUMNER,2009,SOYBEANS,ALL CLASSES,IRRIGATED,irrigated,ALL UTILIZATION PRACTICES,54.5,BU / ACRE,
20191,KS,SUMNER,2008,SOYBEANS,ALL CLASSES,IRRIGATED,irrigated,ALL UTILIZATION PRACTICES,34.5,BU / ACRE,
20087,KS,JEFFERSON,2014,SOYBEANS,ALL CLASSES,IRRIGATED,irrigated,ALL UTILIZATION PRACTICES,58.6,BU / ACRE,
20149,KS,POTTAWATOMIE,2014,SOYBEANS,ALL CLASSES,IRRIGATED,irrigated,ALL UTILIZATION PRACTICES,55.1,BU / ACRE,
20061,KS,GEARY,2016,SOYBEANS,ALL CLASSES,IRRIGATED,irrigated,ALL UTILIZATION PRACTICES,67.0,BU / ACRE,
20061,KS,GEARY,2009,SOYBEANS,ALL CLASSES,IRRIGATED,irrigated,ALL UTILIZATION PRACTICES,61.5,BU / ACRE,
20177,KS,SHAWNEE,2016,SOYBEANS,ALL CLASSES,IRRIGATED,irrigated,ALL UTILIZATION PRACTICES,58.3,BU / ACRE,
20177,KS,SHAWNEE,2009,SOYBEANS,ALL CLASSES,IRRIGATED,irrigated,ALL UTILIZATION PRACTICES,58.5,BU / ACRE,
20037,KS,CRAWFORD,2009,SOYBEANS,ALL CLASSES,IRRIGATED,irrigated,ALL UTILIZATION PRACTICES,45.5,BU / ACRE,
20205,KS,WILSON,2009,SOYBEANS,ALL CLASSES,IRRIGATED,irrigated,ALL UTILIZATION PRACTICES,51.0,BU / ACRE,
20027,KS,CLAY,2015,SOYBEANS,ALL CLASSES,NON-IRRIGATED,non_irrigated,ALL UTILIZATION PRACTICES,42.7,BU / ACRE,
20027,KS,CLAY,2008,SOYBEANS,ALL CLASSES,NON-IRRIGATED,non_irrigated,ALL UTILIZATION PRACTICES,43.0,BU / ACRE,
20029,KS,CLOUD,2016,SOYBEANS,ALL CLASSES,NON-IRRIGATED,non_irrigated,ALL UTILIZATION PRACTICES,50.8,BU / ACRE,
20089,KS,JEWELL,2016,SOYBEANS,ALL CLASSES,NON-IRRIGATED,non_irrigated,ALL UTILIZATION PRACTICES,55.0,BU / ACRE,
20089,KS,JEWELL,2014,SOYBEANS,ALL CLASSES,NON-IRRIGATED,non_irrigated,ALL UTILIZATION PRACTICES,37.5,BU / ACRE,
20123,KS,MITCHELL,2016,SOYBEANS,ALL CLASSES,NON-IRRIGATED,non_irrigated,ALL UTILIZATION PRACTICES,53.3,BU / ACRE,
20123,KS,MITCHELL,2014,SOYBEANS,ALL CLASSES,NON-IRRIGATED,non_irrigated,ALL UTILIZATION PRACTICES,25.2,BU / ACRE,
20123,KS,MITCHELL,2009,SOYBEANS,ALL CLASSES,NON-IRRIGATED,non_irrigated,ALL UTILIZATION PRACTICES,39.5,BU / ACRE,
20123,KS,MITCHELL,2008,SOYBEANS,ALL CLASSES,NON-IRRIGATED,non_irrigated,ALL UTILIZATION PRACTICES,44.0,BU / ACRE,
20143,KS,OTTAWA,2016,SOYBEANS,ALL CLASSES,NON-IRRIGATED,non_irrigated,ALL UTILIZATION PRACTICES,44.6,BU / ACRE,
20143,KS,OTTAWA,2014,SOYBEANS,ALL CLASSES,NON-IRRIGATED,non_irrigated,ALL UTILIZATION PRACTICES,25.2,BU / ACRE,
20143,KS,OTTAWA,2009,SOYBEANS,ALL CLASSES,NON-IRRIGATED,non_irrigated,ALL UTILIZATION PRACTICES,39.5,BU / ACRE,
20143,KS,OTTAWA,2008,SOYBEANS,ALL CLASSES,NON-IRRIGATED,non_irrigated,ALL UTILIZATION PRACTICES,42.0,BU / ACRE,
20147,KS,PHILLIPS,2016,SOYBEANS,ALL CLASSES,NON-IRRIGATED,non_irrigated,ALL UTILIZATION PRACTICES,51.9,BU / ACRE,
20147,KS,PHILLIPS,2015,SOYBEANS,ALL CLASSES,NON-IRRIGATED,non_irrigated,ALL UTILIZATION PRACTICES,18.0,BU / ACRE,
20201,KS,WASHINGTON,2016,SOYBEANS,ALL CLASSES,NON-IRRIGATED,non_irrigated,ALL UTILIZATION PRACTICES,42.2,BU / ACRE,
20201,KS,WASHINGTON,2009,SOYBEANS,ALL CLASSES,NON-IRRIGATED,non_irrigated,ALL UTILIZATION PRACTICES,45.5,BU / ACRE,
20201,KS,WASHINGTON,2008,SOYBEANS,ALL CLASSES,NON-IRRIGATED,non_irrigated,ALL UTILIZATION PRACTICES,42.5,BU / ACRE,
20009,KS,BARTON,2014,SOYBEANS,ALL CLASSES,NON-IRRIGATED,non_irrigated,ALL UTILIZATION PRACTICES,26.2,BU / ACRE,
20041,KS,DICKINSON,2016,SOYBEANS,ALL CLASSES,NON-IRRIGATED,non_irrigated,ALL UTILIZATION PRACTICES,47.6,BU / ACRE,
20041,KS,DICKINSON,2015,SOYBEANS,ALL CLASSES,NON-IRRIGATED,non_irrigated,ALL UTILIZATION PRACTICES,37.0,BU / ACRE,
20041,KS,DICKINSON,2009,SOYBEANS,ALL CLASSES,NON-IRRIGATED,non_irrigated,ALL UTILIZATION PRACTICES,49.5,BU / ACRE,
20113,KS,MCPHERSON,2015,SOYBEANS,ALL CLASSES,NON-IRRIGATED,non_irrigated,ALL UTILIZATION PRACTICES,29.3,BU / ACRE,
20113,KS,MCPHERSON,2014,SOYBEANS,ALL CLASSES,NON-IRRIGATED,non_irrigated,ALL UTILIZATION PRACTICES,30.9,BU / ACRE,
20113,KS,MCPHERSON,2009,SOYBEANS,ALL CLASSES,NON-IRRIGATED,non_irrigated,ALL UTILIZATION PRACTICES,40.5,BU / ACRE,
20115,KS,MARION,2008,SOYBEANS,ALL CLASSES,NON-IRRIGATED,non_irrigated,ALL UTILIZATION PRACTICES,32.5,BU / ACRE,
20159,KS,RICE,2016,SOYBEANS,ALL CLASSES,NON-IRRIGATED,non_irrigated,ALL UTILIZATION PRACTICES,41.9,BU / ACRE,
20165,KS,RUSH,2016,SOYBEANS,ALL CLASSES,NON-IRRIGATED,non_irrigated,ALL UTILIZATION PRACTICES,31.0,BU / ACRE,
20165,KS,RUSH,2014,SOYBEANS,ALL CLASSES,NON-IRRIGATED,non_irrigated,ALL UTILIZATION PRACTICES,24.2,BU / ACRE,
20167,KS,RUSSELL,2016,SOYBEANS,ALL CLASSES,NON-IRRIGATED,non_irrigated,ALL UTILIZATION PRACTICES,41.7,BU / ACRE,
20167,KS,RUSSELL,2014,SOYBEANS,ALL CLASSES,NON-IRRIGATED,non_irrigated,ALL UTILIZATION PRACTICES,20.8,BU / ACRE,
20047,KS,EDWARDS,2009,SOYBEANS,ALL CLASSES,NON-IRRIGATED,non_irrigated,ALL UTILIZATION PRACTICES,29.0,BU / ACRE,
20077,KS,HARPER,2015,SOYBEANS,ALL CLASSES,NON-IRRIGATED,non_irrigated,ALL UTILIZATION PRACTICES,26.7,BU / ACRE,
20077,KS,HARPER,2009,SOYBEANS,ALL CLASSES,NON-IRRIGATED,non_irrigated,ALL UTILIZATION PRACTICES,22.5,BU / ACRE,
20079,KS,HARVEY,2016,SOYBEANS,ALL CLASSES,NON-IRRIGATED,non_irrigated,ALL UTILIZATION PRACTICES,46.5,BU / ACRE,
20079,KS,HARVEY,2015,SOYBEANS,ALL CLASSES,NON-IRRIGATED,non_irrigated,ALL UTILIZATION PRACTICES,32.4,BU / ACRE,
20079,KS,HARVEY,2014,SOYBEANS,ALL CLASSES,NON-IRRIGATED,non_irrigated,ALL UTILIZATION PRACTICES,29.6,BU / ACRE,
20095,KS,KINGMAN,2016,SOYBEANS,ALL CLASSES,NON-IRRIGATED,non_irrigated,ALL UTILIZATION PRACTICES,39.0,BU / ACRE,
20095,KS,KINGMAN,2014,SOYBEANS,ALL CLASSES,NON-IRRIGATED,non_irrigated,ALL UTILIZATION PRACTICES,17.5,BU / ACRE,
20095,KS,KINGMAN,2009,SOYBEANS,ALL CLASSES,NON-IRRIGATED,non_irrigated,ALL UTILIZATION PRACTICES,25.5,BU / ACRE,
20145,KS,PAWNEE,2016,SOYBEANS,ALL CLASSES,NON-IRRIGATED,non_irrigated,ALL UTILIZATION PRACTICES,32.6,BU / ACRE,
20145,KS,PAWNEE,2009,SOYBEANS,ALL CLASSES,NON-IRRIGATED,non_irrigated,ALL UTILIZATION PRACTICES,33.5,BU / ACRE,
20151,KS,PRATT,2016,SOYBEANS,ALL CLASSES,NON-IRRIGATED,non_irrigated,ALL UTILIZATION PRACTICES,44.0,BU / ACRE,
20155,KS,RENO,2014,SOYBEANS,ALL CLASSES,NON-IRRIGATED,non_irrigated,ALL UTILIZATION PRACTICES,23.5,BU / ACRE,
20155,KS,RENO,2009,SOYBEANS,ALL CLASSES,NON-IRRIGATED,non_irrigated,ALL UTILIZATION PRACTICES,33.0,BU / ACRE,
20173,KS,SEDGWICK,2014,SOYBEANS,ALL CLASSES,NON-IRRIGATED,non_irrigated,ALL UTILIZATION PRACTICES,25.9,BU / ACRE,
20173,KS,SEDGWICK,2009,SOYBEANS,ALL CLASSES,NON-IRRIGATED,non_irrigated,ALL UTILIZATION PRACTICES,38.5,BU / ACRE,
20185,KS,STAFFORD,2016,SOYBEANS,ALL CLASSES,NON-IRRIGATED,non_irrigated,ALL UTILIZATION PRACTICES,34.6,BU / ACRE,
20191,KS,SUMNER,2016,SOYBEANS,ALL CLASSES,NON-IRRIGATED,non_irrigated,ALL UTILIZATION PRACTICES,39.0,BU / ACRE,
20191,KS,SUMNER,2014,SOYBEANS,ALL CLASSES,NON-IRRIGATED,non_irrigated,ALL UTILIZATION PRACTICES,25.0,BU / ACRE,
20191,KS,SUMNER,2009,SOYBEANS,ALL CLASSES,NON-IRRIGATED,non_irrigated,ALL UTILIZATION PRACTICES,38.5,BU / ACRE,
20191,KS,SUMNER,2008,SOYBEANS,ALL CLASSES,NON-IRRIGATED,non_irrigated,ALL UTILIZATION PRACTICES,23.5,BU / ACRE,
20087,KS,JEFFERSON,2014,SOYBEANS,ALL CLASSES,NON-IRRIGATED,non_irrigated,ALL UTILIZATION PRACTICES,45.5,BU / ACRE,
20149,KS,POTTAWATOMIE,2014,SOYBEANS,ALL CLASSES,NON-IRRIGATED,non_irrigated,ALL UTILIZATION PRACTICES,39.7,BU / ACRE,
20017,KS,CHASE,2014,SOYBEANS,ALL CLASSES,NON-IRRIGATED,non_irrigated,ALL UTILIZATION PRACTICES,32.3,BU / ACRE,
20061,KS,GEARY,2016,SOYBEANS,ALL CLASSES,NON-IRRIGATED,non_irrigated,ALL UTILIZATION PRACTICES,53.8,BU / ACRE,
20061,KS,GEARY,2009,SOYBEANS,ALL CLASSES,NON-IRRIGATED,non_irrigated,ALL UTILIZATION PRACTICES,53.5,BU / ACRE,
20107,KS,LINN,2016,SOYBEANS,ALL CLASSES,NON-IRRIGATED,non_irrigated,ALL UTILIZATION PRACTICES,41.8,BU / ACRE,
20107,KS,LINN,2014,SOYBEANS,ALL CLASSES,NON-IRRIGATED,non_irrigated,ALL UTILIZATION PRACTICES,39.1,BU / ACRE,
20111,KS,LYON,2014,SOYBEANS,ALL CLASSES,NON-IRRIGATED,non_irrigated,ALL UTILIZATION PRACTICES,23.8,BU / ACRE,
20177,KS,SHAWNEE,2016,SOYBEANS,ALL CLASSES,NON-IRRIGATED,non_irrigated,ALL UTILIZATION PRACTICES,47.1,BU / ACRE,
20177,KS,SHAWNEE,2009,SOYBEANS,ALL CLASSES,NON-IRRIGATED,non_irrigated,ALL UTILIZATION PRACTICES,49.5,BU / ACRE,
20037,KS,CRAWFORD,2009,SOYBEANS,ALL CLASSES,NON-IRRIGATED,non_irrigated,ALL UTILIZATION PRACTICES,34.5,BU / ACRE,
20205,KS,WILSON,2009,SOYBEANS,ALL CLASSES,NON-IRRIGATED,non_irrigated,ALL UTILIZATION PRACTICES,35.0,BU / ACRE,
38049,ND,MCHENRY,2008,CORN,ALL CLASSES,IRRIGATED,irrigated,GRAIN,126.0,BU / ACRE,
38035,ND,GRAND FORKS,2008,CORN,ALL CLASSES,IRRIGATED,irrigated,GRAIN,147.0,BU / ACRE,
38055,ND,MCLEAN,2008,CORN,ALL CLASSES,IRRIGATED,irrigated,GRAIN,153.0,BU / ACRE,
38065,ND,OLIVER,2008,CORN,ALL CLASSES,IRRIGATED,irrigated,GRAIN,121.0,BU / ACRE,
38017,ND,CASS,2008,CORN,ALL CLASSES,IRRIGATED,irrigated,GRAIN,160.0,BU / ACRE,
38091,ND,STEELE,2008,CORN,ALL CLASSES,IRRIGATED,irrigated,GRAIN,159.0,BU / ACRE,
38037,ND,GRANT,2008,CORN,ALL CLASSES,IRRIGATED,irrigated,GRAIN,113.0,BU / ACRE,
38059,ND,MORTON,2008,CORN,ALL CLASSES,IRRIGATED,irrigated,GRAIN,152.0,BU / ACRE,
38021,ND,DICKEY,2008,CORN,ALL CLASSES,IRRIGATED,irrigated,GRAIN,164.0,BU / ACRE,
38077,ND,RICHLAND,2008,CORN,ALL CLASSES,IRRIGATED,irrigated,GRAIN,169.0,BU / ACRE,
38049,ND,MCHENRY,2008,CORN,ALL CLASSES,NON-IRRIGATED,non_irrigated,GRAIN,84.0,BU / ACRE,
38035,ND,GRAND FORKS,2008,CORN,ALL CLASSES,NON-IRRIGATED,non_irrigated,GRAIN,122.0,BU / ACRE,
38055,ND,MCLEAN,2008,CORN,ALL CLASSES,NON-IRRIGATED,non_irrigated,GRAIN,74.0,BU / ACRE,
38065,ND,OLIVER,2008,CORN,ALL CLASSES,NON-IRRIGATED,non_irrigated,GRAIN,67.0,BU / ACRE,
38017,ND,CASS,2008,CORN,ALL CLASSES,NON-IRRIGATED,non_irrigated,GRAIN,144.0,BU / ACRE,
38091,ND,STEELE,2008,CORN,ALL CLASSES,NON-IRRIGATED,non_irrigated,GRAIN,125.0,BU / ACRE,
38037,ND,GRANT,2008,CORN,ALL CLASSES,NON-IRRIGATED,non_irrigated,GRAIN,55.0,BU / ACRE,
38059,ND,MORTON,2008,CORN,ALL CLASSES,NON-IRRIGATED,non_irrigated,GRAIN,48.0,BU / ACRE,
38021,ND,DICKEY,2008,CORN,ALL CLASSES,NON-IRRIGATED,non_irrigated,GRAIN,139.0,BU / ACRE,
38077,ND,RICHLAND,2008,CORN,ALL CLASSES,NON-IRRIGATED,non_irrigated,GRAIN,146.0,BU / ACRE,
46019,SD,BUTTE,2008,BARLEY,ALL CLASSES,NON-IRRIGATED,non_irrigated,ALL UTILIZATION PRACTICES,58.8,BU / ACRE,
46031,SD,CORSON,2008,BARLEY,ALL CLASSES,NON-IRRIGATED,non_irrigated,ALL UTILIZATION PRACTICES,30.0,BU / ACRE,
46063,SD,HARDING,2008,BARLEY,ALL CLASSES,NON-IRRIGATED,non_irrigated,ALL UTILIZATION PRACTICES,33.3,BU / ACRE,
46105,SD,PERKINS,2008,BARLEY,ALL CLASSES,NON-IRRIGATED,non_irrigated,ALL UTILIZATION PRACTICES,34.4,BU / ACRE,
46021,SD,CAMPBELL,2008,BARLEY,ALL CLASSES,NON-IRRIGATED,non_irrigated,ALL UTILIZATION PRACTICES,43.2,BU / ACRE,
46089,SD,MCPHERSON,2008,BARLEY,ALL CLASSES,NON-IRRIGATED,non_irrigated,ALL UTILIZATION PRACTICES,22.2,BU / ACRE,
46037,SD,DAY,2008,BARLEY,ALL CLASSES,NON-IRRIGATED,non_irrigated,ALL UTILIZATION PRACTICES,72.7,BU / ACRE,
46109,SD,ROBERTS,2008,BARLEY,ALL CLASSES,NON-IRRIGATED,non_irrigated,ALL UTILIZATION PRACTICES,69.2,BU / ACRE,
46025,SD,CLARK,2009,CORN,ALL CLASSES,IRRIGATED,irrigated,GRAIN,183.0,BU / ACRE,
46025,SD,CLARK,2008,CORN,ALL CLASSES,IRRIGATED,irrigated,GRAIN,144.0,BU / ACRE,
46029,SD,CODINGTON,2008,CORN,ALL CLASSES,IRRIGATED,irrigated,GRAIN,136.0,BU / ACRE,
46039,SD,DEUEL,2008,CORN,ALL CLASSES,IRRIGATED,irrigated,GRAIN,175.0,BU / ACRE,
46051,SD,GRANT,2008,CORN,ALL CLASSES,IRRIGATED,irrigated,GRAIN,159.0,BU / ACRE,
46005,SD,BEADLE,2009,CORN,ALL CLASSES,IRRIGATED,irrigated,GRAIN,183.0,BU / ACRE,
46005,SD,BEADLE,2008,CORN,ALL CLASSES,IRRIGATED,irrigated,GRAIN,174.0,BU / ACRE,
46015,SD,BRULE,2009,CORN,ALL CLASSES,IRRIGATED,irrigated,GRAIN,210.0,BU / ACRE,
46059,SD,HAND,2009,CORN,ALL CLASSES,IRRIGATED,irrigated,GRAIN,182.0,BU / ACRE,
46059,SD,HAND,2008,CORN,ALL CLASSES,IRRIGATED,irrigated,GRAIN,154.0,BU / ACRE,
46065,SD,HUGHES,2009,CORN,ALL CLASSES,IRRIGATED,irrigated,GRAIN,188.0,BU / ACRE,
46011,SD,BROOKINGS,2009,CORN,ALL CLASSES,IRRIGATED,irrigated,GRAIN,174.0,BU / ACRE,
46011,SD,BROOKINGS,2008,CORN,ALL CLASSES,IRRIGATED,irrigated,GRAIN,179.0,BU / ACRE,
46035,SD,DAVISON,2009,CORN,ALL CLASSES,IRRIGATED,irrigated,GRAIN,178.0,BU / ACRE,
46077,SD,KINGSBURY,2008,CORN,ALL CLASSES,IRRIGATED,irrigated,GRAIN,165.0,BU / ACRE,
46079,SD,LAKE,2009,CORN,ALL CLASSES,IRRIGATED,irrigated,GRAIN,198.0,BU / ACRE,
46079,SD,LAKE,2008,CORN,ALL CLASSES,IRRIGATED,irrigated,GRAIN,190.0,BU / ACRE,
46099,SD,MINNEHAHA,2009,CORN,ALL CLASSES,IRRIGATED,irrigated,GRAIN,174.0,BU / ACRE,
46099,SD,MINNEHAHA,2008,CORN,ALL CLASSES,IRRIGATED,irrigated,GRAIN,167.0,BU / ACRE,
46101,SD,MOODY,2009,CORN,ALL CLASSES,IRRIGATED,irrigated,GRAIN,177.0,BU / ACRE,
46007,SD,BENNETT,2008,CORN,ALL CLASSES,IRRIGATED,irrigated,GRAIN,171.0,BU / ACRE,
46085,SD,LYMAN,2008,CORN,ALL CLASSES,IRRIGATED,irrigated,GRAIN,181.0,BU / ACRE,
46121,SD,TODD,2009,CORN,ALL CLASSES,IRRIGATED,irrigated,GRAIN,169.0,BU / ACRE,
46121,SD,TODD,2008,CORN,ALL CLASSES,IRRIGATED,irrigated,GRAIN,158.0,BU / ACRE,
46123,SD,TRIPP,2008,CORN,ALL CLASSES,IRRIGATED,irrigated,GRAIN,131.0,BU / ACRE,
46009,SD,BON HOMME,2008,CORN,ALL CLASSES,IRRIGATED,irrigated,GRAIN,195.0,BU / ACRE,
46023,SD,CHARLES MIX,2008,CORN,ALL CLASSES,IRRIGATED,irrigated,GRAIN,177.0,BU / ACRE,
46043,SD,DOUGLAS,2009,CORN,ALL CLASSES,IRRIGATED,irrigated,GRAIN,184.0,BU / ACRE,
46067,SD,HUTCHINSON,2009,CORN,ALL CLASSES,IRRIGATED,irrigated,GRAIN,186.0,BU / ACRE,
46125,SD,TURNER,2009,CORN,ALL CLASSES,IRRIGATED,irrigated,GRAIN,192.0,BU / ACRE,
46125,SD,TURNER,2008,CORN,ALL CLASSES,IRRIGATED,irrigated,GRAIN,178.0,BU / ACRE,
46127,SD,UNION,2009,CORN,ALL CLASSES,IRRIGATED,irrigated,GRAIN,191.0,BU / ACRE,
46127,SD,UNION,2008,CORN,ALL CLASSES,IRRIGATED,irrigated,GRAIN,178.0,BU / ACRE,
46135,SD,YANKTON,2009,CORN,ALL CLASSES,IRRIGATED,irrigated,GRAIN,184.0,BU / ACRE,
46137,SD,ZIEBACH,2009,CORN,ALL CLASSES,NON-IRRIGATED,non_irrigated,GRAIN,101.0,BU / ACRE,
46137,SD,ZIEBACH,2008,CORN,ALL CLASSES,NON-IRRIGATED,non_irrigated,GRAIN,77.0,BU / ACRE,
46025,SD,CLARK,2009,CORN,ALL CLASSES,NON-IRRIGATED,non_irrigated,GRAIN,147.0,BU / ACRE,
46025,SD,CLARK,2008,CORN,ALL CLASSES,NON-IRRIGATED,non_irrigated,GRAIN,144.0,BU / ACRE,
46029,SD,CODINGTON,2008,CORN,ALL CLASSES,NON-IRRIGATED,non_irrigated,GRAIN,135.0,BU / ACRE,
46039,SD,DEUEL,2008,CORN,ALL CLASSES,NON-IRRIGATED,non_irrigated,GRAIN,142.0,BU / ACRE,
46051,SD,GRANT,2008,CORN,ALL CLASSES,NON-IRRIGATED,non_irrigated,GRAIN,119.0,BU / ACRE,
46003,SD,AURORA,2009,CORN,ALL CLASSES,NON-IRRIGATED,non_irrigated,GRAIN,132.0,BU / ACRE,
46003,SD,AURORA,2008,CORN,ALL CLASSES,NON-IRRIGATED,non_irrigated,GRAIN,106.0,BU / ACRE,
46005,SD,BEADLE,2009,CORN,ALL CLASSES,NON-IRRIGATED,non_irrigated,GRAIN,150.0,BU / ACRE,
46005,SD,BEADLE,2008,CORN,ALL CLASSES,NON-IRRIGATED,non_irrigated,GRAIN,124.0,BU / ACRE,
46015,SD,BRULE,2009,CORN,ALL CLASSES,NON-IRRIGATED,non_irrigated,GRAIN,147.0,BU / ACRE,
46059,SD,HAND,2009,CORN,ALL CLASSES,NON-IRRIGATED,non_irrigated,GRAIN,134.0,BU / ACRE,
46059,SD,HAND,2008,CORN,ALL CLASSES,NON-IRRIGATED,non_irrigated,GRAIN,116.0,BU / ACRE,
46065,SD,HUGHES,2009,CORN,ALL CLASSES,NON-IRRIGATED,non_irrigated,GRAIN,99.0,BU / ACRE,
46011,SD,BROOKINGS,2009,CORN,ALL CLASSES,NON-IRRIGATED,non_irrigated,GRAIN,161.0,BU / ACRE,
46011,SD,BROOKINGS,2008,CORN,ALL CLASSES,NON-IRRIGATED,non_irrigated,GRAIN,141.0,BU / ACRE,
46035,SD,DAVISON,2009,CORN,ALL CLASSES,NON-IRRIGATED,non_irrigated,GRAIN,139.0,BU / ACRE,
46077,SD,KINGSBURY,2008,CORN,ALL CLASSES,NON-IRRIGATED,non_irrigated,GRAIN,133.0,BU / ACRE,
46079,SD,LAKE,2009,CORN,ALL CLASSES,NON-IRRIGATED,non_irrigated,GRAIN,180.0,BU / ACRE,
46079,SD,LAKE,2008,CORN,ALL CLASSES,NON-IRRIGATED,non_irrigated,GRAIN,139.0,BU / ACRE,
46087,SD,MCCOOK,2009,CORN,ALL CLASSES,NON-IRRIGATED,non_irrigated,GRAIN,161.0,BU / ACRE,
46087,SD,MCCOOK,2008,CORN,ALL CLASSES,NON-IRRIGATED,non_irrigated,GRAIN,136.0,BU / ACRE,
46097,SD,MINER,2009,CORN,ALL CLASSES,NON-IRRIGATED,non_irrigated,GRAIN,167.0,BU / ACRE,
46097,SD,MINER,2008,CORN,ALL CLASSES,NON-IRRIGATED,non_irrigated,GRAIN,106.0,BU / ACRE,
46099,SD,MINNEHAHA,2009,CORN,ALL CLASSES,NON-IRRIGATED,non_irrigated,GRAIN,172.0,BU / ACRE,
46099,SD,MINNEHAHA,2008,CORN,ALL CLASSES,NON-IRRIGATED,non_irrigated,GRAIN,162.0,BU / ACRE,
46101,SD,MOODY,2009,CORN,ALL CLASSES,NON-IRRIGATED,non_irrigated,GRAIN,164.0,BU / ACRE,
46111,SD,SANBORN,2009,CORN,ALL CLASSES,NON-IRRIGATED,non_irrigated,GRAIN,153.0,BU / ACRE,
46111,SD,SANBORN,2008,CORN,ALL CLASSES,NON-IRRIGATED,non_irrigated,GRAIN,109.0,BU / ACRE,
46007,SD,BENNETT,2008,CORN,ALL CLASSES,NON-IRRIGATED,non_irrigated,GRAIN,72.0,BU / ACRE,
46085,SD,LYMAN,2008,CORN,ALL CLASSES,NON-IRRIGATED,non_irrigated,GRAIN,85.0,BU / ACRE,
46121,SD,TODD,2009,CORN,ALL CLASSES,NON-IRRIGATED,non_irrigated,GRAIN,80.0,BU / ACRE,
46121,SD,TODD,2008,CORN,ALL CLASSES,NON-IRRIGATED,non_irrigated,GRAIN,62.0,BU / ACRE,
46123,SD,TRIPP,2008,CORN,ALL CLASSES,NON-IRRIGATED,non_irrigated,GRAIN,77.0,BU / ACRE,
46009,SD,BON HOMME,2008,CORN,ALL CLASSES,NON-IRRIGATED,non_irrigated,GRAIN,115.0,BU / ACRE,
46023,SD,CHARLES MIX,2008,CORN,ALL CLASSES,NON-IRRIGATED,non_irrigated,GRAIN,112.0,BU / ACRE,
46043,SD,DOUGLAS,2009,CORN,ALL CLASSES,NON-IRRIGATED,non_irrigated,GRAIN,163.0,BU / ACRE,
46067,SD,HUTCHINSON,2009,CORN,ALL CLASSES,NON-IRRIGATED,non_irrigated,GRAIN,146.0,BU / ACRE,
46125,SD,TURNER,2009,CORN,ALL CLASSES,NON-IRRIGATED,non_irrigated,GRAIN,181.0,BU / ACRE,
46125,SD,TURNER,2008,CORN,ALL CLASSES,NON-IRRIGATED,non_irrigated,GRAIN,138.0,BU / ACRE,
46127,SD,UNION,2009,CORN,ALL CLASSES,NON-IRRIGATED,non_irrigated,GRAIN,188.0,BU / ACRE,
46127,SD,UNION,2008,CORN,ALL CLASSES,NON-IRRIGATED,non_irrigated,GRAIN,162.0,BU / ACRE,
46135,SD,YANKTON,2009,CORN,ALL CLASSES,NON-IRRIGATED,non_irrigated,GRAIN,167.0,BU / ACRE,
28011,MS,BOLIVAR,2008,COTTON,UPLAND,IRRIGATED,irrigated,ALL UTILIZATION PRACTICES,865.0,LB / ACRE,
28027,MS,COAHOMA,2018,COTTON,UPLAND,IRRIGATED,irrigated,ALL UTILIZATION PRACTICES,1304.0,LB / ACRE,
28027,MS,COAHOMA,2017,COTTON,UPLAND,IRRIGATED,irrigated,ALL UTILIZATION PRACTICES,1012.0,LB / ACRE,
28027,MS,COAHOMA,2016,COTTON,UPLAND,IRRIGATED,irrigated,ALL UTILIZATION PRACTICES,1320.0,LB / ACRE,
28027,MS,COAHOMA,2015,COTTON,UPLAND,IRRIGATED,irrigated,ALL UTILIZATION PRACTICES,1226.0,LB / ACRE,
28027,MS,COAHOMA,2014,COTTON,UPLAND,IRRIGATED,irrigated,ALL UTILIZATION PRACTICES,1359.0,LB / ACRE,
28027,MS,COAHOMA,2013,COTTON,UPLAND,IRRIGATED,irrigated,ALL UTILIZATION PRACTICES,1363.0,LB / ACRE,
28027,MS,COAHOMA,2012,COTTON,UPLAND,IRRIGATED,irrigated,ALL UTILIZATION PRACTICES,1181.0,LB / ACRE,
28027,MS,COAHOMA,2011,COTTON,UPLAND,IRRIGATED,irrigated,ALL UTILIZATION PRACTICES,1080.0,LB / ACRE,
28027,MS,COAHOMA,2010,COTTON,UPLAND,IRRIGATED,irrigated,ALL UTILIZATION PRACTICES,1151.0,LB / ACRE,
28027,MS,COAHOMA,2009,COTTON,UPLAND,IRRIGATED,irrigated,ALL UTILIZATION PRACTICES,847.0,LB / ACRE,
28027,MS,COAHOMA,2008,COTTON,UPLAND,IRRIGATED,irrigated,ALL UTILIZATION PRACTICES,1179.0,LB / ACRE,
28119,MS,QUITMAN,2016,COTTON,UPLAND,IRRIGATED,irrigated,ALL UTILIZATION PRACTICES,1286.0,LB / ACRE,
28119,MS,QUITMAN,2015,COTTON,UPLAND,IRRIGATED,irrigated,ALL UTILIZATION PRACTICES,1255.0,LB / ACRE,
28119,MS,QUITMAN,2014,COTTON,UPLAND,IRRIGATED,irrigated,ALL UTILIZATION PRACTICES,1321.0,LB / ACRE,
28119,MS,QUITMAN,2012,COTTON,UPLAND,IRRIGATED,irrigated,ALL UTILIZATION PRACTICES,1187.0,LB / ACRE,
28119,MS,QUITMAN,2010,COTTON,UPLAND,IRRIGATED,irrigated,ALL UTILIZATION PRACTICES,1244.0,LB / ACRE,
28119,MS,QUITMAN,2009,COTTON,UPLAND,IRRIGATED,irrigated,ALL UTILIZATION PRACTICES,1003.0,LB / ACRE,
28135,MS,TALLAHATCHIE,2018,COTTON,UPLAND,IRRIGATED,irrigated,ALL UTILIZATION PRACTICES,1258.0,LB / ACRE,
28143,MS,TUNICA,2017,COTTON,UPLAND,IRRIGATED,irrigated,ALL UTILIZATION PRACTICES,1114.0,LB / ACRE,
28143,MS,TUNICA,2016,COTTON,UPLAND,IRRIGATED,irrigated,ALL UTILIZATION PRACTICES,1224.0,LB / ACRE,
28143,MS,TUNICA,2013,COTTON,UPLAND,IRRIGATED,irrigated,ALL UTILIZATION PRACTICES,1355.0,LB / ACRE,
28143,MS,TUNICA,2012,COTTON,UPLAND,IRRIGATED,irrigated,ALL UTILIZATION PRACTICES,1175.0,LB / ACRE,
28143,MS,TUNICA,2011,COTTON,UPLAND,IRRIGATED,irrigated,ALL UTILIZATION PRACTICES,1198.0,LB / ACRE,
28143,MS,TUNICA,2010,COTTON,UPLAND,IRRIGATED,irrigated,ALL UTILIZATION PRACTICES,895.0,LB / ACRE,
28143,MS,TUNICA,2009,COTTON,UPLAND,IRRIGATED,irrigated,ALL UTILIZATION PRACTICES,780.0,LB / ACRE,
28143,MS,TUNICA,2008,COTTON,UPLAND,IRRIGATED,irrigated,ALL UTILIZATION PRACTICES,1098.0,LB / ACRE,
28043,MS,GRENADA,2016,COTTON,UPLAND,IRRIGATED,irrigated,ALL UTILIZATION PRACTICES,1369.0,LB / ACRE,
28107,MS,PANOLA,2018,COTTON,UPLAND,IRRIGATED,irrigated,ALL UTILIZATION PRACTICES,1027.0,LB / ACRE,
28107,MS,PANOLA,2017,COTTON,UPLAND,IRRIGATED,irrigated,ALL UTILIZATION PRACTICES,1001.0,LB / ACRE,
28107,MS,PANOLA,2016,COTTON,UPLAND,IRRIGATED,irrigated,ALL UTILIZATION PRACTICES,1248.0,LB / ACRE,
28107,MS,PANOLA,2010,COTTON,UPLAND,IRRIGATED,irrigated,ALL UTILIZATION PRACTICES,1048.0,LB / ACRE,
28107,MS,PANOLA,2009,COTTON,UPLAND,IRRIGATED,irrigated,ALL UTILIZATION PRACTICES,1011.0,LB / ACRE,
28107,MS,PANOLA,2008,COTTON,UPLAND,IRRIGATED,irrigated,ALL UTILIZATION PRACTICES,1029.0,LB / ACRE,
28053,MS,HUMPHREYS,2018,COTTON,UPLAND,IRRIGATED,irrigated,ALL UTILIZATION PRACTICES,1206.0,LB / ACRE,
28053,MS,HUMPHREYS,2017,COTTON,UPLAND,IRRIGATED,irrigated,ALL UTILIZATION PRACTICES,1117.0,LB / ACRE,
28053,MS,HUMPHREYS,2014,COTTON,UPLAND,IRRIGATED,irrigated,ALL UTILIZATION PRACTICES,1430.0,LB / ACRE,
28053,MS,HUMPHREYS,2012,COTTON,UPLAND,IRRIGATED,irrigated,ALL UTILIZATION PRACTICES,1149.0,LB / ACRE,
28053,MS,HUMPHREYS,2011,COTTON,UPLAND,IRRIGATED,irrigated,ALL UTILIZATION PRACTICES,1152.0,LB / ACRE,
28053,MS,HUMPHREYS,2010,COTTON,UPLAND,IRRIGATED,irrigated,ALL UTILIZATION PRACTICES,1214.0,LB / ACRE,
28053,MS,HUMPHREYS,2009,COTTON,UPLAND,IRRIGATED,irrigated,ALL UTILIZATION PRACTICES,770.0,LB / ACRE,
28053,MS,HUMPHREYS,2008,COTTON,UPLAND,IRRIGATED,irrigated,ALL UTILIZATION PRACTICES,1056.0,LB / ACRE,
28083,MS,LEFLORE,2017,COTTON,UPLAND,IRRIGATED,irrigated,ALL UTILIZATION PRACTICES,1014.0,LB / ACRE,
28083,MS,LEFLORE,2014,COTTON,UPLAND,IRRIGATED,irrigated,ALL UTILIZATION PRACTICES,1296.0,LB / ACRE,
28083,MS,LEFLORE,2013,COTTON,UPLAND,IRRIGATED,irrigated,ALL UTILIZATION PRACTICES,1410.0,LB / ACRE,
28083,MS,LEFLORE,2012,COTTON,UPLAND,IRRIGATED,irrigated,ALL UTILIZATION PRACTICES,1094.0,LB / ACRE,
28083,MS,LEFLORE,2011,COTTON,UPLAND,IRRIGATED,irrigated,ALL UTILIZATION PRACTICES,969.0,LB / ACRE,
28083,MS,LEFLORE,2010,COTTON,UPLAND,IRRIGATED,irrigated,ALL UTILIZATION PRACTICES,1300.0,LB / ACRE,
28083,MS,LEFLORE,2009,COTTON,UPLAND,IRRIGATED,irrigated,ALL UTILIZATION PRACTICES,632.0,LB / ACRE,
28083,MS,LEFLORE,2008,COTTON,UPLAND,IRRIGATED,irrigated,ALL UTILIZATION PRACTICES,949.0,LB / ACRE,
28125,MS,SHARKEY,2012,COTTON,UPLAND,IRRIGATED,irrigated,ALL UTILIZATION PRACTICES,1051.0,LB / ACRE,
28125,MS,SHARKEY,2011,COTTON,UPLAND,IRRIGATED,irrigated,ALL UTILIZATION PRACTICES,1117.0,LB / ACRE,
28125,MS,SHARKEY,2009,COTTON,UPLAND,IRRIGATED,irrigated,ALL UTILIZATION PRACTICES,833.0,LB / ACRE,
28125,MS,SHARKEY,2008,COTTON,UPLAND,IRRIGATED,irrigated,ALL UTILIZATION PRACTICES,960.0,LB / ACRE,
28133,MS,SUNFLOWER,2011,COTTON,UPLAND,IRRIGATED,irrigated,ALL UTILIZATION PRACTICES,993.0,LB / ACRE,
28151,MS,WASHINGTON,2011,COTTON,UPLAND,IRRIGATED,irrigated,ALL UTILIZATION PRACTICES,871.0,LB / ACRE,
28151,MS,WASHINGTON,2010,COTTON,UPLAND,IRRIGATED,irrigated,ALL UTILIZATION PRACTICES,1240.0,LB / ACRE,
28151,MS,WASHINGTON,2009,COTTON,UPLAND,IRRIGATED,irrigated,ALL UTILIZATION PRACTICES,745.0,LB / ACRE,
28151,MS,WASHINGTON,2008,COTTON,UPLAND,IRRIGATED,irrigated,ALL UTILIZATION PRACTICES,897.0,LB / ACRE,
28163,MS,YAZOO,2018,COTTON,UPLAND,IRRIGATED,irrigated,ALL UTILIZATION PRACTICES,1325.0,LB / ACRE,
28163,MS,YAZOO,2017,COTTON,UPLAND,IRRIGATED,irrigated,ALL UTILIZATION PRACTICES,1100.0,LB / ACRE,
28163,MS,YAZOO,2016,COTTON,UPLAND,IRRIGATED,irrigated,ALL UTILIZATION PRACTICES,1268.0,LB / ACRE,
28163,MS,YAZOO,2013,COTTON,UPLAND,IRRIGATED,irrigated,ALL UTILIZATION PRACTICES,1504.0,LB / ACRE,
28163,MS,YAZOO,2012,COTTON,UPLAND,IRRIGATED,irrigated,ALL UTILIZATION PRACTICES,1159.0,LB / ACRE,
28163,MS,YAZOO,2010,COTTON,UPLAND,IRRIGATED,irrigated,ALL UTILIZATION PRACTICES,1094.0,LB / ACRE,
28163,MS,YAZOO,2009,COTTON,UPLAND,IRRIGATED,irrigated,ALL UTILIZATION PRACTICES,708.0,LB / ACRE,
28163,MS,YAZOO,2008,COTTON,UPLAND,IRRIGATED,irrigated,ALL UTILIZATION PRACTICES,1052.0,LB / ACRE,
28015,MS,CARROLL,2010,COTTON,UPLAND,IRRIGATED,irrigated,ALL UTILIZATION PRACTICES,1300.0,LB / ACRE,
28051,MS,HOLMES,2018,COTTON,UPLAND,IRRIGATED,irrigated,ALL UTILIZATION PRACTICES,1134.0,LB / ACRE,
28051,MS,HOLMES,2017,COTTON,UPLAND,IRRIGATED,irrigated,ALL UTILIZATION PRACTICES,1047.0,LB / ACRE,
28051,MS,HOLMES,2012,COTTON,UPLAND,IRRIGATED,irrigated,ALL UTILIZATION PRACTICES,1171.0,LB / ACRE,
28051,MS,HOLMES,2011,COTTON,UPLAND,IRRIGATED,irrigated,ALL UTILIZATION PRACTICES,1061.0,LB / ACRE,
28051,MS,HOLMES,2010,COTTON,UPLAND,IRRIGATED,irrigated,ALL UTILIZATION PRACTICES,1019.0,LB / ACRE,
28103,MS,NOXUBEE,2016,COTTON,UPLAND,IRRIGATED,irrigated,ALL UTILIZATION PRACTICES,1540.0,LB / ACRE,
28103,MS,NOXUBEE,2011,COTTON,UPLAND,IRRIGATED,irrigated,ALL UTILIZATION PRACTICES,1390.0,LB / ACRE,
28011,MS,BOLIVAR,2008,COTTON,UPLAND,NON-IRRIGATED,non_irrigated,ALL UTILIZATION PRACTICES,826.0,LB / ACRE,
28027,MS,COAHOMA,2018,COTTON,UPLAND,NON-IRRIGATED,non_irrigated,ALL UTILIZATION PRACTICES,1131.0,LB / ACRE,
28027,MS,COAHOMA,2017,COTTON,UPLAND,NON-IRRIGATED,non_irrigated,ALL UTILIZATION PRACTICES,973.0,LB / ACRE,
28027,MS,COAHOMA,2016,COTTON,UPLAND,NON-IRRIGATED,non_irrigated,ALL UTILIZATION PRACTICES,1213.0,LB / ACRE,
28027,MS,COAHOMA,2015,COTTON,UPLAND,NON-IRRIGATED,non_irrigated,ALL UTILIZATION PRACTICES,950.0,LB / ACRE,
28027,MS,COAHOMA,2014,COTTON,UPLAND,NON-IRRIGATED,non_irrigated,ALL UTILIZATION PRACTICES,1108.0,LB / ACRE,
28027,MS,COAHOMA,2013,COTTON,UPLAND,NON-IRRIGATED,non_irrigated,ALL UTILIZATION PRACTICES,1202.0,LB / ACRE,
28027,MS,COAHOMA,2012,COTTON,UPLAND,NON-IRRIGATED,non_irrigated,ALL UTILIZATION PRACTICES,938.0,LB / ACRE,
28027,MS,COAHOMA,2011,COTTON,UPLAND,NON-IRRIGATED,non_irrigated,ALL UTILIZATION PRACTICES,795.0,LB / ACRE,
28027,MS,COAHOMA,2010,COTTON,UPLAND,NON-IRRIGATED,non_irrigated,ALL UTILIZATION PRACTICES,951.0,LB / ACRE,
28027,MS,COAHOMA,2009,COTTON,UPLAND,NON-IRRIGATED,non_irrigated,ALL UTILIZATION PRACTICES,758.0,LB / ACRE,
28027,MS,COAHOMA,2008,COTTON,UPLAND,NON-IRRIGATED,non_irrigated,ALL UTILIZATION PRACTICES,960.0,LB / ACRE,
28119,MS,QUITMAN,2016,COTTON,UPLAND,NON-IRRIGATED,non_irrigated,ALL UTILIZATION PRACTICES,1112.0,LB / ACRE,
28119,MS,QUITMAN,2015,COTTON,UPLAND,NON-IRRIGATED,non_irrigated,ALL UTILIZATION PRACTICES,1166.0,LB / ACRE,
28119,MS,QUITMAN,2014,COTTON,UPLAND,NON-IRRIGATED,non_irrigated,ALL UTILIZATION PRACTICES,1111.0,LB / ACRE,
28119,MS,QUITMAN,2012,COTTON,UPLAND,NON-IRRIGATED,non_irrigated,ALL UTILIZATION PRACTICES,904.0,LB / ACRE,
28119,MS,QUITMAN,2010,COTTON,UPLAND,NON-IRRIGATED,non_irrigated,ALL UTILIZATION PRACTICES,937.0,LB / ACRE,
28119,MS,QUITMAN,2009,COTTON,UPLAND,NON-IRRIGATED,non_irrigated,ALL UTILIZATION PRACTICES,934.0,LB / ACRE,
28135,MS,TALLAHATCHIE,2018,COTTON,UPLAND,NON-IRRIGATED,non_irrigated,ALL UTILIZATION PRACTICES,1117.0,LB / ACRE,
28143,MS,TUNICA,2017,COTTON,UPLAND,NON-IRRIGATED,non_irrigated,ALL UTILIZATION PRACTICES,1042.0,LB / ACRE,
28143,MS,TUNICA,2016,COTTON,UPLAND,NON-IRRIGATED,non_irrigated,ALL UTILIZATION PRACTICES,1023.0,LB / ACRE,
28143,MS,TUNICA,2013,COTTON,UPLAND,NON-IRRIGATED,non_irrigated,ALL UTILIZATION PRACTICES,1094.0,LB / ACRE,
28143,MS,TUNICA,2012,COTTON,UPLAND,NON-IRRIGATED,non_irrigated,ALL UTILIZATION PRACTICES,823.0,LB / ACRE,
28143,MS,TUNICA,2011,COTTON,UPLAND,NON-IRRIGATED,non_irrigated,ALL UTILIZATION PRACTICES,778.0,LB / ACRE,
28143,MS,TUNICA,2010,COTTON,UPLAND,NON-IRRIGATED,non_irrigated,ALL UTILIZATION PRACTICES,858.0,LB / ACRE,
28143,MS,TUNICA,2009,COTTON,UPLAND,NON-IRRIGATED,non_irrigated,ALL UTILIZATION PRACTICES,751.0,LB / ACRE,
28143,MS,TUNICA,2008,COTTON,UPLAND,NON-IRRIGATED,non_irrigated,ALL UTILIZATION PRACTICES,945.0,LB / ACRE,
28013,MS,CALHOUN,2018,COTTON,UPLAND,NON-IRRIGATED,non_irrigated,ALL UTILIZATION PRACTICES,920.0,LB / ACRE,
28013,MS,CALHOUN,2010,COTTON,UPLAND,NON-IRRIGATED,non_irrigated,ALL UTILIZATION PRACTICES,743.0,LB / ACRE,
28013,MS,CALHOUN,2009,COTTON,UPLAND,NON-IRRIGATED,non_irrigated,ALL UTILIZATION PRACTICES,435.0,LB / ACRE,
28013,MS,CALHOUN,2008,COTTON,UPLAND,NON-IRRIGATED,non_irrigated,ALL UTILIZATION PRACTICES,752.0,LB / ACRE,
28043,MS,GRENADA,2016,COTTON,UPLAND,NON-IRRIGATED,non_irrigated,ALL UTILIZATION PRACTICES,1200.0,LB / ACRE,
28071,MS,LAFAYETTE,2018,COTTON,UPLAND,NON-IRRIGATED,non_irrigated,ALL UTILIZATION PRACTICES,951.0,LB / ACRE,
28071,MS,LAFAYETTE,2017,COTTON,UPLAND,NON-IRRIGATED,non_irrigated,ALL UTILIZATION PRACTICES,1097.0,LB / ACRE,
28071,MS,LAFAYETTE,2009,COTTON,UPLAND,NON-IRRIGATED,non_irrigated,ALL UTILIZATION PRACTICES,621.0,LB / ACRE,
28093,MS,MARSHALL,2018,COTTON,UPLAND,NON-IRRIGATED,non_irrigated,ALL UTILIZATION PRACTICES,1020.0,LB / ACRE,
28107,MS,PANOLA,2018,COTTON,UPLAND,NON-IRRIGATED,non_irrigated,ALL UTILIZATION PRACTICES,995.0,LB / ACRE,
28107,MS,PANOLA,2017,COTTON,UPLAND,NON-IRRIGATED,non_irrigated,ALL UTILIZATION PRACTICES,949.0,LB / ACRE,
28107,MS,PANOLA,2016,COTTON,UPLAND,NON-IRRIGATED,non_irrigated,ALL UTILIZATION PRACTICES,1130.0,LB / ACRE,
28107,MS,PANOLA,2010,COTTON,UPLAND,NON-IRRIGATED,non_irrigated,ALL UTILIZATION PRACTICES,839.0,LB / ACRE,
28107,MS,PANOLA,2009,COTTON,UPLAND,NON-IRRIGATED,non_irrigated,ALL UTILIZATION PRACTICES,885.0,LB / ACRE,
28107,MS,PANOLA,2008,COTTON,UPLAND,NON-IRRIGATED,non_irrigated,ALL UTILIZATION PRACTICES,971.0,LB / ACRE,
28137,MS,TATE,2017,COTTON,UPLAND,NON-IRRIGATED,non_irrigated,ALL UTILIZATION PRACTICES,952.0,LB / ACRE,
28137,MS,TATE,2010,COTTON,UPLAND,NON-IRRIGATED,non_irrigated,ALL UTILIZATION PRACTICES,983.0,LB / ACRE,
28137,MS,TATE,2009,COTTON,UPLAND,NON-IRRIGATED,non_irrigated,ALL UTILIZATION PRACTICES,740.0,LB / ACRE,
28137,MS,TATE,2008,COTTON,UPLAND,NON-IRRIGATED,non_irrigated,ALL UTILIZATION PRACTICES,1108.0,LB / ACRE,
28161,MS,YALOBUSHA,2009,COTTON,UPLAND,NON-IRRIGATED,non_irrigated,ALL UTILIZATION PRACTICES,622.0,LB / ACRE,
28081,MS,LEE,2015,COTTON,UPLAND,NON-IRRIGATED,non_irrigated,ALL UTILIZATION PRACTICES,868.0,LB / ACRE,
28115,MS,PONTOTOC,2010,COTTON,UPLAND,NON-IRRIGATED,non_irrigated,ALL UTILIZATION PRACTICES,790.0,LB / ACRE,
28141,MS,TISHOMINGO,2008,COTTON,UPLAND,NON-IRRIGATED,non_irrigated,ALL UTILIZATION PRACTICES,829.0,LB / ACRE,
28053,MS,HUMPHREYS,2018,COTTON,UPLAND,NON-IRRIGATED,non_irrigated,ALL UTILIZATION PRACTICES,1100.0,LB / ACRE,
28053,MS,HUMPHREYS,2017,COTTON,UPLAND,NON-IRRIGATED,non_irrigated,ALL UTILIZATION PRACTICES,1087.0,LB / ACRE,
28053,MS,HUMPHREYS,2014,COTTON,UPLAND,NON-IRRIGATED,non_irrigated,ALL UTILIZATION PRACTICES,1288.0,LB / ACRE,
28053,MS,HUMPHREYS,2012,COTTON,UPLAND,NON-IRRIGATED,non_irrigated,ALL UTILIZATION PRACTICES,1006.0,LB / ACRE,
28053,MS,HUMPHREYS,2011,COTTON,UPLAND,NON-IRRIGATED,non_irrigated,ALL UTILIZATION PRACTICES,988.0,LB / ACRE,
28053,MS,HUMPHREYS,2010,COTTON,UPLAND,NON-IRRIGATED,non_irrigated,ALL UTILIZATION PRACTICES,1155.0,LB / ACRE,
28053,MS,HUMPHREYS,2009,COTTON,UPLAND,NON-IRRIGATED,non_irrigated,ALL UTILIZATION PRACTICES,573.0,LB / ACRE,
28053,MS,HUMPHREYS,2008,COTTON,UPLAND,NON-IRRIGATED,non_irrigated,ALL UTILIZATION PRACTICES,891.0,LB / ACRE,
28083,MS,LEFLORE,2017,COTTON,UPLAND,NON-IRRIGATED,non_irrigated,ALL UTILIZATION PRACTICES,971.0,LB / ACRE,
28083,MS,LEFLORE,2014,COTTON,UPLAND,NON-IRRIGATED,non_irrigated,ALL UTILIZATION PRACTICES,1120.0,LB / ACRE,
28083,MS,LEFLORE,2013,COTTON,UPLAND,NON-IRRIGATED,non_irrigated,ALL UTILIZATION PRACTICES,864.0,LB / ACRE,
28083,MS,LEFLORE,2012,COTTON,UPLAND,NON-IRRIGATED,non_irrigated,ALL UTILIZATION PRACTICES,805.0,LB / ACRE,
28083,MS,LEFLORE,2011,COTTON,UPLAND,NON-IRRIGATED,non_irrigated,ALL UTILIZATION PRACTICES,754.0,LB / ACRE,
28083,MS,LEFLORE,2010,COTTON,UPLAND,NON-IRRIGATED,non_irrigated,ALL UTILIZATION PRACTICES,819.0,LB / ACRE,
28083,MS,LEFLORE,2009,COTTON,UPLAND,NON-IRRIGATED,non_irrigated,ALL UTILIZATION PRACTICES,521.0,LB / ACRE,
28083,MS,LEFLORE,2008,COTTON,UPLAND,NON-IRRIGATED,non_irrigated,ALL UTILIZATION PRACTICES,783.0,LB / ACRE,
28125,MS,SHARKEY,2012,COTTON,UPLAND,NON-IRRIGATED,non_irrigated,ALL UTILIZATION PRACTICES,1061.0,LB / ACRE,
28125,MS,SHARKEY,2011,COTTON,UPLAND,NON-IRRIGATED,non_irrigated,ALL UTILIZATION PRACTICES,1229.0,LB / ACRE,
28125,MS,SHARKEY,2009,COTTON,UPLAND,NON-IRRIGATED,non_irrigated,ALL UTILIZATION PRACTICES,699.0,LB / ACRE,
28125,MS,SHARKEY,2008,COTTON,UPLAND,NON-IRRIGATED,non_irrigated,ALL UTILIZATION PRACTICES,861.0,LB / ACRE,
28133,MS,SUNFLOWER,2011,COTTON,UPLAND,NON-IRRIGATED,non_irrigated,ALL UTILIZATION PRACTICES,675.0,LB / ACRE,
28151,MS,WASHINGTON,2011,COTTON,UPLAND,NON-IRRIGATED,non_irrigated,ALL UTILIZATION PRACTICES,629.0,LB / ACRE,
28151,MS,WASHINGTON,2010,COTTON,UPLAND,NON-IRRIGATED,non_irrigated,ALL UTILIZATION PRACTICES,720.0,LB / ACRE,
28151,MS,WASHINGTON,2009,COTTON,UPLAND,NON-IRRIGATED,non_irrigated,ALL UTILIZATION PRACTICES,625.0,LB / ACRE,
28151,MS,WASHINGTON,2008,COTTON,UPLAND,NON-IRRIGATED,non_irrigated,ALL UTILIZATION PRACTICES,582.0,LB / ACRE,
28163,MS,YAZOO,2018,COTTON,UPLAND,NON-IRRIGATED,non_irrigated,ALL UTILIZATION PRACTICES,1149.0,LB / ACRE,
28163,MS,YAZOO,2017,COTTON,UPLAND,NON-IRRIGATED,non_irrigated,ALL UTILIZATION PRACTICES,937.0,LB / ACRE,
28163,MS,YAZOO,2016,COTTON,UPLAND,NON-IRRIGATED,non_irrigated,ALL UTILIZATION PRACTICES,1265.0,LB / ACRE,
28163,MS,YAZOO,2013,COTTON,UPLAND,NON-IRRIGATED,non_irrigated,ALL UTILIZATION PRACTICES,1180.0,LB / ACRE,
28163,MS,YAZOO,2012,COTTON,UPLAND,NON-IRRIGATED,non_irrigated,ALL UTILIZATION PRACTICES,878.0,LB / ACRE,
28163,MS,YAZOO,2010,COTTON,UPLAND,NON-IRRIGATED,non_irrigated,ALL UTILIZATION PRACTICES,960.0,LB / ACRE,
28163,MS,YAZOO,2009,COTTON,UPLAND,NON-IRRIGATED,non_irrigated,ALL UTILIZATION PRACTICES,483.0,LB / ACRE,
28163,MS,YAZOO,2008,COTTON,UPLAND,NON-IRRIGATED,non_irrigated,ALL UTILIZATION PRACTICES,810.0,LB / ACRE,
28007,MS,ATTALA,2009,COTTON,UPLAND,NON-IRRIGATED,non_irrigated,ALL UTILIZATION PRACTICES,480.0,LB / ACRE,
28015,MS,CARROLL,2010,COTTON,UPLAND,NON-IRRIGATED,non_irrigated,ALL UTILIZATION PRACTICES,1097.0,LB / ACRE,
28051,MS,HOLMES,2018,COTTON,UPLAND,NON-IRRIGATED,non_irrigated,ALL UTILIZATION PRACTICES,1096.0,LB / ACRE,
28051,MS,HOLMES,2017,COTTON,UPLAND,NON-IRRIGATED,non_irrigated,ALL UTILIZATION PRACTICES,1005.0,LB / ACRE,
28051,MS,HOLMES,2012,COTTON,UPLAND,NON-IRRIGATED,non_irrigated,ALL UTILIZATION PRACTICES,966.0,LB / ACRE,
28051,MS,HOLMES,2011,COTTON,UPLAND,NON-IRRIGATED,non_irrigated,ALL UTILIZATION PRACTICES,914.0,LB / ACRE,
28051,MS,HOLMES,2010,COTTON,UPLAND,NON-IRRIGATED,non_irrigated,ALL UTILIZATION PRACTICES,960.0,LB / ACRE,
28089,MS,MADISON,2018,COTTON,UPLAND,NON-IRRIGATED,non_irrigated,ALL UTILIZATION PRACTICES,956.0,LB / ACRE,
28089,MS,MADISON,2017,COTTON,UPLAND,NON-IRRIGATED,non_irrigated,ALL UTILIZATION PRACTICES,998.0,LB / ACRE,
28089,MS,MADISON,2012,COTTON,UPLAND,NON-IRRIGATED,non_irrigated,ALL UTILIZATION PRACTICES,945.0,LB / ACRE,
28089,MS,MADISON,2009,COTTON,UPLAND,NON-IRRIGATED,non_irrigated,ALL UTILIZATION PRACTICES,551.0,LB / ACRE,
28097,MS,MONTGOMERY,2017,COTTON,UPLAND,NON-IRRIGATED,non_irrigated,ALL UTILIZATION PRACTICES,1072.0,LB / ACRE,
28097,MS,MONTGOMERY,2016,COTTON,UPLAND,NON-IRRIGATED,non_irrigated,ALL UTILIZATION PRACTICES,1179.0,LB / ACRE,
28097,MS,MONTGOMERY,2015,COTTON,UPLAND,NON-IRRIGATED,non_irrigated,ALL UTILIZATION PRACTICES,842.0,LB / ACRE,
28097,MS,MONTGOMERY,2013,COTTON,UPLAND,NON-IRRIGATED,non_irrigated,ALL UTILIZATION PRACTICES,951.0,LB / ACRE,
28097,MS,MONTGOMERY,2012,COTTON,UPLAND,NON-IRRIGATED,non_irrigated,ALL UTILIZATION PRACTICES,948.0,LB / ACRE,
28097,MS,MONTGOMERY,2011,COTTON,UPLAND,NON-IRRIGATED,non_irrigated,ALL UTILIZATION PRACTICES,912.0,LB / ACRE,
28097,MS,MONTGOMERY,2010,COTTON,UPLAND,NON-IRRIGATED,non_irrigated,ALL UTILIZATION PRACTICES,993.0,LB / ACRE,
28097,MS,MONTGOMERY,2009,COTTON,UPLAND,NON-IRRIGATED,non_irrigated,ALL UTILIZATION PRACTICES,540.0,LB / ACRE,
28121,MS,RANKIN,2015,COTTON,UPLAND,NON-IRRIGATED,non_irrigated,ALL UTILIZATION PRACTICES,709.0,LB / ACRE,
28155,MS,WEBSTER,2013,COTTON,UPLAND,NON-IRRIGATED,non_irrigated,ALL UTILIZATION PRACTICES,1033.0,LB / ACRE,
28155,MS,WEBSTER,2012,COTTON,UPLAND,NON-IRRIGATED,non_irrigated,ALL UTILIZATION PRACTICES,836.0,LB / ACRE,
28155,MS,WEBSTER,2011,COTTON,UPLAND,NON-IRRIGATED,non_irrigated,ALL UTILIZATION PRACTICES,841.0,LB / ACRE,
28155,MS,WEBSTER,2010,COTTON,UPLAND,NON-IRRIGATED,non_irrigated,ALL UTILIZATION PRACTICES,802.0,LB / ACRE,
28155,MS,WEBSTER,2009,COTTON,UPLAND,NON-IRRIGATED,non_irrigated,ALL UTILIZATION PRACTICES,431.0,LB / ACRE,
28017,MS,CHICKASAW,2008,COTTON,UPLAND,NON-IRRIGATED,non_irrigated,ALL UTILIZATION PRACTICES,591.0,LB / ACRE,
28095,MS,MONROE,2008,COTTON,UPLAND,NON-IRRIGATED,non_irrigated,ALL UTILIZATION PRACTICES,740.0,LB / ACRE,
28103,MS,NOXUBEE,2016,COTTON,UPLAND,NON-IRRIGATED,non_irrigated,ALL UTILIZATION PRACTICES,1295.0,LB / ACRE,
28103,MS,NOXUBEE,2011,COTTON,UPLAND,NON-IRRIGATED,non_irrigated,ALL UTILIZATION PRACTICES,1194.0,LB / ACRE,
28049,MS,HINDS,2015,COTTON,UPLAND,NON-IRRIGATED,non_irrigated,ALL UTILIZATION PRACTICES,798.0,LB / ACRE,
28049,MS,HINDS,2014,COTTON,UPLAND,NON-IRRIGATED,non_irrigated,ALL UTILIZATION PRACTICES,1056.0,LB / ACRE,
28049,MS,HINDS,2013,COTTON,UPLAND,NON-IRRIGATED,non_irrigated,ALL UTILIZATION PRACTICES,1058.0,LB / ACRE,
28149,MS,WARREN,2014,COTTON,UPLAND,NON-IRRIGATED,non_irrigated,ALL UTILIZATION PRACTICES,1102.0,LB / ACRE,
