state_alpha,county_fips,year,irrigated,non_irrigated,PRCP,EDD_TMAX,VPD,TMAX,COVERAGE_MIN,irrigated_a,non_irrigated_a,PRCP_a,EDD_TMAX_a,VPD_a,TMAX_a,irrigated_dt,non_irrigated_dt,PRCP_dt,EDD_TMAX_dt,VPD_dt,TMAX_dt,gap
KS,20013,2011,197.1,160.6,3.638208863010268,3.88704235144054,1.6908577549527657,29.96422343774708,1.0,-14.359999999999985,9.799999999999983,0.3652713492548263,1.0532269753137071,0.1605126373361132,1.2825279862896934,-8.537937638764785,14.406274974015233,0.4643390604597172,1.0380315070863226,0.1608436518333451,1.3776608462173585,36.5
KS,20013,2012,198.0,112.8,2.205088085350844,4.438011891593941,2.0519753268195324,31.609545453093403,1.0,-13.45999999999998,-38.000000000000014,-1.0678494284045974,1.6041965154671085,0.52163020920288,2.927850001636017,-9.877192393086087,-35.16536924675992,-1.0068846830477427,1.5948454580964107,0.5218339104319457,2.9863933000530403,85.2
KS,20013,2013,218.3,170.4,3.51840301000941,3.22899157256728,1.5673493304849944,28.69201418600053,1.0,6.840000000000032,19.599999999999994,0.2454654962539684,0.3951761964404472,0.03700421286834188,0.010318734543144359,8.183552852592614,20.662986532464927,0.2683272757627867,0.3916695499264358,0.037080600829241535,0.032272471449526045,47.900000000000006
KS,20013,2014,222.5,195.2,3.513422733815741,0.8308091611142069,1.1531051860608883,25.95786482790713,1.0,11.04000000000002,44.39999999999998,0.24048522006029938,-2.003006215012626,-0.3772399315557642,-2.7238306235502563,10.144298098271292,43.69134231168975,0.2252440337210814,-2.000668450669951,-0.37729085686303065,-2.7384664481545165,27.30000000000001
KS,20013,2018,221.4,115.0,3.489564876590945,1.7842219039181948,1.188437989765082,27.18482935253878,1.0,9.940000000000026,-35.80000000000001,0.21662736283550332,-1.049593472208638,-0.3419071278515704,-1.4968660989186056,0.0872790809860593,-43.59523457141087,0.04897431310414019,-1.0238780644392165,-0.34246730623150134,-1.6578601695654323,106.4
KS,20023,2010,210.0,86.7,2.38039297280815,2.112874594889419,1.4796364919583846,27.44796158978372,1.0,22.099999999999994,11.379999999999995,0.1922608993607824,-0.3964961698110776,-0.14037823800411187,-0.5794552871656613,29.265615213828287,17.049261506480583,0.3141903900745002,-0.41519828455247487,-0.1399708355459803,-0.4623686903316062,123.3
KS,20023,2011,175.1,72.7,2.211004507067096,3.0717605404762462,1.7308231300495067,28.47290053876913,1.0,-12.800000000000011,-2.6200000000000045,0.022872433619728127,0.5623897757757494,0.1108084000870102,0.4454836618197504,-7.873639540493028,1.277617285705424,0.1066989584854097,0.5495320718910387,0.11108848927697566,0.5259806971431638,102.39999999999999
KS,20023,2012,153.7,15.5,1.2694857873403564,3.7260612105838775,2.153994294738651,30.52565864673522,1.0,-34.20000000000002,-59.82000000000001,-0.9186462861070113,1.2166904458833807,0.5339795647761543,2.498241769785839,-31.512894294814345,-57.694026935069736,-0.872922727089366,1.2096771528553565,0.5341323406979536,2.5421492435986104,138.2
KS,20023,2016,204.8,111.0,2.635932962596883,1.9321178272269308,1.3499604205431264,27.00063404609719,1.0,16.900000000000006,35.67999999999999,0.4478008891495153,-0.577252937473566,-0.27005430941937014,-1.0267828308521914,10.630086687900441,30.71939618182963,0.34111258477501544,-0.5608885870748439,-0.27041078657023526,-1.1292336030819865,93.80000000000001
KS,20023,2017,195.9,90.7,2.443844137424354,1.7040396503260102,1.385659312522815,26.68992956336165,1.0,8.0,15.379999999999995,0.2557120639769863,-0.8053311143744866,-0.23435541743968158,-1.337487313587733,-0.5091680664208749,8.647751961054475,0.11092079375445016,-0.783122353119078,-0.23483920785871282,-1.4765276473281697,105.2
KS,20027,2008,178.0,124.0,3.259207826990292,1.217602101859102,1.043586170661036,26.17229259220682,1.0,-10.824999999999989,7.900000000000006,-0.10432680125308824,-0.6482176304565253,-0.1874238706718534,-1.3778867327705306,0.9310874601868875,17.201132159069587,0.09571376944910229,-0.6789007874541296,-0.1867554760139813,-1.1857915348396617,54.0
KS,20027,2010,178.9,123.4,3.567085311704249,2.1519048453664897,1.256235355061902,28.261601929830544,1.0,-9.924999999999983,7.300000000000011,0.2035506834608687,0.2860851130508626,0.0252253137290126,0.711422604853194,-2.6474220484557263,13.057843717519276,0.3273853224669866,0.26709077776663126,0.025639081850552473,0.8303386797627794,55.5
KS,20027,2017,202.8,116.7,3.050123383035037,1.7562106323529925,1.2827233121992505,27.62312383740241,1.0,13.975000000000023,0.6000000000000085,-0.3134112452083433,-0.10960909996263468,0.051713270866361016,0.07294451242506028,5.577794671295111,-6.0436658279068345,-0.45629736713847935,-0.08769255925006009,0.05123584611073809,-0.06426634323984604,86.10000000000001
KS,20027,2018,195.6,100.3,3.577721991243944,2.3375613496839245,1.3414953274093695,28.143698940469623,1.0,6.775000000000006,-15.799999999999997,0.21418736300056374,0.47174161736829734,0.11048528607648,0.5935196154922728,-3.8614600830262162,-24.215310048682,0.033198275222391355,0.4995025689375585,0.10988054805269096,0.41971919831672483,95.3
KS,20029,2009,199.0,139.0,2.8223558986881354,1.2568547380524966,1.0372822009516631,26.037090773362312,1.0,13.140000000000015,24.159999999999997,-0.1394703428448234,-1.5974060905293048,-0.47638328153110043,-2.5885445409864616,19.857764262963943,29.47493266232547,-0.02516144530071454,-1.6149393230993645,-0.4760013417266021,-2.4787758564545364,60.0
KS,20029,2011,168.5,107.2,3.346377504862981,3.855236632324393,1.7346294447149704,29.874058206473173,1.0,-17.359999999999985,-7.640000000000001,0.3845512633300223,1.0009758037425915,0.22096396223220682,1.248422892124399,-15.120745245678675,-5.868355779224842,0.4226542291780586,0.995131392885905,0.22109127550037294,1.2850124536350407,61.3
KS,20029,2012,173.1,54.4,2.066724118755573,4.329111723991925,2.070526770137157,31.467839161910103,1.0,-12.759999999999991,-60.440000000000005,-0.8951021227773857,1.4748508954101238,0.5568612876543932,2.842203847561329,-12.759999999999991,-60.440000000000005,-0.8951021227773857,1.4748508954101238,0.5568612876543932,2.842203847561329,118.69999999999999
KS,20029,2013,183.3,123.1,3.0989737987118557,3.1364324622623623,1.583445515470738,28.493384175053816,1.0,-2.559999999999974,8.259999999999991,0.13714755717889693,0.28217163368056086,0.06978003298797453,-0.1322511392949579,-4.799254754321284,6.4883557792248325,0.09904459133086063,0.28801604453724744,0.06965271971980841,-0.1688407008055996,60.20000000000002
KS,20029,2015,205.4,150.5,3.474699886646249,1.6936685862778285,1.1424434811392894,27.25580425494446,1.0,19.54000000000002,35.66,0.5128736451132903,-1.160592242303973,-0.37122200134347416,-1.3698310594043122,12.822235737036092,30.34506733767452,0.39856474756918137,-1.1430590097339133,-0.3716039411479725,-1.4795997439362372,54.900000000000006
KS,20039,2011,156.0,93.7,2.6145540297013983,3.466335798501443,1.7439796497653492,29.304810560959147,1.0,-5.824999999999989,36.85,0.6326465207802292,0.25445410080606434,0.015261249678202748,0.14313083440382357,-1.9063041799376967,39.95037738635653,0.6993267110142927,0.24422638180686287,0.01548404789749345,0.2071625670474465,62.3
KS,20039,2012,147.7,24.9,1.2410077650763571,4.157290971972561,2.159401515735586,31.17350941044421,1.0,-14.125,-31.950000000000003,-0.7408997438448119,0.945409274277182,0.43068311564843964,2.0118296838888874,-12.445558934259019,-30.621266834418634,-0.7123225194587848,0.9410259661346672,0.43077860059956424,2.0392718550218687,122.79999999999998
KS,20039,2013,155.9,30.5,1.673246427225166,3.006725122306001,1.6244062695996375,28.35579589891143,1.0,-5.924999999999983,-26.35,-0.30866108169600315,-0.2051565753893776,-0.10431213048750898,-0.8058838276438927,-6.48481368858031,-26.79291105519379,-0.3181868231580122,-0.20369547267520596,-0.10434395880455051,-0.8150312180215531,125.4
KS,20039,2015,187.7,78.3,2.3988218136817547,2.2171748980015096,1.3870861652480126,27.812603035906506,1.0,25.875,21.449999999999996,0.41691430476058566,-0.9947067996938692,-0.34163223483913385,-1.3490766906488183,20.836676802777053,17.46380050325589,0.331182631602504,-0.9815568752663245,-0.3419186896925076,-1.431403204047762,109.39999999999999
KS,20043,2013,191.3,170.8,3.207554147499289,3.098529408812325,1.5369228606192602,28.582339787577368,1.0,-8.375,-17.0,-0.6170951191924323,1.5523078521629345,0.36364634914743,1.5845465939421608,-3.8964904913573806,-13.456711558449683,-0.5408891874963597,1.5406190304495615,0.36390097568376223,1.6577257169634443,20.5
KS,20043,2014,210.0,209.0,3.824939022996933,0.6899562937113597,1.127790118934275,25.694749640741826,1.0,10.324999999999989,21.19999999999999,0.00028975630521177465,-0.8562652629380307,-0.045486392537555265,-1.3030435528933815,12.564254754321299,22.971644220775147,0.038392722153248064,-0.8621096737947173,-0.045359079269389146,-1.2664539913827397,1.0
KS,20043,2016,192.6,186.4,5.339964520330238,1.3389325877480465,0.9747448961222122,27.071703427268417,1.0,-7.075000000000017,-1.4000000000000057,1.5153152536385166,-0.20728896890134396,-0.19853161534961805,0.07391023363321025,-9.314254754321327,-3.171644220775164,1.4772122877904803,-0.2014445580446574,-0.19865892861778417,0.037320672122568566,6.199999999999989
KS,20043,2017,204.8,185.0,2.926139375940424,1.0574679363258304,1.0536481702115732,26.642379918953218,1.0,5.125,-2.8000000000000114,-0.898509890751297,-0.48875362032356007,-0.11962834126025701,-0.3554132746819896,0.6464904913573806,-6.343288441550328,-0.9747158224473695,-0.47706479861018697,-0.11988296779658925,-0.42859239770327295,19.80000000000001
KS,20061,2011,172.5,75.0,2.820764975770239,4.503294448324894,1.889934612545075,30.72717545746601,1.0,-12.099999999999994,-16.075000000000003,-0.13796589067936926,1.1345095280754514,0.18857099838527147,1.278410976618062,-8.74111786851803,-13.417533668837265,-0.08081144190731483,1.1257429117904216,0.18876196828752065,1.3332953188840246,97.5
KS,20061,2012,167.2,50.8,2.325819231191237,4.278829213165639,2.00633675858692,31.362595355220336,1.0,-17.400000000000006,-40.275000000000006,-0.6329116352583712,0.9100442929161963,0.3049731444271164,1.9138308743723869,-16.28037262283935,-39.38917788961243,-0.6138601523343531,0.907122087487853,0.30503680106119946,1.9321256551277077,116.39999999999999
KS,20061,2013,183.3,124.0,3.527563364508678,3.125843012921452,1.5450889022112082,28.565757668155378,1.0,-1.299999999999983,32.925,0.56883249805907,-0.2429419073279906,-0.15627471194859544,-0.883006812692571,-2.419627377160638,32.03917788961242,0.5497810151350518,-0.2400197018996473,-0.1563383685826785,-0.9013015934478918,59.30000000000001
KS,20061,2014,215.4,114.5,3.160775894328278,1.567173006585786,1.364094183296011,27.139529442550067,1.0,30.80000000000001,23.424999999999997,0.20204502787867007,-1.8016119136636566,-0.3372694308637927,-2.3092350382978815,27.44111786851805,20.76753366883726,0.14489057910661562,-1.7928452973786269,-0.33746040076604183,-2.364119380563844,100.9
KS,20063,2010,166.4,81.1,2.686788036102048,2.7151541514664985,1.5332258674545631,28.62494189003434,1.0,-6.037499999999994,4.0249999999999915,0.4023046607612808,-0.12213041536850211,-0.09447940628387208,-0.12662017157497374,1.7998916401245895,10.225754772713046,0.5356650412294078,-0.14258585336690507,-0.09403380984529068,0.00144329371227217,85.30000000000001
KS,20063,2011,188.9,78.5,1.885683844290104,4.057210694250081,1.9982938103636372,30.2486128509396,1.0,16.462500000000006,1.4249999999999972,-0.3987995310506631,1.2199261274150803,0.37058853662520197,1.497050789330288,22.06063688580328,5.854110551937892,-0.3035421164305724,1.205315100273364,0.37090681979561724,1.5885246931068921,110.4
KS,20063,2012,127.9,32.8,1.362877829828373,4.044008908999916,2.1326530301825866,31.13133867509551,1.0,-44.537499999999994,-44.275000000000006,-0.9216055455123942,1.2067243421649154,0.5049477564441514,2.3797766134861966,-41.17861786851803,-41.61753366883727,-0.8644510967403397,1.1979577258798857,0.5051387263464006,2.4346609557521592,95.10000000000001
KS,20063,2013,148.6,52.2,1.9579659516103385,3.0368685686725696,1.661896159741774,28.623930663777543,1.0,-23.837500000000006,-24.875,-0.3265174237304287,0.19958400183756897,0.03419088600333886,-0.12763139783177024,-22.71787262283935,-23.98917788961242,-0.30746594080641054,0.19666179640922568,0.03425454263742192,-0.1093366170764494,96.39999999999999
KS,20063,2014,187.9,82.7,2.62880865968029,2.067444574983184,1.5352888003945515,27.734824966036644,1.0,15.462500000000006,5.625,0.34432528433952303,-0.7698399918518168,-0.0924164733438837,-1.016737095572669,14.342872622839351,4.739177889612421,0.3252738014155049,-0.7669177864234735,-0.09248012997796676,-1.0350318763279898,105.2
KS,20063,2015,206.8,87.6,2.5264272247625543,2.469749798773601,1.4270449318801517,28.261464605322026,1.0,34.36250000000001,10.524999999999991,0.24194384942178715,-0.36753476806139984,-0.20066034185828352,-0.4900974562872875,31.00361786851805,7.867533668837254,0.1847894006497327,-0.35876815177637,-0.2008513117605327,-0.54498179855325,119.20000000000002
KS,20063,2016,181.5,99.9,2.6157411226867877,2.2069330334565267,1.3214515091788277,27.814913077454896,1.0,9.0625,22.825000000000003,0.33125774734602054,-0.6303515333784739,-0.3062537645596075,-0.9366489841544166,3.4643631141967255,18.395889448062107,0.2360003327259298,-0.6157405062367576,-0.3065720477300228,-1.0281228879310207,81.6
KS,20063,2017,171.5,101.8,2.61157433376564,2.1009068040776286,1.411788080711391,27.57246976421393,1.0,-0.9375,24.724999999999994,0.3270909584248729,-0.736377762757372,-0.21591719302704426,-1.179092297395382,-8.774891640124583,18.52424522728694,0.1937305779567459,-0.715922324758969,-0.21636278946562568,-1.3071557626826278,69.7
KS,20071,2010,181.6,69.3,2.1982657202821185,2.675893437055864,1.6452635252145775,28.56039425788097,1.0,-8.060000000000002,5.520000000000003,0.22539569159500195,-0.08727983575004705,-0.09211592256242129,-0.2058701176608544,0.0013171155565085968,11.897919194790411,0.3625663686479291,-0.10831971483411813,-0.09165759479702329,-0.07414769622254763,112.3
KS,20071,2011,195.5,54.5,1.81693753067804,3.723571188974416,2.050332855513392,29.859222367222134,1.0,5.840000000000003,-9.279999999999994,-0.1559324980090766,0.960397916168505,0.31295340773639335,1.0929579916803114,11.662062361235204,-4.673725025984744,-0.05686478680418572,0.9452024479411205,0.31328442223362524,1.1880908516079765,141.0
KS,20071,2012,161.9,16.4,0.9329929067697964,3.6005395898728407,2.116962546010761,30.62785217742729,1.0,-27.75999999999999,-47.379999999999995,-1.0398771219173202,0.8373663170669299,0.37958309823376224,1.8615878018854666,-24.1771923930861,-44.545369246759904,-0.9789123765604656,0.8280152596962319,0.379786799462828,1.92013110030249,145.5
KS,20071,2017,212.9,99.4,2.9166714265234166,1.669265988467659,1.3892588670569217,26.88746148688111,1.0,23.24000000000001,35.62000000000001,0.9438013978363,-1.0939072843382518,-0.3481205807200771,-1.8788028886607115,15.626533835307352,29.59640964936431,0.8142513139529732,-1.074036287425517,-0.34855344583184195,-2.0032073977968965,113.5
KS,20071,2018,196.4,79.3,1.9994825591822123,2.1465961596587757,1.4850794450893414,27.896391588297604,1.0,6.740000000000009,15.520000000000003,0.02661253049509571,-0.6165771131471351,-0.2523000026876574,-0.8698727872442191,-3.1127209190139578,7.724765428589146,-0.14104051923626743,-0.5908617053777138,-0.25286018106758834,-1.0308668578910458,117.10000000000001
KS,20075,2009,218.0,50.0,1.611117330522295,2.090486732284224,1.4713842805603914,27.686112629559148,1.0,39.80000000000001,9.350000000000001,-0.006617264794857691,-0.9935520644153635,-0.320775998610769,-1.565854298899147,44.27850950864263,12.893288441550318,0.06958866690121489,-1.0052408861287365,-0.32052137207443676,-1.4926751758778636,168.0
KS,20075,2010,176.0,45.4,1.8713082877713696,3.32730671138548,1.8005233200851818,29.73409493750913,1.0,-2.1999999999999886,4.75,0.2535736924542169,0.24326791468589226,0.008363040914021402,0.48212800905083597,0.039254754321321084,6.521644220775158,0.2916766583022532,0.2374235038292057,0.008490354182187517,0.5187175705614777,130.6
KS,20075,2011,133.3,32.7,1.306649245266064,4.243639318746608,2.2116384606351573,30.83473658291857,1.0,-44.89999999999998,-7.949999999999996,-0.3110853500510886,1.15960052204702,0.41947818146399696,1.5827696544602752,-44.89999999999998,-7.949999999999996,-0.3110853500510886,1.15960052204702,0.41947818146399696,1.5827696544602752,100.60000000000001
KS,20075,2014,185.5,34.5,1.681863517708882,2.674722424382038,1.6850950554039117,28.75292356384633,1.0,7.300000000000011,-6.149999999999999,0.0641289223917294,-0.4093163723175497,-0.1070652237672487,-0.4990433646119641,0.5822357370360827,-11.464932662325474,-0.05017997515237946,-0.39178313974749,-0.10744716357174704,-0.6088120491438891,151.0
KS,20079,2010,165.6,76.4,3.7890658210230193,2.655625547375816,1.3353057850228545,29.191372075304606,1.0,-11.25,-11.487499999999997,0.17677256812224673,0.1200262120987925,-0.06927030446882143,0.33128420745932274,-1.4532604498442705,-3.73655653410868,0.3434730437074055,0.09445691460078881,-0.06871330892059467,0.49136353906838015,89.19999999999999
KS,20079,2012,166.8,50.1,2.045163871920724,4.424128292302929,2.065532125866398,31.68320439812132,1.0,-10.049999999999983,-37.7875,-1.5671293809800484,1.8885289570259056,0.660956036374722,2.8231165302760353,-4.731769958486872,-33.579844975659,-1.476634837090962,1.8746484812412751,0.6612584053866165,2.9100167388638094,116.70000000000002
KS,20079,2013,167.1,79.7,4.186307480362174,3.1249295364043306,1.5503913119640582,28.88811194102895,1.0,-9.75,-8.1875,0.5740142274614017,0.5893302011273072,0.14581522247238232,0.02802407318366562,-6.671024712808199,-5.751489196434157,0.6264058055024516,0.5812941361993631,0.14599027821611074,0.07833472026079794,87.39999999999999
KS,20079,2014,184.6,111.6,3.0702121149442494,2.032818571894873,1.4704331050168575,28.231953111452597,1.0,7.75,23.71249999999999,-0.5420811379565231,-0.5027807633821504,0.06585701552518164,-0.6281347563926865,8.58972053287049,24.376866582790676,-0.5277925257635095,-0.5049724174534078,0.06590475800074393,-0.6144136708261958,73.0
KS,20079,2015,187.7,105.0,4.114765149961822,2.0894232356467968,1.1680174272414932,28.269893756180515,1.0,10.849999999999994,17.112499999999997,0.5024718970610493,-0.44617609963022664,-0.23655866225018274,-0.5901941116647684,9.450465778549177,16.005222362015523,0.4786575434060267,-0.44252334284479755,-0.23663823304278656,-0.6130625876089195,82.69999999999999
KS,20079,2016,156.6,115.6,5.3894344315491045,2.019989776567889,1.1312133545977838,28.3671414423072,1.0,-20.25,27.71249999999999,1.777141178648332,-0.5156095587091345,-0.27336273489389207,-0.4929464255380829,-23.88878897577213,24.83357814124036,1.715223859145273,-0.5061123910670189,-0.27356961895466203,-0.5524044629928756,41.0
KS,20079,2017,180.2,74.9,2.77018875634588,1.780686263475506,1.2476558707717025,27.98677086082245,1.0,3.3499999999999943,-12.987499999999997,-0.8421044965548927,-0.7549130718015173,-0.15692021871997341,-0.873317007022834,-2.5280437300934437,-17.638066079534788,-0.942124781905988,-0.7395714933027151,-0.15725441604890947,-0.9693646059882685,105.29999999999998
KS,20079,2018,206.2,89.8,3.533208397099206,2.1571934585480483,1.26805973545226,28.26225535754464,1.0,29.349999999999994,1.9124999999999943,-0.07908485580156643,-0.3784058767289751,-0.13651635403941587,-0.5978325103006448,21.232701515585248,-4.509710300309954,-0.21720810700069798,-0.3572198873734863,-0.13697786463651804,-0.7304696707767209,116.39999999999999
KS,20081,2010,194.7,41.5,1.3597836573261877,3.105876672751311,1.6548833054371943,29.639904478212213,1.0,-5.400000000000006,-20.775,-0.710080532139995,0.10663257826263361,-0.04087722618684109,0.056092236730389544,4.11683270586556,-13.245512061705575,-0.5481429272858408,0.08179383212171575,-0.0403361447971351,0.21159787315061673,153.2
KS,20081,2012,196.6,36.9,1.274454448078305,4.1880269188675925,2.18273134226918,31.644212220522405,1.0,-3.5,-25.375,-0.7954097413878776,1.1887828243789151,0.4869708106451447,2.0603999790405823,1.5383231972229465,-21.388800503255894,-0.709678068229796,1.1756328999513703,0.48725726549851844,2.142726492439526,159.7
KS,20081,2017,213.4,94.3,2.656031044692176,2.1709025656036007,1.4418909555446309,28.005187969506647,1.0,13.300000000000011,32.025,0.5861668552259935,-0.8283415288850766,-0.2538695760794045,-1.5786242719751762,7.14204942561641,27.152978392868313,0.48138369914389373,-0.8122693990291886,-0.25421968756686136,-1.6792455661294408,119.10000000000001
KS,20081,2018,195.7,76.4,2.989187607768062,2.532170220732205,1.503536523245136,29.04594429768603,1.0,-4.400000000000006,14.125000000000007,0.9193234183018792,-0.46707387375647214,-0.1922240083788993,-0.5378679437957921,-12.797205328704917,7.481334172093164,0.7764372963717432,-0.44515733304389754,-0.19270143313452223,-0.6750787994606984,119.29999999999998
KS,20095,2012,151.7,24.0,1.8360311230069803,4.945080646503086,2.2070051686337018,32.499701862271195,1.0,-24.92500000000001,-25.950000000000003,-1.489864799191933,1.9991656672033766,0.6931081338977605,2.860656423690692,-18.207235737036083,-20.635067337674528,-1.375555901647824,1.981632434633317,0.6934900737022588,2.970425108222617,127.69999999999999
KS,20095,2015,197.9,74.5,3.633065689325493,2.4683246004200794,1.2818100902331966,28.912047057391224,1.0,21.275000000000006,24.549999999999997,0.3071697671265796,-0.47759037887962963,-0.2320869445027447,-0.7269983811892793,21.275000000000006,24.549999999999997,0.3071697671265796,-0.47759037887962963,-0.2320869445027447,-0.7269983811892793,123.4
KS,20095,2016,168.7,68.0,4.812393588234323,2.323837811551789,1.2518303874697725,28.82059814886193,1.0,-7.925000000000011,18.049999999999997,1.4864976660354094,-0.62207716774792,-0.2620666472661688,-0.8184472897185735,-10.164254754321322,16.27835577922484,1.4483947001873732,-0.6162327568912335,-0.2621939605343349,-0.8550368512292152,100.69999999999999
KS,20095,2017,188.2,33.3,3.022093288228857,2.046416858723883,1.3149424926070938,28.32383468579767,1.0,11.574999999999989,-16.650000000000006,-0.30380263397005614,-0.8994981205758261,-0.19895454212884744,-1.315210752782832,7.096490491357369,-20.193288441550322,-0.38000856566612873,-0.887809298862453,-0.19920916866517968,-1.3883898758041155,154.89999999999998
KS,20097,2010,182.6,76.7,2.9902486677338227,2.8814419235020745,1.5084717954678064,29.452397689265776,1.0,-10.575000000000017,6.0,0.44620413930351166,-0.29704229294382145,-0.20321724662891816,-0.2561600662280732,-5.5366768027770705,9.986199496744106,0.5319358124615933,-0.3101922173713662,-0.2029307917755444,-0.17383355282912938,105.89999999999999
KS,20097,2012,184.8,36.1,1.6854151709988412,4.28865121935207,2.107473257453757,31.647812365063515,1.0,-8.375,-34.6,-0.8586293574314698,1.1101670029061736,0.39578421535703256,1.9392546095696659,-7.815186311419673,-34.15708894480621,-0.8491036159694608,1.108705900192002,0.3958160436740741,1.9484019999473263,148.70000000000002
KS,20097,2013,194.6,50.4,2.7304344556852453,3.387054431919547,1.7059804301607082,29.45647874667351,1.0,1.424999999999983,-20.300000000000004,0.1863899272549343,0.20857021547365084,-0.00570861193601635,-0.2520790088203384,-0.25444106574099923,-21.628733165581373,0.15781270286890708,0.21295352361616576,-0.005804096887140937,-0.27952117995331965,144.2
KS,20097,2014,210.7,119.6,2.770079819303335,2.156789291009892,1.5248306853046267,28.2775422209726,1.0,17.524999999999977,48.89999999999999,0.22603529087302388,-1.021694925436004,-0.18685835679209783,-1.4310155345212507,13.606304179937686,45.799622613643464,0.15935510063896036,-1.0114672064368024,-0.18708115501138853,-1.4950472671648738,91.1
KS,20109,2009,211.0,128.0,2.6093992468458462,1.4702595930119655,1.218309482430652,26.27377533353692,1.0,16.900000000000006,48.44,0.4956236982086484,-1.3390912721910124,-0.4704483061944511,-2.4335144728973503,21.82636045950699,52.33761728570543,0.5794502230743299,-1.351948976075723,-0.47016821700448563,-2.353017437573937,83.0
KS,20109,2010,186.5,87.0,2.363574302727277,2.698841447756797,1.5583273315628428,28.531153548368845,1.0,-7.599999999999994,7.439999999999998,0.249798754090079,-0.11050941744618115,-0.1304304570622603,-0.17613625806542643,-4.912894294814321,9.565973064930269,0.2955223131077243,-0.11752271047420529,-0.13027768114046095,-0.13222878425265475,99.5
KS,20109,2011,206.7,65.9,1.9682275602755877,3.775656658914068,1.951835934879505,29.87441508931812,1.0,12.599999999999994,-13.659999999999997,-0.1455479883616102,0.9663057937110899,0.26307814625440185,1.1671252828838483,13.047850950864358,-13.305671155844884,-0.1379273951920012,0.9651369115397523,0.2631036089080351,1.1744431951859784,140.79999999999998
KS,20109,2012,186.5,24.2,1.144741237684184,3.9790415644436177,2.1631789110354265,31.062436240730737,1.0,-7.599999999999994,-55.36,-0.969034310953014,1.1696906992406397,0.4744211224103234,2.355146434296465,-9.39140380345694,-56.777315376620045,-0.9995166836314413,1.1743662279259888,0.47431927179579053,2.325874785087953,162.3
KS,20109,2014,179.8,92.7,2.4829353956530955,2.1229550618884416,1.5521372832170892,27.794668820216742,1.0,-14.299999999999983,13.14,0.36915984701589766,-0.6863958033145363,-0.13662050540801385,-0.9126209862175294,-20.569913312099548,8.179396181829638,0.26247154264139777,-0.6700314529158142,-0.13697698255887897,-1.0150717584473246,87.10000000000001
KS,20113,2009,191.0,115.0,3.549306132328268,1.4732150314649364,1.0784998618858608,26.54109981919141,1.0,4.311111111111103,26.37777777777778,0.1270470550847742,-1.0216642422675528,-0.3150035614970359,-2.069486798979298,15.009772715090806,34.84230016592585,0.30909455858094953,-1.0495875385828333,-0.31439528699357555,-1.8946700050951195,76.0
KS,20113,2010,172.4,86.3,3.5497869517944656,2.5739602283024205,1.3172396197113758,28.96618095165746,1.0,-14.288888888888891,-2.322222222222223,0.1275278745509718,0.07908095456993136,-0.07626380367152086,0.35559433348675284,-5.829482039230497,4.370655945150687,0.27147241219911084,0.0570020691113374,-0.07578284243622664,0.49382156586028997,86.10000000000001
KS,20113,2012,173.1,39.6,1.963674047022328,4.483972561457735,2.0801450864954734,31.73535672973739,1.0,-13.588888888888903,-49.02222222222222,-1.4585850302211658,1.9890932877252459,0.6866416631125767,3.124770111566683,-9.607991547873128,-45.872632496399625,-1.3908464242690994,1.978703223980025,0.6868679978115386,3.1898182209189367,133.5
KS,20113,2013,153.4,85.9,4.196241718565781,3.160372294612479,1.556271882366699,28.84890368643789,1.0,-33.28888888888889,-2.7222222222222143,0.773982641322287,0.6654930208799898,0.16276845898380232,0.23831706826718246,-31.547246302194427,-1.3442767171747796,0.8036182814263172,0.6609473679914556,0.1628674804145982,0.2667756161087945,67.5
KS,20113,2014,204.2,105.9,3.3905149737218863,2.040104073293278,1.4533012611857568,28.071211811208236,1.0,17.51111111111109,17.277777777777786,-0.0317441035216075,-0.45477520043921116,0.05979783780286008,-0.5393748069624706,17.013498943484247,16.884079062050063,-0.04021142926561364,-0.4534764424710589,0.059769545965489834,-0.5475058206315003,98.29999999999998
KS,20113,2015,207.8,99.1,3.5422474512860087,2.1535953702832917,1.2001584924659294,28.230420113122708,1.0,21.111111111111114,10.477777777777774,0.11998837404251494,-0.34128390344919746,-0.19334493091696725,-0.380166505047999,18.374244189162958,8.312434841274893,0.07341808245047252,-0.3341407346243586,-0.1935005360225036,-0.4248870802276703,108.70000000000002
KS,20113,2016,173.6,119.8,4.61787909445393,2.0835543802259635,1.1668025039808705,28.274163895168773,1.0,-13.088888888888903,31.177777777777777,1.1956200172104365,-0.4113248935065257,-0.2267009194020262,-0.33642272300193454,-18.065010565158367,27.240790620499737,1.1109467597703577,-0.3983373138250003,-0.22698383777572867,-0.41773285969224755,53.8
KS,20113,2017,188.1,75.9,2.675230966061717,2.079498357671854,1.351130125184412,28.29855548607361,1.0,1.4111111111110972,-12.722222222222214,-0.7470281111817769,-0.4153809160606352,-0.04237329819848479,-0.312031132097097,-5.8042653194796765,-18.430853600275412,-0.8698043344698919,-0.39654892552242327,-0.04278352984035338,-0.4299308302980517,112.19999999999999
KS,20113,2018,216.6,70.1,3.3154503599570635,2.405641166280446,1.3379819771696937,28.52938707093888,1.0,29.911111111111097,-18.522222222222226,-0.10680871728643027,-0.08923810745204319,-0.055521446213202985,-0.08119954723182587,20.456479926199016,-26.002497821050582,-0.26768790642258156,-0.06456170605714469,-0.056058991123237686,-0.23568880694342226,146.5
KS,20115,2008,149.0,88.0,4.0802502080701,1.2740014042871266,1.0478185103995117,26.415097376627287,1.0,-14.849999999999994,15.433333333333337,0.8130121343467893,-1.629415688359499,-0.5059277154234798,-2.5484635327685368,-7.3858174855957985,21.338814069250397,0.9400220205069074,-1.6488970578817872,-0.5055033378629261,-2.4264983277330674,61.0
KS,20115,2010,183.1,90.1,4.146702408137586,2.1541739797734536,1.2275543898755388,28.418752253956583,1.0,19.25,17.53333333333333,0.8794643344142754,-0.749243112873172,-0.3261918359474527,-0.5448086554392404,22.235673005761576,19.895525627700074,0.9302682888783209,-0.7570356606820869,-0.32602208492323126,-0.49602257342505424,93.0
KS,20115,2011,125.0,21.4,2.1637456187826776,5.051580966050015,2.1072894366972457,31.48920309437801,1.0,-38.849999999999994,-51.166666666666664,-1.1034924549406333,2.148163873403389,0.5535432108742542,2.5256421849821855,-38.103581748559726,-50.57611859307508,-1.090791466324624,2.1462157364511607,0.5535856486303096,2.53783870548573,103.6
KS,20115,2012,152.0,46.4,2.031563641144662,4.286976846845886,2.0388352427007264,31.43304923518412,1.0,-11.849999999999994,-26.166666666666664,-1.2356744325786488,1.3835597541992604,0.48508901687773487,2.469488325788298,-13.342836502881037,-27.347762813850238,-1.261076409810676,1.3874560281037185,0.48500414136562414,2.4450952847812006,105.6
KS,20115,2013,158.6,92.1,4.10062829661389,2.9073663754653647,1.494744181694624,28.440603840166588,1.0,-5.25,19.53333333333333,0.8333902228905794,0.003949282818739075,-0.059002044128367404,-0.5229570692292356,-8.982091257202352,16.5805929653746,0.769885279810516,0.01368996757988378,-0.05921423290864427,-0.5839396717469745,66.5
KS,20115,2014,215.4,97.4,3.080538269590948,1.746402983457907,1.406235593570302,27.584659656062364,1.0,51.55000000000001,24.833333333333343,-0.18669980413236287,-1.1570141091887187,-0.14751063225268957,-1.37890125333346,45.57865398847635,20.108948744599452,-0.28830771306046254,-1.1414290135708876,-0.14785013430113256,-1.4764734173618406,118.0
KS,20123,2008,171.0,107.0,3.2817769905282224,1.395422687643419,1.09817360112762,26.36409697872947,1.0,-0.7333333333333201,11.077777777777783,0.18128162202613574,-1.2631196192742364,-0.37483954322063484,-2.2137682637359752,10.960552605900073,20.329697597381298,0.3802637770103233,-1.2936404315258214,-0.374174685042434,-2.0226894425137374,64.0
KS,20123,2010,168.8,100.0,3.4336496377797445,2.346707076220333,1.28708759290886,28.41336332394773,1.0,-2.9333333333333087,4.077777777777783,0.3331542692776579,-0.31183523069732244,-0.1859255514393947,-0.16450191851771478,4.282043097257465,9.786409155830981,0.4559304925657729,-0.3306672212355344,-0.1855153197975261,-0.046602220316760076,68.80000000000001
KS,20123,2011,168.8,93.4,3.356553816506836,4.058839120695185,1.787970252380896,30.24432451735639,1.0,-2.9333333333333087,-2.5222222222222115,0.2560584480047492,1.4002968137775298,0.3149571080326412,1.6664592748909435,2.0427883429361557,1.4147649350558282,0.3407317054448279,1.3873092340960045,0.3152400264063437,1.7477694115812565,75.4
KS,20123,2012,153.9,41.5,1.7466241468386603,4.537897313979679,2.1246008344538603,31.75598394368995,1.0,-17.833333333333314,-54.42222222222222,-1.3538712216634263,1.8793550070620233,0.6515876901056055,3.1781187012245056,-15.09646641138516,-52.256879285719336,-1.3073009300713838,1.8722118382371844,0.6517432952111418,3.222839276404177,112.4
KS,20123,2013,167.2,114.0,2.8572772223962293,3.2664388123038006,1.6087804690835503,28.85405312945108,1.0,-4.533333333333331,18.077777777777783,-0.24321814610585735,0.6078965053861451,0.1357673247352955,0.27618788698563534,-4.035721165706487,18.471476493505506,-0.23475082036185121,0.6065977474179929,0.13579561657266576,0.284318900654665,53.19999999999999
KS,20123,2014,184.6,84.3,2.7994604460432644,1.9210214258029747,1.431458979544064,27.626496227317293,1.0,12.866666666666674,-11.62222222222222,-0.30103492245882224,-0.7375208811146807,-0.04155416480419083,-0.9513690151481526,11.12502407997221,-13.000167727269655,-0.3306705625628524,-0.7329752282261465,-0.041653186234986705,-0.9798275629897647,100.3
KS,20123,2016,167.2,131.8,4.487257310314984,2.0535765438363844,1.207330570965254,28.0803319976946,1.0,-4.533333333333331,35.877777777777794,1.3867619418128974,-0.604965763081271,-0.26568257338300083,-0.49753324477084604,-10.753485428670416,30.956543831180042,1.2809203700127947,-0.5887312884793636,-0.26603622135012894,-0.5991709156337415,35.39999999999998
KS,20123,2017,174.0,76.4,2.6869269745378577,2.1867774900120507,1.4227170662000983,28.094711058092063,1.0,2.26666666666668,-19.52222222222221,-0.41356839396422895,-0.4717648169056048,-0.05029607814815651,-0.4831541843733831,-6.192740182991715,-26.215100389595122,-0.5575129316123679,-0.44968593144701086,-0.050777039383450726,-0.6213814167469203,97.6
KS,20123,2018,190.1,114.9,3.254931771572982,2.160200291765075,1.2889989324700903,27.767426005910423,1.0,18.366666666666674,18.97777777777779,0.15443640307089535,-0.4983420151525806,-0.18401421187816447,-0.8104392365550233,7.668005062686971,10.513255389629721,-0.027611100425279977,-0.4704187188373001,-0.18462248638162482,-0.9852560304392021,75.19999999999999
KS,20141,2009,186.0,115.0,2.3346788375983007,1.5153088631719065,1.130433400683016,26.53513718131578,1.0,11.52000000000001,17.58,-0.6777229354612122,-0.92416777623583,-0.2977301378078503,-1.6775289747874957,21.37272091901398,25.375234571410857,-0.5100698857298491,-0.9498831840052514,-0.29716995942791935,-1.516534904140669,71.0
KS,20141,2011,148.8,88.2,3.0091000683697864,4.125350875209734,1.8390206536540472,30.401707558586946,1.0,-25.67999999999998,-9.219999999999999,-0.00330170468972657,1.6858742358019976,0.410857115163181,2.189041402483671,-20.305788589628634,-4.9680538701394585,0.08814541334556399,1.6718476497459493,0.4111626670067797,2.276856350109214,60.60000000000001
KS,20141,2014,195.5,87.8,2.790404371870244,2.10539212867528,1.4676782379357065,27.869756532393893,1.0,21.02000000000001,-9.620000000000005,-0.22199740118926892,-0.3340845107324566,0.03951469944484032,-0.3429096237093816,19.67644714740743,-10.682986532464938,-0.24485918069808724,-0.3305778642184452,0.03943831148394066,-0.3648633606157633,107.7
KS,20141,2016,174.4,121.6,4.562855702412181,2.081141518458945,1.225964743842718,27.95789976452216,1.0,-0.07999999999998408,24.179999999999993,1.5504539293526678,-0.3583351209487917,-0.20219879464814827,-0.25476639158111425,-5.902062361235186,19.573725025984743,1.451386218147777,-0.3431396527214072,-0.20252980914538016,-0.3498992515087793,52.80000000000001
KS,20141,2017,167.7,74.5,2.3649698850470524,2.3701898115228164,1.4777206563388432,28.298829743697603,1.0,-6.780000000000001,-22.92,-0.6474318880124605,-0.06928682788492013,0.049557117847977006,0.08616358759432785,-14.841317115556512,-29.29791919479041,-0.7846025650653877,-0.04824694880084905,0.049098790082579,-0.04555883384397891,93.19999999999999
KS,20143,2008,166.0,120.0,3.3065394683114064,1.4712144451861022,1.120278367131195,26.62993715833248,1.0,-3.833333333333343,27.922222222222217,0.07241694590018488,-1.2858330075129227,-0.33563685240832397,-2.2487294134469593,7.114134354459784,36.58359396823415,0.25869811226836326,-1.3144056828122794,-0.33501443198617853,-2.0698471127282656,46.0
KS,20143,2009,193.0,90.0,3.100562364348134,1.51489367084564,1.1136176903387818,26.693243735029583,1.0,23.166666666666657,-2.077777777777783,-0.13356015806308763,-1.242153781853385,-0.3422975292007373,-2.185422836749858,31.874879600138474,4.811949747458988,0.014618042457054448,-1.264882046296055,-0.341802422046758,-2.043130097541806,103.0
KS,20143,2010,153.3,96.7,3.726361287776232,2.3965470085855203,1.302536624405845,28.65056134236197,1.0,-16.53333333333333,4.62222222222222,0.49223876536501043,-0.3605004441135047,-0.15337859513367413,-0.22810522941746925,-10.064375154182825,9.740305526683834,0.6023140000371162,-0.3773842976994882,-0.1530108012478609,-0.122402051720059,56.60000000000001
KS,20143,2011,123.7,62.3,2.87961779944373,4.870068225502156,2.0110276951325927,31.368068884405307,1.0,-46.13333333333334,-29.777777777777786,-0.3545047229674916,2.1130207728031314,0.5551124755930736,2.4894023126258666,-41.90362990850414,-26.43133869409133,-0.2825324541434221,2.1019813300738344,0.5553529562107208,2.558515928812635,61.400000000000006
KS,20143,2012,145.3,31.0,2.004151013190304,4.857340609373023,2.1760995874337445,32.23713019119139,1.0,-24.53333333333333,-61.07777777777778,-1.2299715092209174,2.100293156673998,0.7201843678942255,3.3584636194119497,-22.542884662825443,-59.502982914866486,-1.196102206244884,2.0950981248013876,0.7202975352437064,3.3909876740880764,114.30000000000001
KS,20143,2015,198.1,111.0,3.206895189264276,2.251987042029641,1.26335508558805,28.282717165632704,1.0,28.26666666666665,18.922222222222217,-0.027227333146945476,-0.5050604106693841,-0.1925601339514691,-0.5959494061467367,23.53935107421061,15.182084422808039,-0.10766692771502112,-0.4927222099719349,-0.19282890640648645,-0.6731940360025349,87.1
KS,20143,2016,163.4,125.5,4.441510272918018,2.338762515809535,1.261541967736927,28.69895071128977,1.0,-6.433333333333337,33.42222222222222,1.2073877505067965,-0.41828493688948987,-0.19437325180259202,-0.17971586048967225,-13.39990368011069,27.91044020203288,1.0888451900906846,-0.40010232533535406,-0.1947693375257755,-0.29355005185611216,37.900000000000006
KS,20143,2017,181.5,81.6,2.8356324910345365,2.4413200348987822,1.4447259827574528,28.630798645656164,1.0,11.666666666666657,-10.477777777777789,-0.39849003137668504,-0.3157274178002427,-0.011189236782066292,-0.24786792612327702,2.4608415655679963,-17.761204018742283,-0.5551355576408332,-0.29170039538942033,-0.011712635773415874,-0.39829167900035856,99.9
KS,20143,2018,204.2,110.6,3.605832815414358,2.6712935220608256,1.4100539753310832,28.71659131211557,1.0,34.366666666666646,18.52222222222221,0.3717102930031366,-0.08575393063819936,-0.04586124420843585,-0.16207525966387237,22.921586811246677,9.46715176048256,0.17696180089095212,-0.05588249737069043,-0.046511956467951546,-0.34908857405159566,93.6
KS,20145,2009,202.0,82.0,2.738865832156674,1.950501411306808,1.2428868252313876,27.37167588419316,1.0,39.224999999999994,29.875,0.7223236486851468,-1.826812471333399,-0.5953719377189215,-2.7951299579149307,44.26332319722294,33.861199496744106,0.8080553218432284,-1.839962395760944,-0.5950854828655477,-2.7128034445159868,120.0
KS,20145,2011,120.5,21.4,1.3676251611523802,5.299896573160695,2.2915521734352406,32.05530019649164,1.0,-42.275000000000006,-30.725,-0.6489170223191469,1.5225826905204882,0.45329341048493155,1.8884943543835533,-41.71518631141968,-30.282088944806212,-0.6393912808571379,1.5211215878063167,0.45332523880197306,1.8976417447612137,99.1
KS,20145,2012,149.4,26.4,1.6622551870417472,4.46997124914495,2.146466221411199,31.879343052015592,1.0,-13.375,-25.725,-0.3542869964297799,0.6926573665047431,0.3082074584608898,1.7125372099075022,-15.054441065740981,-27.05373316558137,-0.3828642208158071,0.6970406746472579,0.3081119735097652,1.685095038774521,123.0
KS,20145,2013,179.2,78.7,2.2974225535353074,3.388886296948374,1.6721298317234092,29.36090423573197,1.0,16.424999999999983,26.575000000000003,0.2808803700637803,-0.3884275856918329,-0.16612893122689987,-0.8059016063761213,12.506304179937692,23.474622613643476,0.21420017982971679,-0.3781998666926314,-0.16635172944619056,-0.8699333390197442,100.49999999999999
KS,20151,2009,205.0,60.0,2.9146917462868625,1.946958460748964,1.28296677496896,27.348720179749947,1.0,15.349999999999994,-4.13333333333334,-0.10983657578607797,-0.8302171501588378,-0.2608925055307423,-1.6799127795494968,25.42664639444589,3.839065660154872,0.061626770530085334,-0.8565169990139273,-0.2603195958239948,-1.5152597527516092,145.0
KS,20151,2010,181.3,87.2,3.4514905398166293,2.882530583515268,1.5113370401274546,29.544869194313232,1.0,-8.349999999999994,23.066666666666663,0.4269622177436889,0.10535497260746629,-0.0325222403722476,0.516236235013789,-0.5126083598754105,29.267421439379717,0.560322598211816,0.08489953460906334,-0.032076643933666195,0.6442997003010349,94.10000000000001
KS,20151,2011,158.2,20.0,1.190280442045988,5.7982280072121055,2.4595407656222723,32.86682309147012,1.0,-31.450000000000017,-44.13333333333334,-1.8342478800269524,3.0210523963043037,0.9156814851225701,3.8381901321706735,-25.851863114196743,-39.704222781395444,-1.7389904654068618,3.0064413691625873,0.9159997682929854,3.929664035947278,138.2
KS,20151,2016,184.8,65.9,3.5635035789230733,2.024526203309948,1.278901072504093,28.197285601039805,1.0,-4.849999999999994,1.7666666666666657,0.5389752568501329,-0.752649407597854,-0.2649582079956092,-0.831347358259638,-10.448136885803269,-2.6624438852712293,0.4437178422300422,-0.7380383804561377,-0.2652764911660245,-0.9228212620362423,118.9
KS,20151,2017,197.9,51.6,3.021681057617343,1.8006338255297347,1.3436639798395729,27.784896841204883,1.0,8.25,-12.533333333333339,-0.0028472644555974647,-0.9765417853780671,-0.20019530066012936,-1.24373611809456,0.4126083598754162,-18.734088106046393,-0.13620764492372447,-0.9560863473796641,-0.20064089709871077,-1.371799583381806,146.3
KS,20151,2018,210.7,100.1,4.005522567747747,2.210176585130792,1.386746049935861,28.429202848018686,1.0,21.049999999999983,35.966666666666654,0.9809942456748062,-0.5669990257770099,-0.1571132305638412,-0.599430111280757,10.97335360555409,27.99426767317844,0.8095308993586429,-0.5406991769219204,-0.15768614027058872,-0.7640831380786446,110.6
KS,20153,2010,200.1,96.0,2.420321035026954,2.327458873514414,1.4633912699106544,27.878724200337277,1.0,20.44999999999999,12.325000000000003,-0.012486375865414345,-0.2809335974457321,-0.09867481669530864,-0.10564338702532439,26.60795057438359,17.19702160713169,0.09229678021668546,-0.2970057273016201,-0.09832470520785183,-0.005022092871059744,104.1
KS,20153,2011,175.0,80.8,2.4973529303517927,3.28732186462261,1.7315134311710692,28.83363558398259,1.0,-4.650000000000006,-2.875,0.06454551945942422,0.6789293936624636,0.16944734456510613,0.8492679966199894,-0.7313041799377138,0.2253773863565267,0.13122570969348774,0.6687016746632621,0.16967014278439682,0.9132997292636124,94.2
KS,20153,2013,145.9,39.3,1.8396145331693063,2.8717924625525373,1.635018456336684,28.063988783348865,1.0,-33.75,-44.375,-0.5931928777230622,0.263399991592391,0.07295236973072106,0.07962119598626316,-34.30981368858033,-44.81791105519379,-0.6027186191850712,0.2648610943065627,0.07292054141367953,0.07047380560860274,106.60000000000001
KS,20153,2017,197.6,118.6,2.9739411450214197,1.946996683151024,1.418341189005444,27.16112178178167,1.0,17.94999999999999,34.925,0.5411337341290512,-0.6613957878091223,-0.14372489760051899,-0.8232458055809317,8.433167294134423,27.395512061705574,0.379196129274897,-0.6365570416682045,-0.14426597899022497,-0.9787514420011589,79.0
KS,20155,2009,200.0,100.0,3.634649474184368,1.684172546785316,1.1275580488468666,26.90212949383105,1.0,36.849999999999994,36.925,1.0392403756506665,-1.9707544629935878,-0.6037654218117954,-3.254506195079337,40.20888213148196,39.582466331162735,1.0963948244227208,-1.9795210792786175,-0.6035744519095462,-3.199621852813374,100.0
KS,20155,2010,159.7,102.4,3.591482828601988,2.807658362608699,1.3824423842856806,29.396771202910973,1.0,-3.450000000000017,39.325,0.9960737300682867,-0.8472686471702047,-0.34888108637298143,-0.7598644859994153,-2.330372622839362,40.21082211038758,1.0151252129923047,-0.850190852598548,-0.3488174297388984,-0.7415697052440944,57.29999999999998
KS,20155,2011,138.3,9.0,1.3190265214244852,5.594193603714966,2.3166674954382525,32.44332713167464,1.0,-24.849999999999994,-54.075,-1.276382577109216,1.939266593936062,0.5853440247795905,2.286691442764255,-25.96962737716065,-54.96082211038758,-1.2954340600332341,1.9421887993644054,0.5852803681455074,2.268396662008934,129.3
KS,20155,2012,154.6,40.9,1.8364775699239635,4.533683526006633,2.098625954063849,31.88431492722488,1.0,-8.550000000000011,-22.175000000000004,-0.7589315286097378,0.8787565162277291,0.367302483405187,1.7276792383144937,-11.908882131481976,-24.832466331162742,-0.8160859773817922,0.8875231325127589,0.36711151350293786,1.672794896048531,113.69999999999999
KS,20169,2008,170.0,105.0,3.350265589318574,1.5000019402513418,1.138906600422393,26.60414948204594,1.0,5.422222222222217,24.36666666666666,0.37376306531930537,-1.3317015966141246,-0.3919104864568046,-2.233755768849413,15.374465574761146,32.24064098122274,0.5431095801994628,-1.3576767559771754,-0.39134464970939964,-2.071135495468787,65.0
KS,20169,2009,183.0,115.0,3.2567429041672105,1.4858216745634356,1.1042330974085723,26.58164975768318,1.0,18.422222222222217,34.36666666666666,0.2802403801679416,-1.3458818623020308,-0.42658398947062515,-2.256255493212173,26.135210820439838,40.46899676044758,0.41148392920006277,-1.366012610808395,-0.4261454659913863,-2.1302247813421884,68.0
KS,20169,2010,167.5,94.5,3.163908482432617,2.441863353856059,1.3157932358925195,28.685627389420688,1.0,2.922222222222217,13.86666666666666,0.18740595843334829,-0.3898401830094076,-0.21502385098667798,-0.1522778614746656,8.395956066118526,18.197352539672423,0.28054654161743314,-0.4041265206590853,-0.21471264077560526,-0.06283671111532295,73.0
KS,20169,2011,142.1,44.7,2.254108429851126,5.019352413900775,2.091462061763583,31.465504777576903,1.0,-22.47777777777779,-35.93333333333334,-0.722394094148143,2.187648877035308,0.5606449748843856,2.62759952668155,-19.24329868820279,-33.37429168110273,-0.6673564768120944,2.179206950242317,0.5608288718272921,2.680451115530251,97.39999999999999
KS,20169,2012,148.3,26.3,2.0143905679754,4.591533069330578,2.120508302608373,31.797744263851424,1.0,-16.27777777777777,-54.33333333333334,-0.9621119560238687,1.7598295324651114,0.5896912157291756,2.9598390129560705,-15.282553442524083,-53.5459359018779,-0.9451773045358564,1.757232016528807,0.5897477994039161,2.9761010402941297,122.00000000000001
KS,20169,2013,157.8,118.2,4.008424340302721,3.22729860723036,1.591884342386708,28.828576660924018,1.0,-6.7777777777777715,37.56666666666666,1.031921816303452,0.3955950703648936,0.061067255507510465,-0.009328589971335788,-8.021808196845392,36.58241987734695,1.010753501943428,0.3988419652852756,0.06099652591408483,-0.029656124143918203,39.60000000000001
KS,20169,2014,173.0,88.0,3.1787119201217293,2.266714992875272,1.540725193898216,28.28968283188115,1.0,8.422222222222217,7.36666666666666,0.20220939612246047,-0.5649885439901943,0.009908107019018564,-0.548222419014202,4.938937048833287,4.610775656571791,0.14293811591440017,-0.5558972382131258,0.009710064157426816,-0.6051395146974261,85.0
KS,20169,2017,172.3,73.1,2.392168711817285,2.383959665648159,1.4621620599627356,28.623133604878102,1.0,7.7222222222222285,-7.533333333333346,-0.5843338121819839,-0.4477438712173072,-0.06865502691646186,-0.21477164601725107,-2.4788272141306305,-15.60415700575369,-0.757913989934153,-0.42111933287017894,-0.06923500958255195,-0.3814574262324002,99.20000000000002
KS,20169,2018,167.2,60.9,3.169801770006757,2.568786114133215,1.4116788875696766,28.665078489796752,1.0,2.622222222222206,-19.73333333333334,0.19329924600748827,-0.26291742273225127,-0.11913819930952085,-0.17282676109860162,-9.818081968451963,-29.575801226528846,-0.01838389759271719,-0.23044847352843648,-0.11984549524377706,-0.3761021028243925,106.29999999999998
KS,20171,2009,200.0,96.0,2.326461595096609,1.7163868694271631,1.2699251417792392,26.854884193396035,1.0,16.116666666666674,16.63333333333334,0.13467171926516652,-1.156795282641585,-0.4049196477127066,-2.0798618505234785,25.073685683951915,23.719910216433973,0.2870835826573117,-1.1801729260683314,-0.40441039464004214,-1.9335036044809117,104.0
KS,20171,2011,178.9,36.5,1.5558888466115184,4.203294591796727,2.0914867389469305,30.590950199998268,1.0,-4.98333333333332,-42.86666666666666,-0.6359010292199241,1.3301124397279787,0.4166419494549847,1.6562041560787542,-0.5048238246907006,-39.32337822511634,-0.5596950975238515,1.3184236180146056,0.4168965759913169,1.7293832791000376,142.4
KS,20171,2012,145.8,21.6,1.1456904083746433,4.097845348607008,2.175423812416751,31.353818612382305,1.0,-38.083333333333314,-57.76666666666666,-1.0460994674567992,1.2246631965382595,0.5005790229248053,2.4190725684627914,-35.844078579012006,-55.9950224458915,-1.0079965016087629,1.2188187856815729,0.5007063361929713,2.455662129973433,124.20000000000002
KS,20171,2014,178.9,93.3,2.48936454505507,2.438501538789416,1.6162638270648737,28.379958538382176,1.0,-4.98333333333332,13.933333333333337,0.29757466922362763,-0.4346806132793324,-0.058580962427072114,-0.5547875055373375,-7.22258808765463,12.161689112558179,0.25947170337559133,-0.4288362024226458,-0.05870827569523823,-0.5913770670479792,85.60000000000001
KS,20171,2015,204.4,109.3,2.966386232629937,2.550853935833111,1.4544467738678208,28.575903543155707,1.0,20.51666666666668,29.933333333333337,0.7745963567984946,-0.3223282162356371,-0.22039801562412498,-0.3588425007638065,16.03815715802406,26.39004489178302,0.698390425102422,-0.310639394522264,-0.2206526421604572,-0.4320216237850899,95.10000000000001
KS,20171,2017,195.3,119.5,2.6669476272208774,2.232210627959062,1.441522442876059,27.852961176202594,1.0,11.416666666666686,40.13333333333334,0.47515775138943495,-0.6409715241096863,-0.2333223466158869,-1.0817848677169195,2.4596476493814468,33.04675645023271,0.32274588799728976,-0.6175938806829401,-0.23383159968855138,-1.2281431137594863,75.80000000000001
KS,20173,2009,187.0,94.0,3.983085151389482,1.5780271938575183,1.1015325551692114,26.888061131445102,1.0,9.3857142857143,18.51428571428572,0.9550885401091005,-1.5690041372532642,-0.5042845847705155,-2.6593781499614266,17.063159157672857,24.588494471228948,1.085727280159507,-1.5890421173333318,-0.5038480821368031,-2.533928224782087,93.0
KS,20173,2010,169.0,84.3,3.286352182870236,2.7277834390522,1.3717313048165125,29.434452816020293,1.0,-8.6142857142857,8.814285714285717,0.25835557158985445,-0.4192478920585825,-0.23408583512321446,-0.11298646538623558,-3.1760955966484516,13.116850250453785,0.3508913457922246,-0.43344146128196354,-0.23377664575766818,-0.0241261017175379,84.7
KS,20173,2011,147.1,23.8,1.6944209493383642,5.632741369871785,2.2987332207427773,32.56061994854558,1.0,-30.514285714285705,-51.68571428571428,-1.3335756619420172,2.4857100387610025,0.6929160808030503,3.01318066713905,-27.315350350969766,-49.15479397032137,-1.2791428535876832,2.477360880394308,0.6930979569004305,3.065451469297106,123.3
KS,20173,2012,159.0,49.5,2.159686896692095,4.50210467660192,2.077985551025869,31.820985021932803,1.0,-18.6142857142857,-25.98571428571428,-0.8683097145882863,1.355073345491138,0.47216841108614194,2.2735457405262736,-17.654605105291072,-25.226438191096527,-0.8519798720819888,1.35256859798113,0.47222297391535595,2.289226981173688,109.5
KS,20173,2013,174.2,77.3,4.062624041832116,3.20975945922676,1.5772923994585848,29.1416707347566,1.0,-3.414285714285711,1.8142857142857167,1.0346274305517347,0.06272812811597772,-0.028524740481142175,-0.40576854664992723,-4.693859859612392,0.8019175881283109,1.012854307209996,0.06606779146265633,-0.028597490920094254,-0.4266768675131546,96.89999999999999
KS,20173,2014,201.0,116.2,2.725529098185361,2.1312956370080776,1.5321468882958582,28.53642985035481,1.0,23.3857142857143,40.71428571428572,-0.3024675130950203,-1.015735694102705,-0.07367025164386876,-1.0110094310517184,19.86688538606631,37.93027336735316,-0.36234360228479534,-1.0065516198993398,-0.07387031535098695,-1.0685073134255874,84.8
KS,20173,2018,206.0,83.3,3.2842779586550157,2.2475075421572166,1.2812980600692745,28.44985546679051,1.0,28.3857142857143,7.814285714285717,0.25628134737463437,-0.8995237889535659,-0.3245190798704525,-1.0975838146160193,15.90986636878107,-2.05630351574748,0.04399339479271419,-0.8669620713234545,-0.3252283966502351,-1.301439943032455,122.7
KS,20179,2009,211.0,116.0,2.7680171251796204,1.22887184655595,1.114992896438686,25.812428731824063,1.0,18.57499999999999,46.775000000000006,0.612014383764325,-1.1961121116285605,-0.4366916581321907,-2.3489012653712606,23.613323197222936,50.76119949674411,0.6977460569224067,-1.2092620360561053,-0.43640520327881693,-2.2665747519723167,95.0
KS,20179,2010,185.2,67.9,2.15518189503409,2.5012362178450385,1.4718384747937887,28.272054655918637,1.0,-7.225000000000023,-1.3249999999999886,-0.0008208463812051647,0.07625225966052795,-0.07984607977708791,0.1107246587233135,-4.4259315570983855,0.8895552759689589,0.0468078609288402,0.06894674608966976,-0.07968693819188026,0.15646161061161562,117.29999999999998
KS,20179,2012,179.5,32.3,1.350343946332217,4.0286357730521525,2.135610533873633,31.06155186546033,1.0,-12.925000000000011,-36.925,-0.8056587950830782,1.603651814867642,0.5839259793027565,2.9002218682650067,-14.604441065740993,-38.253733165581366,-0.8342360194691054,1.6080351230101568,0.5838304943516319,2.8727796971320254,147.2
KS,20179,2014,194.0,60.7,2.350467999115254,1.9411919952849,1.484296313177399,27.499284735578257,1.0,1.5749999999999886,-8.524999999999991,0.19446525769995882,-0.4837919628996106,-0.06738824139347765,-0.6620452616170667,-4.582950574383613,-13.397021607131677,0.08968210161785901,-0.46771983304372255,-0.06773835288093447,-0.7626665557713314,133.3
KS,20181,2009,194.0,107.0,2.6438753482790047,1.0571219411132768,1.1200745666482532,25.14048914455639,1.0,-1.1166666666666742,20.5,0.10320784184459875,-0.8191004086154805,-0.26205525168596466,-1.7208358919185862,8.959979727779219,28.472398993488213,0.2746711881607621,-0.84540025747057,-0.26148234197921716,-1.5561828651206986,87.0
KS,20181,2010,204.8,87.0,2.343026729628657,2.00230369750599,1.433762928517095,27.216249159702745,1.0,9.683333333333337,0.5,-0.19764077680574887,0.12608134777723246,0.051633110182877084,0.354924123227768,17.52072497345792,6.700754772713053,-0.06428039633762186,0.1056259097788295,0.05207870662145849,0.4829875885150139,117.80000000000001
KS,20181,2011,190.3,70.4,2.181621325240138,2.983119947295509,1.7417892290412884,28.396645736366025,1.0,-4.816666666666663,-16.099999999999994,-0.3590461811942678,1.1068975975667517,0.3596594107070705,1.5353206998910487,0.7814702191366116,-11.670889448062098,-0.26378876657417705,1.0922865704250353,0.3599776938774858,1.6267946036676528,119.9
KS,20181,2016,179.9,86.6,2.383895504976551,1.850686357043573,1.3184473876832707,26.9504054405794,1.0,-15.216666666666669,0.09999999999999432,-0.15677200145785486,-0.02553599268518436,-0.06368243065094714,0.08908040410442197,-20.814803552469943,-4.329110551937901,-0.2520294160779456,-0.010924965543467967,-0.06400071382136242,-0.0023934996721822477,93.30000000000001
KS,20181,2017,196.0,94.7,3.3240322792106696,1.4974669501049735,1.312810394937869,26.410239115344925,1.0,0.8833333333333258,8.200000000000003,0.7833647727762636,-0.3787553996237838,-0.06931942339634878,-0.4510859211300513,-6.954058306791258,1.9992452272869494,0.6500043923081366,-0.35829996162538086,-0.06976501983493018,-0.5791493864172972,101.3
KS,20181,2018,205.7,73.3,2.367553851271416,1.866635205309222,1.36589440317753,27.05392162230038,1.0,10.583333333333314,-13.200000000000003,-0.17311365516298993,-0.009587144419535454,-0.016235415156687916,0.1925965858254024,0.5066869388874213,-21.172398993488216,-0.34457700147915327,0.016712704435554056,-0.016808324863435434,0.027943559027514803,132.39999999999998
KS,20185,2009,201.0,77.0,2.9905190342996826,2.0461857414810773,1.2663154488468826,27.599818338533836,1.0,20.383333333333326,7.700000000000003,0.13793699248559754,-0.9345817500110112,-0.2897918603886087,-1.7554886429344627,29.340352350618566,14.786576883100636,0.29034885587774273,-0.9579593934377574,-0.28928260731594424,-1.609130396891896,124.0
KS,20185,2010,175.8,68.4,2.858699170086175,3.0205775716039662,1.517569272394952,29.69559051574396,1.0,-4.816666666666663,-0.8999999999999915,0.006117128272089989,0.0398100801118777,-0.03853803684053925,0.3402835342756596,1.9010975962972658,4.414932662325483,0.12042602581619885,0.022276847541818023,-0.0381560970360409,0.45005221880758467,107.4
KS,20185,2012,161.2,26.6,1.512691228543134,4.768005758236431,2.2136293192581102,32.29452393899074,1.0,-19.416666666666686,-42.699999999999996,-1.339890813270951,1.787238266744342,0.6575220100226189,2.9392169575224436,-17.177411912345377,-40.92835577922484,-1.3017878474229148,1.7813938558876554,0.657649323290785,2.9758065190330854,134.6
KS,20185,2013,187.9,84.9,3.2855272052929108,3.47991224398732,1.6803752685513345,29.52774407750528,1.0,7.283333333333331,15.600000000000009,0.4329451634788257,0.49914475249523127,0.12426795931584311,0.17243709603697965,7.283333333333331,15.600000000000009,0.4329451634788257,0.49914475249523127,0.12426795931584311,0.17243709603697965,103.0
KS,20185,2016,166.8,76.7,3.570518192503658,2.2511448912945538,1.2968909111682212,28.507278377737997,1.0,-13.816666666666663,7.400000000000006,0.7179361506895732,-0.7296226001975348,-0.25921639806727015,-0.8480286037303024,-20.53443092963059,2.0850673376745315,0.6036272531454643,-0.7120893676274751,-0.2595983378717685,-0.9577972882622274,90.10000000000001
KS,20185,2018,191.0,82.2,2.897537420158949,2.318778742349183,1.3618636351934483,28.50688664029796,1.0,10.383333333333326,12.900000000000006,0.04495537834486418,-0.6619887491429055,-0.194243674042043,-0.848420341170339,-0.8129404382732233,4.041778896124216,-0.14555945089531727,-0.6327666948594727,-0.19488024038287358,-1.0313681487235475,108.8
KS,20187,2010,197.5,55.1,1.8870517552059145,3.359890290126745,1.812833246142833,29.931563772250215,1.0,-2.5600000000000023,-3.6999999999999957,-0.01161122199893283,0.14726837053326847,-0.005157425501115087,0.08068951548930059,5.501317115556509,2.6779191947904124,0.12555945505399435,0.1262284914491974,-0.004699097735717084,0.21241193692760735,142.4
KS,20187,2012,179.9,12.7,1.0880563462406918,4.188993630513314,2.245384056065228,31.674284268294265,1.0,-20.159999999999997,-46.099999999999994,-0.8106066309641555,0.976371710919838,0.42739338442128005,1.8234100115333511,-16.577192393086104,-43.2653692467599,-0.7496418856073009,0.96702065354914,0.4275970856503458,1.8819533099503745,167.20000000000002
KS,20187,2013,207.5,44.3,1.6506593853111036,3.3312916334540725,1.864718811363609,29.558893001443707,1.0,7.439999999999998,-14.5,-0.24800359189374377,0.1186697138605961,0.046728139719661055,-0.2919812553172072,8.78355285259258,-13.437013467535067,-0.22514181238492545,0.1151630673465847,0.04680452768056071,-0.2700275184108255,163.2
KS,20187,2015,220.1,85.9,2.6419364595619705,2.6021410076215794,1.5640727294007446,28.965572821424704,1.0,20.039999999999992,27.10000000000001,0.7432734823571232,-0.610480911971897,-0.2539179422432034,-0.8853014353362099,16.905043343949956,24.619698090914625,0.6899293301698689,-0.6022987367725353,-0.254096180818636,-0.9365268214511115,134.2
KS,20187,2018,195.3,96.0,2.2256109397045574,2.58079303625167,1.6029445152473252,29.124057420391697,1.0,-4.759999999999991,37.2,0.32694796249971003,-0.6318288833418064,-0.21504615639662283,-0.7268168363692169,-14.612720919013958,29.404765428589144,0.1592949127683469,-0.606113475572385,-0.21560633477655375,-0.8878109070160436,99.30000000000001
KS,20191,2009,167.0,87.0,3.9014445852226207,1.8919735631658945,1.1584668012521258,27.601662829358634,1.0,-6.071428571428584,8.97142857142856,0.8589587077908938,-1.2682436947901223,-0.4156477705151933,-2.208372365940562,4.485058127514879,17.32346561222585,1.0385869753602102,-1.2957959174002165,-0.41504757939383874,-2.0358787188189633,80.0
KS,20191,2011,120.0,20.5,1.8457762490791163,6.112261216638065,2.4009826658413926,33.356106016520535,1.0,-53.071428571428584,-57.52857142857144,-1.1967096283526106,2.952043958682048,0.8268680940740736,3.5460708212213383,-46.99345138112774,-52.719822829324464,-1.0932872924793668,2.936180557785327,0.8272136586590959,3.645385345321654,99.5
KS,20191,2012,130.8,40.4,1.937258748595444,5.071892403429265,2.189383175093638,32.63170256064131,1.0,-42.27142857142857,-37.62857142857144,-1.105227128836283,1.9116751454732483,0.615268603326319,2.821667365342112,-38.43270613544904,-34.591467050099624,-1.0399077588110754,1.9016561554332139,0.6154868546431752,2.884392327931786,90.4
KS,20191,2014,181.5,115.5,2.846837718603809,2.3094708004668347,1.5375793727941578,28.93668531912061,1.0,8.428571428571416,37.47142857142856,-0.19564815882791775,-0.8507464574891821,-0.036535198973161265,-0.8733498761785867,7.78878435590833,36.96524450835006,-0.2065347204987828,-0.8490766258158434,-0.03657157419263729,-0.8838040366101962,66.0
KS,20191,2015,195.9,103.7,4.100073741665844,2.253362239999388,1.1704108137922795,28.7257376510524,1.0,22.828571428571422,25.671428571428564,1.0575878642341174,-0.9068550179566288,-0.40370375797503955,-1.0842975442467981,19.949529601587027,23.393600287574905,1.008598336715216,-0.8993407754266036,-0.4038674464626817,-1.1313412661890494,92.2
KS,20191,2017,193.2,74.2,3.18095576151524,2.053270073751385,1.2597716191690678,28.558115620910527,1.0,20.128571428571405,-3.8285714285714363,0.13846988408351324,-1.106947184204632,-0.3143429525982513,-1.251919574388669,12.77102009294439,-9.649688153975411,0.01327442486853933,-1.0877441199612337,-0.31476126762222567,-1.3721424193522036,118.99999999999999
KS,20191,2018,223.1,104.9,3.485054337340014,2.429290508241287,1.302207554428572,28.86023636949037,1.0,50.02857142857141,26.871428571428567,0.4425684599082871,-0.73092674971473,-0.271907017338747,-0.949798825808827,40.43176533862309,19.278667625249433,0.2792700348452769,-0.7058792746146452,-0.2724526456308875,-1.1066112322830033,118.19999999999999
KS,20193,2010,200.3,85.6,2.2636083070676576,2.255664483600203,1.4424735771873358,27.712920438311528,1.0,12.075000000000017,22.199999999999996,0.22201640235231546,-0.5127098248380166,-0.2572237372742814,-0.8742183404184836,15.993695820062308,25.300377386356523,0.288696592586379,-0.5229375438372181,-0.25700093905499066,-0.8101866077748606,114.70000000000002
KS,20193,2011,192.5,71.0,2.236418143625513,3.3535247371426147,1.8035370067803056,29.041605227801085,1.0,4.275000000000006,7.600000000000001,0.1948262389101707,0.5851504287043952,0.10383969231868839,0.4544664490710737,5.954441065740988,8.92873316558137,0.22340346329619792,0.5807671205618803,0.10393517726981298,0.48190862020405495,121.5
KS,20193,2012,159.2,20.5,1.2641079921590683,3.713741467364926,2.103361483439557,30.54776788455472,1.0,-29.025000000000006,-42.9,-0.7774839125562738,0.9453671589267065,0.40366416897793966,1.960629105824708,-29.584813688580333,-43.34291105519379,-0.7870096540182828,0.9468282616408782,0.40363234066089815,1.9514817154470476,138.7
KS,20193,2014,200.9,76.5,2.4022331760091307,1.750566545645135,1.4494171904392703,27.04626156425271,1.0,12.675000000000011,13.100000000000001,0.36064127129378853,-1.0178077627930846,-0.2502801240223469,-1.5408772144773017,7.636676802777065,9.113800503255895,0.27490959813570687,-1.0046578383655398,-0.25056657887572065,-1.6232037278762455,124.4
KS,20199,2009,192.0,91.0,2.316627242955413,1.3408973060341702,1.2261466521931943,25.972003392444066,1.0,10.574999999999989,20.799999999999997,0.13408642262021742,-0.9341025348978114,-0.3527438539365446,-1.912217274104961,17.292764262963917,26.114932662325472,0.24839532016432628,-0.951635767467871,-0.35236191413204626,-1.802448589573036,101.0
KS,20199,2010,188.7,77.3,2.134080773853373,2.424386983379284,1.57351523019071,28.07243533617804,1.0,7.274999999999977,7.099999999999994,-0.04846004648182278,0.14938714244730233,-0.005375275939028867,0.18821466962901212,11.753509508642598,10.643288441550311,0.027745885214249796,0.1376983207339292,-0.005120649402696637,0.2613937926502955,111.39999999999999
KS,20199,2012,146.2,12.2,1.0378789613457515,3.683789822814347,2.147929896701694,30.66374531554218,1.0,-35.22500000000002,-58.0,-1.1446618589894442,1.4087899818823653,0.5690393905719553,2.779524648993153,-35.22500000000002,-58.0,-1.1446618589894442,1.4087899818823653,0.5690393905719553,2.779524648993153,134.0
KS,20199,2017,198.8,100.3,3.2415763031862457,1.6509252515001258,1.367970245433357,26.828698622031823,1.0,17.375,30.099999999999994,1.05903548285105,-0.6240745894318558,-0.2109202606963818,-1.055522044517204,6.178726228393451,21.241778896124202,0.8685206536108685,-0.594852535148423,-0.21155682703721237,-1.2384698520704125,98.50000000000001
KS,20201,2008,170.0,111.0,3.467527879274348,1.065877806965242,1.027089498934921,25.905928312394263,1.0,-4.3857142857143,1.3857142857142861,0.13293613673570004,-1.0340398853499202,-0.2822156335271768,-1.7114923750926891,3.61162412257631,7.713015074197166,0.2690181576215477,-1.0549127812666586,-0.2817609432837264,-1.5808153696975367,59.0
KS,20201,2009,204.0,125.0,2.823111695748937,1.104219665579621,1.0110390351899088,25.86052369056837,1.0,29.6142857142857,15.385714285714286,-0.5114800467897109,-0.9956980267355411,-0.2982660972721891,-1.7568969969185808,35.372369368255,19.941370853422008,-0.4135009917518996,-1.0107265117955928,-0.2979387202969048,-1.66280955303407,79.0
KS,20201,2010,156.8,96.4,3.9991377144042497,1.972042672587564,1.2363972036362365,27.88520799803603,1.0,-17.58571428571429,-13.214285714285708,0.6645459718656017,-0.12787501972759818,-0.07290792882586139,0.26778731054907823,-14.066885386066298,-10.430273367353145,0.7244220610553768,-0.13705909393096335,-0.07270786511874319,0.32528519292294733,60.400000000000006
KS,20201,2011,146.9,99.8,3.201199922607294,3.926948709503736,1.759532112148477,30.069007107740365,1.0,-27.485714285714295,-9.814285714285717,-0.13339181993135396,1.827031017188574,0.45022697968637915,2.4515864202534132,-26.206140140387614,-8.801917588128312,-0.11161869658961522,1.8236913538418953,0.4502997301253312,2.4724947411166407,47.10000000000001
KS,20201,2013,184.3,107.3,3.1890504070304364,3.2150850437539904,1.6066534791540947,28.63223174640521,1.0,9.914285714285711,-2.3142857142857167,-0.14554133550821158,1.1151673514388283,0.29734834669199683,1.0148110589182586,6.715350350969772,-4.845206029678627,-0.19997414386254542,1.1235165098055229,0.2971664705946167,0.9625402567602026,77.00000000000001
KS,20201,2014,191.9,107.6,2.8704763305309164,1.6083800606208003,1.36389826903911,27.192375795869587,1.0,17.514285714285705,-2.0142857142857196,-0.46411541200773154,-0.4915376316943618,0.054593136577012036,-0.4250448916173646,12.076095596648457,-6.316850250453788,-0.5566511862101017,-0.47734406247098077,0.05428394721146577,-0.5139052552860622,84.30000000000001
KS,20201,2016,166.8,120.2,3.791638248174352,1.8068698871951805,1.160526329131937,27.77667016139485,1.0,-7.585714285714289,10.585714285714289,0.45704650563570404,-0.29304780511998163,-0.1487788033301609,0.15924947390789868,-17.502413911994157,2.7398613079959038,0.2883047997372613,-0.2671654141832274,-0.14934261923203943,-0.0027900127820823795,46.60000000000001
KS,20203,2010,185.8,73.6,2.3208255292900137,2.7656041936354403,1.6059617967301474,28.72055987782412,1.0,6.612500000000011,0.04999999999999716,0.20854893709281042,0.03610594945006218,-0.06422983682933081,0.03303864204733742,15.289612172995087,6.915121355503735,0.35619792975395104,0.013458857380401767,-0.06373649791518711,0.17482319290107395,112.20000000000002
KS,20203,2011,189.1,60.3,1.7025895324534042,3.875521757606405,2.0414900100275486,30.078328298550502,1.0,9.912499999999994,-13.25,-0.40968705974379915,1.146023513421027,0.3712983764680704,1.390807062773721,16.35035741867376,-8.15652286527142,-0.30014103293069483,1.1292208322080532,0.371664402114048,1.4960020521168158,128.8
KS,20203,2012,139.8,28.2,1.009997370209362,3.804257351054828,2.13586041343372,30.92570021190699,1.0,-39.38749999999999,-45.349999999999994,-1.1022792219878412,1.07475910686945,0.4656687798742416,2.2381789761302073,-35.18889733564753,-42.02816708604657,-1.0308361610227732,1.0638008365131626,0.4659074922520531,2.3067844039626606,111.60000000000001
KS,20203,2013,158.3,39.1,1.874092522690998,2.8991179174799826,1.7056176421346314,28.54025999348032,1.0,-20.88749999999999,-34.449999999999996,-0.2381840695062054,0.16961967329460448,0.03542600857515321,-0.1472612422964623,-18.928152089968844,-32.89981130682173,-0.20484397438917365,0.16450581379500373,0.035537407684798565,-0.11524537597465084,119.20000000000002
KS,20203,2014,175.4,59.6,2.2360396022698765,2.311726087897453,1.5957223945377257,28.09870082409028,1.0,-3.7874999999999943,-13.949999999999996,0.12376301007267321,-0.4177721562879251,-0.07446923902175251,-0.5888204116865019,-4.067406844290158,-14.17145552759689,0.11900013934166867,-0.41704160493083925,-0.07448515318027327,-0.5933941068753321,115.80000000000001
KS,20203,2016,205.9,116.6,2.800092285099953,2.0977580404063016,1.4044349216178325,27.76669023468232,1.0,26.712500000000006,43.05,0.6878156929027495,-0.6317402037790765,-0.26575671194164574,-0.9208310010944629,21.954083647067222,39.285256030852786,0.6068468904756723,-0.6193208307086175,-0.26602725263649873,-0.9985838193045765,89.30000000000001
KS,20203,2017,193.4,120.5,2.802768384938234,1.8560124193276104,1.401947847851955,27.287092811859846,1.0,14.212500000000006,46.95,0.6904917927410308,-0.8734858248577677,-0.2682437857075233,-1.4004284239169351,7.2148288927459125,41.41361181007763,0.5714200244659173,-0.8552220409306223,-0.2686416396705424,-1.5147708036376903,72.9
KS,20203,2018,185.8,90.5,2.151807510625784,2.225988186075002,1.4704980421422658,28.082837633819867,1.0,6.612500000000011,16.950000000000003,0.03953091842858081,-0.503510058110376,-0.19969359141721243,-0.6046836019569142,-2.624425861575391,9.641967589302475,-0.11764381569456889,-0.47940186332654394,-0.20021875864839767,-0.7556155431883111,95.30000000000001
NE,31001,2008,190.0,125.0,3.516440532336394,0.7624757462238921,0.9803571039334574,24.846602151411453,1.0,-13.4909090909091,4.154545454545456,0.5979832062867536,-0.8079896902635088,-0.2460623697941543,-1.543347717831491,-2.29463531930255,13.012766558421246,0.7884980355269351,-0.8372117445469416,-0.24542580345332374,-1.3603999102782824,65.0
NE,31001,2009,204.1,112.6,2.255220589818858,0.7911133269668619,0.9630394102820256,24.744075471355632,1.0,0.6090909090908951,-8.24545454545455,-0.663236736230782,-0.779352109520539,-0.2633800634455862,-1.6458743978873116,9.566109926376134,-1.158877662353917,-0.5108248728386369,-0.8027297529472852,-0.2628708103729217,-1.4995161518447448,91.5
NE,31001,2010,194.4,133.6,3.276973618802066,1.1355059576590962,1.03525937388296,26.13334789026994,1.0,-9.090909090909093,12.75454545454545,0.3585162927524257,-0.43495947882830466,-0.19116009984465165,-0.25660197897300563,-2.373144827945165,18.069478116870926,0.4728251902965346,-0.45249271139836433,-0.1907781600401533,-0.14683329444108056,60.80000000000001
NE,31001,2011,205.0,140.7,3.10203700396801,2.6585225558120307,1.459342399050021,27.86191672243292,1.0,1.5090909090909008,19.854545454545445,0.18357967791836982,1.0880571193246298,0.2329229253224092,1.4719668531899757,5.98760041773352,23.39783389609576,0.2597856096144424,1.0763682976112567,0.23317755185874145,1.5451459762112592,64.30000000000001
NE,31001,2012,206.5,51.2,1.8394417165384256,3.634938270417364,1.9606399342642464,30.19937882832167,1.0,3.009090909090901,-69.64545454545454,-1.0790156095112147,2.064472833929963,0.7342204605366347,3.8094289590787263,5.248345663412211,-67.87381032467938,-1.0409126436631784,2.0586284230732765,0.7343477738048008,3.846018520589368,155.3
NE,31001,2013,197.8,97.7,2.441833661436009,2.491271408543484,1.4467198883377062,27.133357498197046,1.0,-5.690909090909088,-23.14545454545454,-0.47662366461363126,0.9208059720560833,0.22030041461009442,0.7434076289541025,-5.690909090909088,-23.14545454545454,-0.47662366461363126,0.9208059720560833,0.22030041461009442,0.7434076289541025,100.10000000000001
NE,31001,2014,192.9,111.4,3.4667972572552124,0.8721175242303324,1.2045804744232558,25.594259907655864,1.0,-10.590909090909093,-9.445454545454538,0.5483399312055721,-0.6983479122570685,-0.021838999304355955,-0.7956899615870796,-12.830163845230404,-11.217098766229697,0.5102369653575358,-0.692503501400382,-0.02196631257252207,-0.8322795230977214,81.5
NE,31001,2015,220.5,128.7,3.0161186433318963,1.047639246141439,1.0435150103713131,25.71173106592155,1.0,17.0090909090909,7.854545454545445,0.09766131728225602,-0.5228261903459619,-0.18290446335629862,-0.6782188033213927,12.53058140044828,4.311257012995128,0.021455385586183442,-0.5111373686325887,-0.18315908989263086,-0.7513979263426761,91.80000000000001
NE,31001,2016,195.3,121.7,2.8083214146133213,1.3870865635327418,1.1196823177275204,26.425782077689103,1.0,-8.190909090909088,0.8545454545454589,-0.11013591143631896,-0.18337887295465904,-0.10673715600009137,0.035832208446159086,-14.908673353873017,-4.460387207780015,-0.22444480898042782,-0.16584564038459937,-0.10711909580458971,-0.07393647608576598,73.60000000000001
NE,31001,2017,207.2,147.5,3.293116691834995,1.268526657332598,1.2123929874335864,26.1497403600118,1.0,3.7090909090908895,26.654545454545456,0.37465936578535475,-0.30193877915480294,-0.014026486294025364,-0.2402095092311427,-5.247928108194349,19.567968571444823,0.2222475023932096,-0.2785611357280567,-0.014535739366689825,-0.38656775527370946,59.69999999999999
NE,31001,2018,224.7,159.2,3.0867294566108527,1.225922544501569,1.0650853112976364,25.48925658840539,1.0,21.20909090909089,38.354545454545445,0.16827213056121249,-0.344542891985832,-0.16133416242997534,-0.9006932808375545,10.01281713748434,29.496324350669653,-0.02224269867896897,-0.3153208377023992,-0.1619707287708059,-1.083641088390763,65.5
NE,31003,2008,193.0,101.0,3.0042451326551327,0.4535577395197924,0.9020335134364084,23.90847870003188,1.0,-11.027272727272731,-18.654545454545456,0.08072754847425578,-0.7213401940555869,-0.21137592692251772,-1.339387080002549,0.16900104433381813,-9.796324350669666,0.27124237771443727,-0.7505622483390197,-0.21073936058168716,-1.1564392724493404,92.0
NE,31003,2009,210.4,127.7,2.28003574167494,0.4849620614892009,0.8494721869838996,23.2812175304858,1.0,6.372727272727275,8.045454545454547,-0.643481842505937,-0.6899358720861783,-0.2639372533750265,-1.9666482495486264,15.329746290012514,15.13203142855518,-0.4910699791137918,-0.7133135155129245,-0.263428000302362,-1.8202900035060596,82.7
NE,31003,2010,194.0,123.0,3.892780343216108,0.696234031134147,1.0329092027300009,25.055959811915088,1.0,-10.027272727272731,3.345454545454544,0.9692627590352312,-0.47866390244123236,-0.08050023762892522,-0.19190596811933958,-3.309508464308802,8.660387207780019,1.08357165657934,-0.49619713501129203,-0.08011829782442688,-0.08213728358741451,71.0
NE,31003,2011,190.3,104.1,2.8704457983775904,2.4444228775690453,1.388737990661136,26.90299849195398,1.0,-13.72727272727272,-15.554545454545462,-0.05307178580328653,1.269524943993666,0.2753285503022098,1.6551327119195527,-9.2487632186301,-12.011257012995145,0.02313414589278605,1.257836122280293,0.27558317683854205,1.7283118349408362,86.20000000000002
NE,31003,2012,196.4,38.3,1.4269626179254618,3.728767619034652,1.9601651098095003,29.868289446775563,1.0,-7.627272727272725,-81.35454545454546,-1.4965549662554152,2.5538696854592726,0.8467556694505742,4.620423666741136,-5.388017972951415,-79.5829012337703,-1.4584520004073789,2.548025274602586,0.8468829827187403,4.6570132282517775,158.10000000000002
NE,31003,2013,202.9,100.5,2.809516529064456,1.903059405133094,1.2944607931998235,26.062258518024425,1.0,-1.1272727272727252,-19.154545454545456,-0.11400105511642078,0.7281614715577147,0.18105135284089746,0.8143927379899978,-1.1272727272727252,-19.154545454545456,-0.11400105511642078,0.7281614715577147,0.18105135284089746,0.8143927379899978,102.4
NE,31003,2014,197.1,132.1,3.1496084600316063,0.2925619186531361,0.9712039890262564,23.976810126289823,1.0,-6.927272727272737,12.445454545454538,0.2260908758507294,-0.8823360149222432,-0.1422054513326697,-1.2710556537446038,-9.166527481594047,10.67381032467938,0.1879879100026931,-0.8764916040655567,-0.14233276460083583,-1.3076452152552456,65.0
NE,31003,2015,207.7,153.1,2.8742242710430346,0.5201506421339884,0.9669241874385636,24.55157145303137,1.0,3.6727272727272577,33.44545454545454,-0.049293313137842354,-0.6547472914413909,-0.14648525292036252,-0.6962943270030557,-0.8057822359153617,29.90216610390422,-0.12549924483391495,-0.6430584697280177,-0.14673987945669476,-0.7694734500243391,54.599999999999994
NE,31003,2016,214.4,144.1,3.17732504973314,0.774815874628853,0.9599130160209696,25.174544441267447,1.0,10.372727272727275,24.445454545454538,0.2538074655522631,-0.40008205894652626,-0.15349642433795652,-0.07332133876698066,3.654963009763346,19.130521883129063,0.13949856800815422,-0.3825488263764666,-0.15387836414245487,-0.18309002329890572,70.30000000000001
NE,31003,2017,223.5,133.9,3.12199150599195,0.8916365711888475,1.0688013698940182,24.84841662116165,1.0,19.47272727272727,14.24545454545455,0.19847392181107315,-0.28326136238653177,-0.04460807046490789,-0.3994491588727769,10.51570825544203,7.158877662353917,0.04606205841892799,-0.2598837189597855,-0.04511732353757235,-0.5458074049153436,89.6
NE,31003,2018,214.6,158.4,3.551557976276229,0.7337085288444154,0.8528824847476107,24.09597843944165,1.0,10.572727272727263,38.74545454545455,0.6280403920953521,-0.4411894047309639,-0.26052695561131534,-1.1518873405927756,-0.6235464988792856,29.887233441578758,0.43752556285517064,-0.41196735044753113,-0.2611635219521459,-1.3348351481459841,56.19999999999999
NE,31007,2008,136.0,55.0,1.6207674933250231,1.0389623562111727,1.2905817207208852,24.50002417322063,1.0,-5.699999999999989,7.674999999999997,0.18477702906390125,-0.4141406511675707,-0.16932882060627485,-1.115500678600899,1.01776426296394,12.989932662325472,0.29908592660801014,-0.4316738837376304,-0.1689468808017765,-1.005731994068974,81.0
NE,31007,2010,143.1,59.3,1.554160010651186,1.13424261590286,1.3326301245332766,24.85302278732587,1.0,1.4000000000000057,11.974999999999994,0.11816954639006405,-0.3188603914758834,-0.12728041679388347,-0.7625020644956599,3.6392547543213154,13.746644220775153,0.15627251223810035,-0.32470480233257,-0.12715310352571735,-0.7259125029850182,83.8
NE,31007,2012,143.0,14.1,0.636927359255258,2.6748137663004545,2.0025169651038324,28.557730187000367,1.0,1.3000000000000114,-33.225,-0.7990631050058639,1.221710758921711,0.5426064237766723,2.942205335178837,-0.9392547543212983,-34.99664422077516,-0.8371660708539002,1.2275551697783977,0.5424791105085063,2.9056157736681953,128.9
NE,31007,2014,144.7,60.9,1.93210699381302,0.9643932911004864,1.213913354950646,24.55132225973925,1.0,3.0,13.574999999999996,0.4961165295518981,-0.488709716278257,-0.24599718637651402,-1.0642025920822782,-3.7177642629639287,8.26006733767452,0.3818076320077892,-0.4711764837081973,-0.24637912618101238,-1.1739712766142032,83.79999999999998
NE,31011,2008,185.0,137.0,3.2083814878495924,0.508068227794258,0.8995518778792448,24.119838004900647,1.0,-9.754545454545479,-5.172727272727286,0.23026028577379476,-0.6892536792874989,-0.18781542031938603,-1.2797639831715024,1.4417283170610702,3.685493831148504,0.42077511501397624,-0.7184757335709318,-0.18717885397855547,-1.096816175618294,48.0
NE,31011,2009,202.1,150.8,2.350126210013311,0.5139525766407447,0.8432942862755813,23.49112280195472,1.0,7.3454545454545155,8.627272727272725,-0.6279949920624865,-0.6833693304410122,-0.24407301192304953,-1.9084791861174288,16.302473562739756,15.713849610373359,-0.47558312867034136,-0.7067469738677584,-0.24356375885038506,-1.762120940074862,51.29999999999998
NE,31011,2010,185.1,140.0,3.760611687757203,0.7637115054369692,0.9913669156286958,25.397865666430025,1.0,-9.654545454545485,-2.172727272727286,0.7824904856814054,-0.4336104016447877,-0.09600038256993504,-0.0017363216421237837,-2.936781191581556,3.142205389598188,0.8967993832255143,-0.4511436342148474,-0.0956184427654367,0.10803236288980128,45.099999999999994
NE,31011,2011,167.8,133.6,2.939717294095418,2.5149405823124664,1.364279773190917,27.15489460452883,1.0,-26.954545454545467,-8.572727272727292,-0.038403907980379515,1.3176186752307095,0.2769124749922862,1.755292616456682,-22.476035945902847,-5.029438831176975,0.037802023715693064,1.3059298535173365,0.27716710152861845,1.8284717394779655,34.20000000000002
NE,31011,2012,173.8,32.4,1.3844119854046075,3.769197771064137,1.9352393526735756,30.00557239970746,1.0,-20.954545454545467,-109.77272727272728,-1.5937092166711901,2.57187586398238,0.8478720544749447,4.605970411635312,-18.71529070022416,-108.00108305195212,-1.5556062508231538,2.5660314531256936,0.8479993677431108,4.6425599731459535,141.4
NE,31011,2013,200.0,138.3,2.79416021262249,1.8808043105137864,1.2356376324976084,26.080006398413577,1.0,5.245454545454521,-3.872727272727275,-0.18396098945330763,0.6834824034320295,0.1482703342989775,0.6804044103414277,5.245454545454521,-3.872727272727275,-0.18396098945330763,0.6834824034320295,0.1482703342989775,0.6804044103414277,61.69999999999999
NE,31011,2014,204.0,170.0,3.1126807016977143,0.3049583375063083,0.9378800640454302,24.066507021141675,1.0,9.245454545454521,27.827272727272714,0.1345594996219166,-0.8923635695754486,-0.14948723415320064,-1.3330949669304744,7.006199791133211,26.055628506497555,0.0964565337738803,-0.8865191587187621,-0.14961454742136676,-1.369684528441116,34.0
NE,31011,2015,204.7,158.2,3.38501190265014,0.559577390818421,0.910068445338326,24.633605549851985,1.0,9.94545454545451,16.027272727272702,0.4068907005743423,-0.637744516263336,-0.1772988528603049,-0.7659964382201636,5.46694503681189,12.483984285722386,0.3306847688782697,-0.6260556945499628,-0.17755347939663713,-0.839175561241447,46.5
NE,31011,2016,212.1,171.7,3.20823662693906,0.6789868207233658,0.925105779153262,25.109361174099703,1.0,17.345454545454515,29.527272727272702,0.23011542486326242,-0.5183350863583911,-0.1622615190453689,-0.2902408139724457,10.627690282490587,24.212340064947227,0.11580652731915356,-0.5008018537883314,-0.16264345884986725,-0.4000094985043708,40.400000000000006
NE,31011,2017,202.9,156.8,2.9756245708156803,0.8897483336348195,1.059722911220491,25.046375861742604,1.0,8.145454545454527,14.627272727272725,-0.0024966312601173435,-0.30757357344693737,-0.02764438697813998,-0.3532261263295453,-0.811564471830712,7.540695844172093,-0.1549084946522625,-0.2841959300201911,-0.02815364005080444,-0.49958437237211206,46.099999999999994
NE,31011,2018,204.8,175.1,3.64037054298856,0.786595121454051,0.858893242281808,24.2904723860224,1.0,10.045454545454533,32.92727272727271,0.6622493409127626,-0.4107267856277059,-0.2284740559168229,-1.109129602049748,-1.1508192261520165,24.069051623396916,0.47173451167258107,-0.38150473134427315,-0.22911062225765347,-1.2920774096029566,29.700000000000017
NE,31013,2008,147.0,42.0,1.7574546368646315,0.910367801685139,1.155228638544693,23.81266298895989,1.0,-16.01111111111109,-12.988888888888894,-0.20829052949941018,-0.26805071879462317,-0.08601974042449423,-0.7418382203726246,-6.805286010012431,-5.7054626479244,-0.051645003235261944,-0.29207774120544555,-0.08549634143314465,-0.591414467495543,105.0
NE,31013,2009,158.9,69.4,2.224602904234179,0.4757568195272639,0.9960889053550056,23.06451921877666,1.0,-4.111111111111086,14.411111111111111,0.2588577378701373,-0.7026617009524982,-0.24515947361418167,-1.4899819905558545,2.855459235666266,19.922893131300448,0.37740029828624927,-0.720844312506634,-0.2447633878909982,-1.3761477991894147,89.5
NE,31013,2010,162.2,65.2,2.305513955271754,0.9540762254787748,1.1539206602979757,24.1099053309299,1.0,-0.8111111111111029,10.211111111111109,0.33976878890771234,-0.22434229500098735,-0.08732771867121158,-0.4445958784026125,3.9162044813449386,13.951248910525287,0.420208383475788,-0.2366804956984366,-0.08705894621619423,-0.36735124854681434,96.99999999999999
NE,31013,2011,163.9,65.9,2.135970178687543,1.4187292522991988,1.2536549946465765,24.68808573954808,1.0,0.8888888888889142,10.911111111111111,0.17022501232350118,0.24031073181943663,0.01240661567738921,0.1335845302155647,3.3769497270236464,12.879604689750131,0.21256164104354053,0.23381694197867395,0.012548074864240446,0.17423959856072121,98.0
NE,31013,2012,153.8,20.9,0.7128172862969183,2.6956895448141998,1.921609411194517,28.21751547978013,1.0,-9.21111111111108,-34.088888888888896,-1.2529278800671233,1.5172710243344376,0.6803610322253297,3.663014270447615,-8.962305027297658,-33.892039531025034,-1.2486942171951203,1.5166216453503614,0.6803751781440148,3.66707977728213,132.9
NE,31013,2013,165.4,35.5,1.7519888363676188,1.372674491765108,1.2717212148857426,24.841591216680737,1.0,2.388888888888914,-19.488888888888894,-0.2137563299964229,0.19425597128534577,0.030472835916555363,0.28709000734822254,0.3984402183810267,-21.06368375180019,-0.24762563297245613,0.1994510031579562,0.03035966856707437,0.2545659526720957,129.9
NE,31013,2014,180.6,76.9,2.400182653115596,0.7806381610725989,1.0734858395793048,23.79808120824085,1.0,17.588888888888903,21.91111111111111,0.43443748675155414,-0.3977803594071633,-0.1677625393898825,-0.7564200010916657,13.359185464059706,18.564672027424656,0.36246521792748465,-0.3867409166778663,-0.16800302000752962,-0.8255336172784343,103.69999999999999
NE,31013,2015,164.1,55.6,2.437485742277744,0.8968977986162655,1.0855072421915632,23.844670084865196,1.0,1.0888888888889028,0.6111111111111072,0.4717405759137021,-0.28152072186349664,-0.15574113677762402,-0.7098311244673177,-5.380069290261604,-4.506972193350506,0.3616653412415963,-0.2646368682775131,-0.15610893066343726,-0.8155343021647279,108.5
NE,31013,2017,171.2,63.5,1.9656903041603897,1.1009365890593124,1.2600185040273062,24.613479616211173,1.0,8.188888888888897,8.511111111111106,-5.486220365202854e-05,-0.07748193142044979,0.018770125058118925,0.05897840687865852,-2.75857879890423,-0.15026063490082286,-0.1863360285718304,-0.048909256121093134,0.01814770463597347,-0.11990389384003511,107.69999999999999
NE,31015,2008,195.0,109.0,3.079505482076834,0.7181120352793007,0.9871045013263616,24.25609041998302,1.0,2.8499999999999943,-3.2166666666666544,0.2131282887621193,-0.8747098044486799,-0.2691052424217414,-1.4732274891107977,9.940973388684311,2.3935400324548137,0.33378768061423714,-0.8932171054948544,-0.26870208373921534,-1.3573605443270962,86.0
NE,31015,2009,201.0,135.1,2.648208807178662,0.543701485490451,0.9038545387439756,23.426164356151464,1.0,8.849999999999994,22.88333333333334,-0.21816838613605283,-1.0491203542375294,-0.3523552050041274,-2.303153552942355,13.701718634363,26.72189581167965,-0.1356119601319713,-1.0617832444270174,-0.3520793595897675,-2.2238761696692952,65.9
NE,31015,2010,181.2,135.9,4.162452318049103,1.002215392862702,1.1135993911499809,25.163932740479183,1.0,-10.950000000000017,23.68333333333335,1.2960751247343878,-0.5906064468652785,-0.14261035259812216,-0.5653851686146361,-8.337536119958319,25.750251590904504,1.340528584890433,-0.59742492619808,-0.14246182045192834,-0.522697346852218,45.29999999999998
NE,31015,2011,176.5,122.0,2.906997495277885,2.394626722171078,1.391275291686061,26.63720551549685,1.0,-15.650000000000006,9.783333333333346,0.040620301963170125,0.8018048824430977,0.13506554793795789,0.9078876064030297,-15.276790874279618,10.07860737012934,0.04697079627117906,0.8008308139669827,0.13508676681598558,0.9139858666548061,54.5
NE,31015,2012,192.4,26.9,1.3255130591042752,3.812852153671872,2.000377836522227,29.84498386929388,1.0,0.25,-85.31666666666666,-1.5408641342104397,2.2200303139438917,0.7441680927741239,4.115665960200062,-1.6160456286009217,-86.79303685064583,-1.572616605750467,2.2249006563244635,0.7440619983839855,4.085174658941196,165.5
NE,31015,2017,206.8,144.4,3.075585998201529,1.085423248892479,1.1410469030600126,25.0475305531585,1.0,14.650000000000006,32.18333333333335,0.20920880488681393,-0.5073985908355014,-0.11516284068809046,-0.6817873559353202,1.5876805997925345,21.848742045478396,-0.013058495893394861,-0.47330619417149694,-0.11590550141905946,-0.895226464747394,62.400000000000006
NE,31017,2011,176.1,102.5,2.888825596319021,1.9261429620550048,1.3004766533736285,25.95732351616161,1.0,-20.920000000000016,10.620000000000005,0.12060136960761536,0.521395981547716,0.040305524449423036,0.3263733057178868,-13.754384786171723,16.289261506480592,0.24253086032133322,0.5026938668063188,0.04071292690755461,0.4434599025519419,73.6
NE,31017,2013,178.3,59.4,2.451345383701105,1.8611486873042185,1.3604738615862038,26.023043964448487,1.0,-18.72,-32.48,-0.31687884301030067,0.4564017067969297,0.1003027326619983,0.3920937540047653,-16.032894294814326,-30.354026935069726,-0.27115528399265537,0.4493884137689056,0.10045550858379763,0.43600122781753703,118.9
NE,31017,2014,195.5,73.4,2.6147020473366056,0.6943821546019092,1.1758020321081797,24.823374651027137,1.0,-1.5200000000000102,-18.47999999999999,-0.15352217937480006,-0.7103648259053795,-0.08436909681602578,-0.8075755594165841,-1.0721490491356465,-18.125671155844877,-0.14590158620519106,-0.7115337080767171,-0.08434363416239254,-0.8002576471144541,122.1
NE,31017,2016,214.3,127.0,2.877573621927888,1.1408079361737082,1.1512841843876538,25.63336233338959,1.0,17.28,35.120000000000005,0.10934939521648213,-0.2639390443335805,-0.10888694453655168,0.00241212294587001,13.249341442221745,31.9310404026048,0.040764056690018535,-0.25341910479154495,-0.10911610841925068,-0.06344908777328337,87.30000000000001
NE,31017,2017,220.9,97.1,3.008674484272408,1.4012531624016036,1.3128189131653616,25.71764658719179,1.0,23.879999999999995,5.219999999999999,0.24045025756100236,-0.0034938181056851647,0.052647784241156126,0.08669637674806907,17.61008668790043,0.2593961818296364,0.13376195318650247,0.012870532293036932,0.052291307090291006,-0.015754395481725997,123.80000000000001
NE,31019,2008,182.0,111.0,3.409611510840145,0.6596821517169635,0.9727287145271885,24.52680041692665,1.0,-22.827272727272714,-1.5545454545454476,0.6310670482863845,-0.7795897745295122,-0.24290963283521905,-1.5106373072160757,-11.630998955666165,7.3036756493303425,0.821581877526566,-0.808811828812945,-0.24227306649438848,-1.3276894996628672,71.0
NE,31019,2009,201.1,133.7,2.586418051451404,0.6043087445037081,0.9150926510475574,23.95897031577563,1.0,-3.7272727272727195,21.14545454545454,-0.19212641110235618,-0.8349631817427676,-0.30054569631485006,-2.0784674083670964,5.229746290012519,28.232031428555175,-0.03971454771021102,-0.8583408251695138,-0.3000364432421856,-1.9321091623245297,67.4
NE,31019,2010,188.7,135.7,3.2419374787263244,0.8868624522353177,1.021383750431413,25.68666051314678,1.0,-16.127272727272725,23.14545454545454,0.4633930161725641,-0.552409474011158,-0.19425459693099456,-0.35077721099594683,-9.409508464308797,28.460387207780016,0.577701913716673,-0.5699427065812177,-0.1938726571264962,-0.24100852646402177,53.0
NE,31019,2011,178.1,127.5,2.7925598186866125,2.4960455504140766,1.4431536804790386,27.487398356716145,1.0,-26.72727272727272,14.945454545454552,0.014015356132852208,1.056773624167601,0.22751533311663108,1.4499606325734185,-22.2487632186301,18.48874298700487,0.09022128782892479,1.0450848024542279,0.22776995965296332,1.523139755594702,50.599999999999994
NE,31019,2012,210.3,30.6,1.279395190273391,3.5899367738281915,1.965215095740224,29.92352602575473,1.0,5.4727272727272975,-81.95454545454544,-1.4991492722803692,2.150664847581716,0.7495767483778164,3.886088301612002,7.711982027048608,-80.18290123377028,-1.461046306432333,2.144820436725029,0.7497040616459825,3.9226778631226438,179.70000000000002
NE,31019,2013,197.4,65.4,2.560665545296934,2.269509017955426,1.3924922148771954,26.685068492334924,1.0,-7.427272727272708,-47.15454545454544,-0.2178789172568263,0.8302370917089501,0.17685386751478793,0.6476307681921973,-7.427272727272708,-47.15454545454544,-0.2178789172568263,0.8302370917089501,0.17685386751478793,0.6476307681921973,132.0
NE,31019,2014,207.8,100.1,3.2233834317160563,0.747848845573037,1.1523960702785865,25.108405567125544,1.0,2.9727272727272975,-12.454545454545453,0.44483896916229604,-0.6914230806734387,-0.06324227708382102,-0.9290321570171827,0.7334725184059878,-14.226189675320612,0.40673600331425974,-0.6855786698167522,-0.06336959035198714,-0.9656217185278244,107.70000000000002
NE,31019,2015,220.0,107.0,2.6327954979986985,1.0421339532319485,1.093539562512082,25.64649239828542,1.0,15.172727272727286,-5.554545454545448,-0.1457489645550618,-0.39713797301452725,-0.12209878485032544,-0.3909453258573059,10.694217764084666,-9.097833896095764,-0.2219548962511344,-0.38544915130115415,-0.12235341138665767,-0.4641244488785893,113.0
NE,31019,2016,213.4,124.8,2.850433465670102,1.271774524600129,1.1416374972695993,26.2171388035376,1.0,8.572727272727292,12.24545454545455,0.0718890031163415,-0.16749740164634663,-0.07400085009280821,0.17970107939487434,1.8549630097633631,6.930521883129075,-0.04241989442776736,-0.14996416907628696,-0.07438278989730655,0.06993239486294928,88.60000000000001
NE,31019,2017,220.0,133.3,2.960906718071716,1.2108133755507708,1.2235788565572192,25.944565186805104,1.0,15.172727272727286,20.745454545454564,0.1823622555179556,-0.22845855069570487,0.007940509194811707,-0.09287253733762313,6.215708255442047,13.65887766235393,0.029950392125810438,-0.20508090726895864,0.007431256122147245,-0.23923078338018988,86.69999999999999
NE,31019,2018,234.3,169.0,3.025882379359982,1.0530757991016657,1.0508037272663795,25.226788889161465,1.0,29.472727272727298,56.44545454545455,0.24733791680622152,-0.38619612714481,-0.164834620096028,-0.8106488349812615,18.27645350112075,47.58723344157876,0.05682308756604007,-0.3569740728613772,-0.16547118643685857,-0.99359664253447,65.30000000000001
NE,31021,2008,190.0,147.0,3.261564986410165,0.5218896292044269,0.8977189242028066,24.447250513531102,1.0,-2.4375,-14.074999999999989,-0.0193276089115062,-1.0697613031968252,-0.30480077698927366,-1.8560507955586658,5.959705328704912,-7.431334172093146,0.12355851301862988,-1.0916778439093997,-0.3043233522336507,-1.7188399398937595,43.0
NE,31021,2009,211.2,185.0,2.8245264455014336,0.5534742726490007,0.8606537925053104,24.005269351874134,1.0,18.76249999999999,23.92500000000001,-0.4563661498202376,-1.0381766597522513,-0.3418659086867699,-2.2980319572156347,24.92045057438359,28.797021607131697,-0.3515829937381378,-1.0542487896081394,-0.3415157971993131,-2.19741066306137,26.19999999999999
NE,31021,2010,159.8,160.0,4.203558368665704,0.8845118507252985,1.000814822387152,25.99456050461231,1.0,-32.63749999999999,-1.0749999999999886,0.9226657733440331,-0.7071390816759535,-0.20170487880492827,-0.3087408044774591,-28.718804179937695,2.025377386356538,0.9893459635780966,-0.717366800675155,-0.20148208058563757,-0.24470907183383617,-0.19999999999998863
NE,31021,2011,179.9,163.5,3.279295815708078,2.898807678361952,1.4678439805640209,27.953988771622363,1.0,-12.537499999999994,2.4250000000000114,-0.001596779613593391,1.3071567459607,0.2653242793719406,1.650687462532595,-10.858058934259013,3.75373316558138,0.026980444772433824,1.3027734378181852,0.2654197643230652,1.6781296336655762,16.400000000000006
NE,31021,2012,198.0,97.9,1.9502272556198328,4.065508814692624,1.979747003110935,30.54580052707817,1.0,5.5625,-63.17499999999998,-1.3306653397018384,2.473857882291372,0.7772273019188547,4.242499217988403,5.002686311419673,-63.61791105519377,-1.3401910811638476,2.475318985005544,0.7771954736018132,4.2333518276107425,100.1
NE,31021,2013,209.2,182.7,2.84242114278829,2.274944751199514,1.341436902541179,26.753625517980037,1.0,16.76249999999999,21.625,-0.43847145253338127,0.6832938187982618,0.13891720134909868,0.4503242088902688,13.963431557098351,19.410444724031052,-0.48610015984342664,0.69059933236912,0.13875805976389105,0.4045872570019667,26.5
NE,31021,2014,179.1,168.1,4.331967054856916,0.5049322086257974,1.0071136638662488,25.01987109547126,1.0,-13.337500000000006,7.025000000000006,1.0510744595352448,-1.0867187237754545,-0.1954060373258315,-1.2834302136185087,-18.375823197222953,3.0388005032559,0.9653427863771632,-1.0735687993479097,-0.19569249217920526,-1.3657567270174524,11.0
NE,31021,2017,212.3,184.4,3.553579693022949,1.0291382537514036,1.0648285203589891,25.706044190548774,1.0,19.86250000000001,23.325000000000017,0.27268709770127764,-0.5625126786498484,-0.13769118083309118,-0.5972571185409947,8.106412539813135,14.023867840930437,0.07264652699908711,-0.5318295216522441,-0.13835957549096328,-0.7893523164718637,27.900000000000006
NE,31023,2008,181.0,139.0,3.572584200379123,0.5951221132353953,0.919481523812544,24.517596074325432,1.0,-18.55000000000001,-12.930000000000007,0.1677443089709394,-0.8361909151241674,-0.23197113227762034,-1.5566336784848964,-8.473353605554118,-4.957601006511795,0.3392076552871027,-0.862490763979257,-0.2313982225708728,-1.3919806516870088,42.0
NE,31023,2009,214.2,162.9,2.4716991961387595,0.6062119679737688,0.8948158312772109,24.15324840045452,1.0,14.649999999999977,10.969999999999999,-0.9331406952694241,-0.825101060385794,-0.25663682481295347,-1.9209813523558097,22.48739164012456,17.170754772713053,-0.7997803148012971,-0.845556498384197,-0.2561912283743721,-1.7929178870685638,51.29999999999998
NE,31023,2010,184.5,151.9,3.731114008747337,0.9564606617843874,1.011983427010816,25.897477345007243,1.0,-15.050000000000011,-0.030000000000001137,0.32627411733915324,-0.4748523665751754,-0.13946922907934844,-0.176752407803086,-9.451863114196737,4.399110551937894,0.421531531959244,-0.4894633937168918,-0.13915094590893315,-0.08527850402648177,32.599999999999994
NE,31023,2011,193.5,162.5,3.357446148825778,2.746122816125176,1.4474690613672891,27.84217731397956,1.0,-6.050000000000011,10.569999999999993,-0.04739374258240581,1.3148097877656133,0.2960164052771248,1.7679475611692297,-2.691117868518047,13.22746633116273,0.009760706189648624,1.3060431714805834,0.29620737517937396,1.8228319034351923,31.0
NE,31023,2012,195.2,80.8,1.68685267551638,4.045806149150902,2.0150401300235354,30.59529229550662,1.0,-4.350000000000023,-71.13000000000001,-1.7179872158918037,2.614493120791339,0.8635874739333711,4.521062542696292,-3.2303726228393677,-70.24417788961243,-1.6989357329677857,2.611570915362996,0.8636511305674541,4.539357323451613,114.39999999999999
NE,31023,2013,206.0,139.3,2.8093510563616846,2.3426331138789047,1.3681802623519963,26.795377466910224,1.0,6.449999999999989,-12.629999999999995,-0.5954888350464991,0.911320085519342,0.21672760626183196,0.7211477140998959,5.3303726228393336,-13.515822110387575,-0.6145403179705172,0.9142422909476853,0.2166639496277489,0.702852933344575,66.69999999999999
NE,31023,2014,195.5,168.7,4.363978717125681,0.4791425591076617,1.0016682112388338,24.733333905310484,1.0,-4.050000000000011,16.769999999999982,0.9591388257174973,-0.9521704692519011,-0.14978444485133058,-1.3408958474998443,-7.408882131481976,14.112533668837244,0.9019843769454429,-0.9434038529668712,-0.14997541475357976,-1.3957801897658069,26.80000000000001
NE,31023,2015,209.7,176.0,4.029069245674637,0.6349821703680882,0.8392538797026026,24.859607538783663,1.0,10.149999999999977,24.069999999999993,0.6242293542664532,-0.7963308579914745,-0.31219877638756177,-1.2146222140266651,4.551863114196703,19.640889448062097,0.5289719396463625,-0.7817198308497582,-0.31251705955797704,-1.3060961178032693,33.69999999999999
NE,31023,2016,202.7,167.5,4.221448098706647,0.9785560651926102,0.9593234599329512,25.851982405711905,1.0,3.1499999999999773,15.569999999999993,0.8166082072984633,-0.4527569631669526,-0.19212919615721313,-0.2222473470984241,-4.6873916401246065,9.369245227286939,0.6832478268303362,-0.43230152516854964,-0.19257479259579455,-0.35031081238566997,35.19999999999999
NE,31023,2017,213.2,170.7,3.804855566605811,0.9280926667787333,1.0573107741838637,25.496204782113654,1.0,13.649999999999977,18.769999999999982,0.4000156751976274,-0.5032203615808295,-0.09414188190630068,-0.5780249706966742,3.573353605554084,10.79760100651177,0.22855232888146407,-0.47692051272574,-0.0947147916130482,-0.7426779974945619,42.5
NE,31025,2009,211.0,176.0,2.589368758546763,0.6050778319709562,0.8953459410302198,24.41874165647612,1.0,7.474999999999994,-1.0,-1.0220811729633321,-0.7728006331158859,-0.17983098613532555,-1.5970694754536616,18.671273771606543,7.85822110387579,-0.8315663437231506,-0.8020226873993187,-0.179194419794495,-1.4141216679004531,35.0
NE,31025,2013,194.6,149.3,2.935863524788027,2.483203206533472,1.4083434456089976,27.20601413219483,1.0,-8.925000000000011,-27.69999999999999,-0.675586406722068,1.10532474144663,0.33316651844345224,1.1902030002650505,-6.685745245678701,-25.92835577922483,-0.6374834408740317,1.0994803305899434,0.33329383171161836,1.2267925617756923,45.29999999999998
NE,31025,2016,220.4,180.0,4.861694362106044,1.1612161796170246,0.9621046214283924,26.457628207857727,1.0,16.875,3.0,1.2502444305959486,-0.21666228546981747,-0.11307230573715299,0.44181707592794695,12.39649049135738,-0.5432884415503163,1.174038498899876,-0.20497346375644435,-0.11332693227348523,0.36863795290666357,40.400000000000006
NE,31025,2018,188.1,202.7,4.058873080599548,1.2620166422259154,1.0349137005945717,25.980860531190437,1.0,-15.425000000000011,25.69999999999999,0.44742314908945247,-0.11586182286092672,-0.0402632265709737,-0.034950600739342974,-24.382019017285252,18.613423116899355,0.2950112856973073,-0.0924841794341805,-0.04077247964363816,-0.18130884678190973,-14.599999999999994
NE,31027,2008,195.0,135.0,2.7728955101351382,0.4522493615817515,0.9160807831703291,23.95168095489237,1.0,-3.790909090909082,-16.345454545454544,-0.30420790192329905,-0.7382818128441984,-0.2017487357843043,-1.3853219070935197,7.405364680697467,-7.487233441578754,-0.1136930726831176,-0.7675038671276312,-0.20111216944347374,-1.2023740995403112,60.0
NE,31027,2009,195.1,155.9,2.550855271204995,0.4742238790194008,0.8704611383058628,23.402874069374224,1.0,-3.690909090909088,4.554545454545462,-0.5262481408534425,-0.7163072954065491,-0.24736838064877065,-1.9341287926116664,5.266109926376151,11.641122337646095,-0.37383627746129733,-0.7396849388332953,-0.24685912757610617,-1.7877705465690996,39.19999999999999
NE,31027,2010,195.0,167.3,3.967359481501624,0.6993275310093987,0.9893148802894176,25.282304855471907,1.0,-3.790909090909082,15.954545454545467,0.8902560694431867,-0.4912036434165512,-0.12851463866521584,-0.054698006513984154,2.9268551720548466,21.269478116870943,1.0045649669872956,-0.5087368759866109,-0.1281326988607175,0.05507067801794091,27.69999999999999
NE,31027,2011,183.9,150.2,2.8934119745307814,2.491616037525703,1.3988655511054875,26.846500974547396,1.0,-14.890909090909076,-1.1454545454545553,-0.18369143752765593,1.3010848630997531,0.28103603215085404,1.5094981125615057,-10.412399582266456,2.397833896095761,-0.10748550583158335,1.28939604138638,0.2812906586871863,1.5826772355827892,33.70000000000002
NE,31027,2012,167.5,33.2,1.4203332917884264,3.693714905631301,1.9491915851302708,29.741091144617872,1.0,-31.290909090909082,-118.14545454545454,-1.656770120270011,2.5031837312053513,0.8313620661756373,4.404088282631982,-29.051654336587774,-116.37381032467938,-1.6186671544219746,2.4973393203486647,0.8314893794438034,4.440677844142623,134.3
NE,31027,2013,201.0,168.7,2.737751273673792,1.953483314566248,1.3154631838553863,26.06563214023456,1.0,2.209090909090918,17.354545454545445,-0.3393521383846454,0.7629521401402981,0.19763366490075285,0.7286292782486683,2.209090909090918,17.354545454545445,-0.3393521383846454,0.7629521401402981,0.19763366490075285,0.7286292782486683,32.30000000000001
NE,31027,2014,197.4,173.9,3.8528291843836056,0.2155137797703777,0.9596580398126098,23.865563285689955,1.0,-1.3909090909090764,22.554545454545462,0.7757257723251683,-0.9750173946555722,-0.15817147914202367,-1.4714395762959356,-3.630163845230386,20.782901233770303,0.737622806477132,-0.9691729837988857,-0.1582987924101898,-1.5080291378065773,23.5
NE,31027,2015,212.6,180.8,3.081312156360758,0.4969241682995374,0.9859621077208528,24.75301328647185,1.0,13.809090909090912,29.454545454545467,0.004208744302320877,-0.6936070061264126,-0.13186741123378065,-0.583989575514039,9.330581400448292,25.91125701299515,-0.0719971873937517,-0.6819181844130394,-0.1321220377701129,-0.6571686985353223,31.799999999999983
NE,31027,2016,211.1,157.5,3.3173526571371648,0.8236153213728804,0.9622610935114836,25.255206222263972,1.0,12.309090909090912,6.154545454545456,0.24024924507872747,-0.3669158530530695,-0.15556842544314986,-0.08179663972191875,5.5913266461269835,0.8396127922199819,0.1259403475346186,-0.34938262048300983,-0.15595036524764821,-0.19156532425384382,53.599999999999994
NE,31027,2017,214.3,154.7,3.008616332114169,0.953115484449473,1.1016537744907426,25.21305339987583,1.0,15.50909090909093,3.3545454545454447,-0.06848707994426828,-0.23741568997647688,-0.016175744463890807,-0.12394946211006186,6.55207189180569,-3.732031428555188,-0.22089894333641344,-0.21403804654973066,-0.01668499753655527,-0.2703077081526286,59.60000000000002
NE,31027,2018,213.8,187.6,4.245420399812358,0.8420591354593769,0.8472125711085262,24.330111148404875,1.0,15.00909090909093,36.25454545454545,1.1683169877539203,-0.348472038966573,-0.27061694784610724,-1.006891713581016,3.8128171374843802,27.39632435066966,0.9778021585137389,-0.3192499846831402,-0.2712535141869378,-1.1898395211342245,26.200000000000017
NE,31029,2008,193.0,82.0,2.1635155164697366,1.420390510132007,1.2620339325652543,25.69955304534028,1.0,0.7272727272727195,7.772727272727266,-0.14206129429898562,-0.45218917855974516,-0.15789545293271057,-0.9568066652694966,11.923546498879269,16.630948376603058,0.048453534941195836,-0.48141123284317794,-0.15725888659188,-0.7738588577162882,111.0
NE,31029,2009,159.9,91.5,2.674903925179167,0.8824146180356289,1.067790428597639,24.69750234968901,1.0,-32.372727272727275,17.272727272727266,0.36932711441044486,-0.9901650706561231,-0.35213895690032593,-1.9588573609207671,-23.415708255442034,24.3593041558279,0.52173897780259,-1.0135427140828694,-0.35162970382766146,-1.8124991148782004,68.4
NE,31029,2010,196.1,87.2,2.9177089354242374,1.6654934325518724,1.3826542808742155,26.584668507106024,1.0,3.827272727272714,12.972727272727269,0.6121321246555151,-0.20708625613987963,-0.03727510462374939,-0.0716912035037538,10.545036990236643,18.287659935052744,0.726441022199624,-0.2246194887099393,-0.03689316481925104,0.03807748102817127,108.89999999999999
NE,31029,2011,122.1,73.2,2.597048787316836,2.702376345332164,1.6031433712042715,27.613844868602904,1.0,-70.17272727272729,-1.027272727272731,0.29147197654811396,0.8297966566404118,0.18321398570630665,0.9574851579931263,-65.69421776408467,2.5160157142775854,0.36767790824418656,0.8181078349270386,0.18346861224263888,1.0306642810144098,48.89999999999999
NE,31029,2012,197.8,17.4,1.196428790198101,3.632864535532939,2.1285359901189933,30.218834915936835,1.0,5.527272727272731,-56.827272727272735,-1.1091480205706212,1.760284846841187,0.7086066046210284,3.5624752053270576,7.766527481594041,-55.05562850649758,-1.071045054722585,1.7544404359845003,0.7087339178891945,3.5990647668376994,180.4
NE,31029,2013,196.1,31.5,1.8478372511769277,2.4039294219318723,1.5481118077096996,27.080772675677235,1.0,3.827272727272714,-42.727272727272734,-0.4577395595917946,0.5313497332401202,0.1281824222117347,0.4244129650674573,3.827272727272714,-42.727272727272734,-0.4577395595917946,0.5313497332401202,0.1281824222117347,0.4244129650674573,164.6
NE,31029,2014,208.0,80.9,2.451973769825763,1.302768768028785,1.3564287726669857,26.11461432700633,1.0,15.72727272727272,6.672727272727272,0.14639695905704064,-0.5698109206629671,-0.06350061283097919,-0.5417453836034483,13.48801797295141,4.901083051952114,0.10829399320900435,-0.5639665098062806,-0.0636279260991453,-0.57833494511409,127.1
NE,31029,2015,202.0,77.0,2.309739738482491,1.663256398544424,1.3160321004106874,26.243944497331565,1.0,9.72727272727272,2.7727272727272663,0.004162927713768916,-0.2093232901473281,-0.10389728508727747,-0.4124152132782122,5.2487632186301,-0.77056116882305,-0.07204300398230366,-0.19763446843395496,-0.1041519116236097,-0.48559433629949555,125.0
NE,31029,2016,194.8,88.7,2.6411342455978555,1.5852720101150766,1.2692333680546886,26.219576180123383,1.0,2.527272727272731,14.472727272727269,0.33555743482913325,-0.2873076785766755,-0.15069601744327632,-0.4367835304863945,-4.190491535691198,9.157794610401794,0.2212485372850244,-0.2697744460066158,-0.15107795724777467,-0.5465522150183195,106.10000000000001
NE,31029,2017,220.5,82.4,2.009274376963832,1.808012863862007,1.424058558960771,26.592467990459014,1.0,28.22727272727272,8.172727272727272,-0.2963024338048901,-0.06456682482974507,0.004129173462806168,-0.06389172015076383,19.27025370998748,1.0861503896266393,-0.44871429719703526,-0.04118918140299884,0.003619920390141707,-0.21024996619333058,138.1
NE,31029,2018,224.7,104.7,2.5517795818209983,1.5315976715424977,1.2612006293144065,26.154177459434983,1.0,32.42727272727271,30.47272727272727,0.24620277105227606,-0.34098201714925436,-0.15872875618355842,-0.5021822511747942,21.23099895566616,21.614506168851477,0.055687941812094605,-0.3117599628658216,-0.15936532252438898,-0.6851300587280027,119.99999999999999
NE,31031,2010,169.4,37.1,2.7885170768280583,1.024637944278951,1.1373226536219898,24.55754981210004,1.0,-9.674999999999983,-35.12499999999999,0.2479545421352829,-0.3503636193118391,-0.11542679167695802,-0.5595518683591507,-3.5170494256163813,-30.252978392868307,0.3527376982173827,-0.36643574916772714,-0.11507668018950121,-0.4589305742048861,132.3
NE,31031,2011,161.0,86.8,2.744197983327557,1.6014437067172496,1.2423255310726102,25.224619855469037,1.0,-18.07499999999999,14.575000000000003,0.20363544863478156,0.22644214312645938,-0.010423914226337594,0.10751817500984728,-14.156304179937697,17.67537738635653,0.2703156388688451,0.21621442412725791,-0.010201116007046892,0.17154990765347022,74.2
NE,31031,2013,180.0,100.9,2.2700141428178293,1.6041952013727705,1.3199074049967618,25.48741488192308,1.0,0.9250000000000114,28.67500000000001,-0.27054839187494606,0.22919363778198032,0.06715795969781402,0.37031320146389035,0.36518631141968394,28.23208894480622,-0.28007413333695513,0.23065474049615195,0.06712613138077249,0.3611658110862299,79.1
NE,31031,2017,205.9,64.1,2.359520935797657,1.2697294019941898,1.3114421915044296,25.1988221723446,1.0,26.825000000000017,-8.125,-0.1810415988951184,-0.10527216159660036,0.058692746205481816,0.08172049188540953,17.30816729413445,-15.654487938294423,-0.3429792037492726,-0.08043341545568249,0.05815166481577583,-0.07378514453481766,141.8
NE,31035,2008,199.0,154.0,3.4999239764524845,0.6735329112193241,0.9415493867726612,24.65328188951949,1.0,2.0818181818181927,27.227272727272734,0.49907271497328054,-0.8026094123278861,-0.23947122786160402,-1.5732631749749828,13.278091953424742,36.085493831148526,0.689587544213462,-0.8318314666113189,-0.23883466152077346,-1.3903153674217743,45.0
NE,31035,2009,201.8,108.6,2.099790439222942,0.7688553697550863,0.947075310322717,24.671580653421326,1.0,4.881818181818204,-18.172727272727272,-0.9010608222562619,-0.7072869537921239,-0.23394530431154825,-1.554964411073147,13.838837199103443,-11.086150389626638,-0.7486489588641168,-0.7306645972188701,-0.23343605123888378,-1.4086061650305803,93.20000000000002
NE,31035,2010,186.6,138.0,3.408310649260625,1.0882260678544724,0.9919620057128864,26.04955191654579,1.0,-10.318181818181813,11.227272727272734,0.407459387781421,-0.3879162556927378,-0.18905860892137882,-0.17699314794868215,-3.6004175552178843,16.54220538959821,0.5217682853255299,-0.4054494882627975,-0.18867666911688047,-0.06722446341675709,48.599999999999994
NE,31035,2011,195.7,137.5,3.2183202387381544,2.5365448854528894,1.412507849674993,27.63749203277912,1.0,-1.2181818181818187,10.727272727272734,0.21746897725895042,1.0604025619056792,0.23148723504072777,1.410946968284648,3.2603276904608007,14.27056116882305,0.293674908955023,1.0487137401923061,0.23174186157706,1.4841260913059315,58.19999999999999
NE,31035,2012,186.1,65.1,1.96710379321694,3.521303371220753,1.9122454856132671,30.03162553594705,1.0,-10.818181818181813,-61.67272727272727,-1.033747468262264,2.0451610476735427,0.7312248709790019,3.8050804714525768,-8.578927063860503,-59.901083051952114,-0.9956445024142278,2.039316636816856,0.731352184247168,3.8416700329632185,121.0
NE,31035,2013,165.0,89.8,2.52876145762717,2.33169450844507,1.3837736083664485,26.83049640365952,1.0,-31.918181818181807,-36.97272727272727,-0.4720898038520338,0.85555218489786,0.20275299373218325,0.6039513391650466,-31.918181818181807,-36.97272727272727,-0.4720898038520338,0.85555218489786,0.20275299373218325,0.6039513391650466,75.2
NE,31035,2014,214.4,145.4,3.525688368107605,0.7551379247462773,1.1499046318621264,25.40335049441352,1.0,17.4818181818182,18.62727272727274,0.524837106628401,-0.7210043988009329,-0.031115982772138784,-0.823194570080954,15.242563427496888,16.85562850649758,0.4867341407803647,-0.7151599879442464,-0.0312432960403049,-0.8597841315915957,69.0
NE,31035,2015,213.9,145.8,3.472839028616511,0.8578275311023948,0.9475080705793556,25.33883992552014,1.0,16.9818181818182,19.027272727272745,0.47198776713730695,-0.6183147924448154,-0.23351254405490962,-0.8877051389743329,12.503308673175578,15.483984285722428,0.39578183544123435,-0.6066259707314422,-0.23376717059124186,-0.9608842619956163,68.1
NE,31035,2016,184.8,121.9,2.8078792474392973,1.2758537570570867,1.0788762906631069,26.337337168067663,1.0,-12.118181818181796,-4.872727272727261,-0.19297201403990671,-0.2002885664901235,-0.10214432397115836,0.11079210357318914,-18.835946081145725,-10.187659935052736,-0.3072809115840156,-0.18275533392006382,-0.1025262637756567,0.0010234190412640731,62.900000000000006
NE,31035,2017,201.5,143.4,3.0586788675008694,1.211997375625088,1.182320526707486,26.067287955348675,1.0,4.581818181818193,16.62727272727274,0.05782760602166537,-0.2641449479221223,0.001299912073220888,-0.15925710914579838,-4.375200835467046,9.540695844172106,-0.09458425737047979,-0.24076730449537606,0.0007906590005564267,-0.30561535518836513,58.099999999999994
NE,31035,2018,217.3,145.0,3.422067810088647,1.2165918565408709,1.043503594701871,25.47115173421692,1.0,20.381818181818204,18.227272727272734,0.421216548609443,-0.2595504670063393,-0.1375170199323943,-0.7553933302775526,9.185544410211655,9.369051623396944,0.23070171936926157,-0.23032841272290655,-0.13815358627322485,-0.9383411378307611,72.30000000000001
NE,31037,2008,184.0,138.0,3.335280645568806,0.4921757282278012,0.902530872584113,24.19047037948187,1.0,-7.544444444444451,-15.122222222222206,0.14745858830034742,-0.965820202027269,-0.25956245642927045,-1.8064877563437385,2.1589928242810537,-7.445097265529988,0.3125714403085018,-0.9911459824062436,-0.25901076560055064,-1.6479329897976274,46.0
NE,31037,2009,209.2,178.0,2.449808372635001,0.4952946901564076,0.8591478095783416,23.61616349142615,1.0,17.655555555555537,24.877777777777794,-0.7380136846334575,-0.9627012400986626,-0.3029455194350419,-2.380794644399458,25.119738069959734,30.783258513694854,-0.6110037984733394,-0.9821826096209507,-0.3025211418744882,-2.2588294393639887,31.19999999999999
NE,31037,2010,169.7,149.8,4.063731295757779,0.7443301627864666,1.0022607020577172,25.45324322945101,1.0,-21.844444444444463,-3.3222222222221944,0.8759092384893203,-0.7136657674686037,-0.15983262695566625,-0.5437149063745963,-16.619516684361578,0.8116142929197068,0.9648161588014021,-0.7273027261342052,-0.15953556266327865,-0.45833926284976845,19.899999999999977
NE,31037,2011,181.8,149.2,3.1399136129872987,2.676091397405336,1.4338534662365583,27.620198178827437,1.0,-9.74444444444444,-3.922222222222217,-0.04790844428115992,1.218095467150266,0.2717601372231748,1.6232400430018288,-6.758771438682864,-1.560029927855474,0.0028955101828855717,1.210302919341351,0.2719298882473963,1.6720261250160149,32.60000000000002
NE,31037,2012,178.3,49.0,1.5794655238270714,4.052124317379844,2.012687421775875,30.515036477027973,1.0,-13.24444444444444,-104.1222222222222,-1.6083565334413872,2.594128387124774,0.8505940927624913,4.518078341202365,-12.498026193004174,-103.53167414863061,-1.595655544825378,2.5921802501725457,0.8506365305185467,4.53027486170591,129.3
NE,31037,2013,199.7,170.2,2.7968443978593145,2.2720049045854305,1.362994027247221,26.655514338905085,1.0,8.155555555555537,17.077777777777783,-0.3909776594091441,0.8140089743303602,0.2009006982338375,0.6585562030794776,6.662719052674494,15.896681630594209,-0.41637963664117117,0.8179052482348184,0.20081582272172674,0.6341631620723803,29.5
NE,31037,2015,216.5,195.8,3.940310031331221,0.5696201930888496,0.8533971594341915,24.71046470246215,1.0,24.95555555555555,42.677777777777806,0.7524879740627624,-0.8883757371662206,-0.308696169579192,-1.2864934333634572,18.984209544031884,37.953393189043915,0.6508800651346627,-0.8727906415483894,-0.30903567162763496,-1.3840655973918379,20.69999999999999
NE,31037,2016,182.5,180.3,4.179183676636959,0.9255480693035298,0.967616907843574,25.90205436622952,1.0,-9.044444444444451,27.177777777777806,0.9913616193685004,-0.5324478609515404,-0.19447642116980945,-0.09490376959608682,-17.255045210289424,20.681748968268757,0.8516507445923645,-0.5110183544770226,-0.19494323648641856,-0.22906549513510913,2.1999999999999886
NE,31037,2017,202.2,167.8,3.205860958812678,0.8947739093619663,1.0643515943628603,25.30947805861925,1.0,10.655555555555537,14.677777777777806,0.0180389015442195,-0.5632220208931039,-0.09774173465052316,-0.6874800772063594,0.2057000353892562,6.4101047474936,-0.15977493907995274,-0.5359481035618995,-0.09833586323529837,-0.8582313642560234,34.39999999999998
NE,31039,2008,202.0,149.0,3.003944755181066,0.4762994800578902,0.8974942948827334,24.16004319874549,1.0,-4.2571428571428385,-13.757142857142838,-0.32296618829329615,-0.915912816688127,-0.24378590999705452,-1.7309600927748399,3.740195551147772,-7.429842068659958,-0.18688416740744854,-0.9367857126048652,-0.24333121975360408,-1.6002830873796874,53.0
NE,31039,2009,218.2,187.1,2.5160071817062746,0.4919493999069907,0.8493200202173264,23.56265390974086,1.0,11.94285714285715,24.342857142857156,-0.8109037617680874,-0.9002628968390264,-0.29196018466246143,-2.3283493817794714,17.70094079682645,28.898513710564877,-0.7129247067302761,-0.9152913818990781,-0.29163280768717714,-2.2342619378949604,31.099999999999994
NE,31039,2010,204.7,177.8,4.51773812121982,0.7657698893316901,0.999294470538192,25.532696536700332,1.0,-1.5571428571428498,15.042857142857173,1.1908271777454584,-0.626442407414327,-0.1419857343415959,-0.3583067548199992,1.9616860425051406,17.826869489789736,1.2507032669352334,-0.6356264816176922,-0.1417856706344777,-0.3008088724461301,26.899999999999977
NE,31039,2011,200.5,170.2,3.044643171131692,2.683918472692863,1.4286010225887076,27.451228838294437,1.0,-5.7571428571428385,7.44285714285715,-0.28226777234266986,1.2917061759468458,0.2873208177089197,1.560225546774106,-4.477568711816158,8.455225269014555,-0.2604946490009311,1.288366512600167,0.28739356814787176,1.5811338676373334,30.30000000000001
NE,31039,2012,195.6,63.9,1.7090551137139605,3.941512489290785,1.982927102975664,30.24637796589923,1.0,-10.657142857142844,-98.85714285714283,-1.6178558297604015,2.5493001925447683,0.8416468980958762,4.355374674378901,-11.616823466137474,-99.61641895176058,-1.6341856722666992,2.5518049400547764,0.8415923352666622,4.339693433731486,131.7
NE,31039,2015,219.5,195.0,3.935372590966367,0.5389104318251654,0.892888978729976,24.649655136622616,1.0,13.242857142857162,32.24285714285716,0.608461647492005,-0.8533018649208517,-0.2483912261498119,-1.2413481548977146,5.565412270898603,26.168648385913933,0.4778229074415986,-0.8332638848407841,-0.2488277287835243,-1.3667980800770538,24.5
NE,31039,2016,203.3,196.3,4.561615670401351,0.8471259141167347,0.9384355442259156,25.634367454639367,1.0,-2.957142857142827,33.54285714285717,1.234704726926989,-0.5450863826292824,-0.2028446606538723,-0.2566358368809638,-12.873842483422695,25.697004165138786,1.0659630210285465,-0.5192039916925283,-0.2034084765557508,-0.41867532357094484,7.0
NE,31041,2008,182.0,104.0,3.257244390369144,0.594006510022896,0.9636173525200382,24.132541666776948,1.0,-11.722222222222229,-4.433333333333337,0.46184171907667126,-0.6704080710786182,-0.22301098148805054,-1.4673840617343323,-1.7699788696832996,3.4406409812227423,0.6311882339568287,-0.6963832304416689,-0.22244514474064558,-1.3047637883537062,78.0
NE,31041,2009,187.0,131.6,2.6294798309277927,0.5136722329142537,0.8717506490977571,23.435184738783835,1.0,-6.7222222222222285,23.166666666666657,-0.1659228403646802,-0.7507423481872605,-0.31487768491033163,-2.164740989727445,0.9907663759953902,29.26899676044758,-0.03467929133255904,-0.7708730966936247,-0.3144391614310928,-2.0387102778574606,55.400000000000006
NE,31041,2010,188.0,128.0,3.741131816035925,0.7497361065432369,0.975828372235476,25.084836759494205,1.0,-5.7222222222222285,19.566666666666663,0.9457291447434519,-0.5146784745582773,-0.21079996177261273,-0.515088969017075,-0.24848837832591997,23.897352539672426,1.0388697279275367,-0.528964812207955,-0.21048875156154,-0.4256478186577324,60.0
NE,31041,2011,184.4,115.1,2.5542619005509586,2.176261538737043,1.3475046338745773,26.671518834851323,1.0,-9.322222222222223,6.666666666666657,-0.2411407707415143,0.911846957635529,0.16087629986648855,1.0715931063400426,-6.087743132647224,9.225708318897262,-0.18610315340546574,0.903405030842538,0.16106019680939515,1.1244446951887435,69.30000000000001
NE,31041,2012,189.5,36.7,1.1313006007305195,3.4786834916668976,1.9490704021699323,29.63237713438986,1.0,-4.2222222222222285,-71.73333333333333,-1.6641020705619534,2.2142689105653837,0.7624420681618436,4.032451405878579,-3.2269978869685394,-70.94593590187789,-1.6471674190739412,2.211671394629079,0.762498651836584,4.048713433216638,152.8
NE,31041,2014,200.7,108.5,2.730457429575506,0.6880722887413241,1.1435702810362738,24.987956109249843,1.0,6.97777777777776,0.06666666666666288,-0.0649452417169667,-0.5763422923601901,-0.043058052971814975,-0.611969619261437,3.49449260438883,-2.6892243434282066,-0.124216521925027,-0.5672509865831215,-0.04325609583340672,-0.6688867149446611,92.19999999999999
NE,31041,2015,211.7,119.1,2.7952974995554816,0.9890292530384984,1.130072076142666,25.323615694633368,1.0,17.97777777777776,10.666666666666657,-0.00010517173699131632,-0.27538532806301574,-0.05655625786542284,-0.27631003387791253,12.25523785006752,6.13913143579663,-0.09747941779308791,-0.2604496114292606,-0.056881613995180706,-0.36981669107177834,92.6
NE,31041,2016,201.1,131.1,3.2810817216212818,1.009586531441678,1.0729917809564389,25.47606625539943,1.0,7.377777777777766,22.666666666666657,0.48567905032880887,-0.2548280496598361,-0.11363655305164988,-0.12385947311184964,-0.5840169042537839,16.36748721502147,0.350201838424676,-0.23404792216939438,-0.11408922244957385,-0.25395569181635713,70.0
NE,31041,2017,199.1,101.8,3.038368852265644,1.1806832768077995,1.2252494580396396,25.655234363022707,1.0,5.377777777777766,-6.63333333333334,0.24296618097317113,-0.08373130429371467,0.038621124031550824,0.055308634511426646,-4.823271658575093,-14.704157005753684,0.06938600322100197,-0.057106765946586424,0.03804114136546073,-0.11137714570372251,97.3
NE,31047,2008,180.0,118.0,3.3734494966137056,0.6695635737366956,0.9794767379801074,24.441498125273263,1.0,-13.771428571428572,19.5,0.7885926802444456,-0.9461603581983593,-0.27449879390483944,-1.7173624642275769,-6.7337707721331,25.068024693864725,0.9083448586239871,-0.9645285066050883,-0.2740986664906031,-1.6023666994798471,62.0
NE,31047,2009,201.7,126.7,2.5739541218600928,0.5870300767338378,0.8921249289474493,23.812082677362763,1.0,7.928571428571416,28.200000000000003,-0.010902694509167254,-1.028693855201217,-0.3618506029374975,-2.3467779121380765,12.726974473545578,31.99638047308957,0.07074651802233785,-1.0412175927512595,-0.36157778879142727,-2.2683717089009883,74.99999999999999
NE,31047,2010,178.8,117.1,3.3978406047790344,0.9236124817705132,1.0359430407451853,25.60223490444447,1.0,-14.97142857142856,18.599999999999994,0.8129837884097744,-0.6921114501645417,-0.21803249113976153,-0.5566256850563711,-12.412280280775708,20.624736252314403,0.8565300350932432,-0.6987907768578976,-0.2178869902618574,-0.5148090433299246,61.70000000000002
NE,31047,2011,184.0,123.0,2.694653794421238,2.357727946263798,1.4077913791965548,27.22551983862718,1.0,-9.771428571428572,24.5,0.10979697805197786,0.7420040143287432,0.15381584731160802,1.0666592491263387,-9.451535035097029,24.75309203153925,0.11524025888741038,0.7411690984920739,0.15383403492134604,1.0718863293421435,61.0
NE,31047,2012,192.5,27.9,1.1894687991706765,3.5308881661400955,1.9668264840611425,29.8769355270019,1.0,-1.2714285714285722,-70.6,-1.3953880171985835,1.9151642342050406,0.7128509521761957,3.7180749375010613,-3.1907897894183392,-72.1185521892359,-1.4280477022111873,1.9201737292250578,0.7127418265177675,3.6867124562062243,164.6
NE,31047,2013,202.3,50.4,2.261167483762669,2.209347034323775,1.3844969595456609,26.63736817237617,1.0,8.52857142857144,-48.1,-0.32368933260659105,0.5936231023887202,0.13052142766071406,0.4785075828753307,4.369955456260363,-51.390196410011065,-0.3944519834672311,0.6044770082654239,0.13028498873411984,0.41055554006985207,151.9
NE,31047,2015,217.1,126.4,2.603463413977403,1.0318982445766696,1.1111691927185272,25.516384881420134,1.0,23.328571428571422,27.900000000000006,0.018606597608143094,-0.5838256873583854,-0.1428063391664196,-0.6424757080807062,14.691445947617726,21.066515148438626,-0.12836198494856954,-0.5612829597683084,-0.14329740462934606,-0.7836068739074682,90.69999999999999
NE,31049,2009,179.0,77.4,2.980486931151709,0.767080279288475,1.0844393377627226,24.374502465088906,1.0,5.449999999999989,18.6,0.813400593138121,-1.2280681200220336,-0.42645768912032866,-2.4010922174353873,8.808882131481953,21.25746633116274,0.8705550419101754,-1.2368347363070633,-0.4262667192180795,-2.3462078751694246,101.6
NE,31049,2010,185.0,77.8,2.2310704972896214,1.5318892496139171,1.3515466642766676,26.01408057839248,1.0,11.449999999999989,18.999999999999993,0.06398415927603329,-0.46325914969659143,-0.1593503626063837,-0.7615141041318125,12.569627377160643,19.885822110387572,0.08303564220005144,-0.4661813551249347,-0.15928670597230063,-0.7432193233764917,107.2
NE,31049,2011,170.1,66.4,2.610771134630669,2.1533464846476376,1.4690571639177623,26.707461029566385,1.0,-3.450000000000017,7.600000000000001,0.44368479661708093,0.15819808533712898,-0.041839862965288965,-0.06813365295790774,-4.569627377160672,6.714177889612422,0.4246333136930628,0.16112029076547227,-0.041903519599372024,-0.08642843371322859,103.69999999999999
NE,31049,2012,160.1,13.6,0.8460167889823529,3.528277583692005,2.138544941575052,30.0063346570494,1.0,-13.450000000000017,-45.2,-1.3210695490312352,1.5331291843814965,0.6276479146920009,3.2307399745251075,-16.80888213148198,-47.85746633116274,-1.3782239978032895,1.5418958006665262,0.6274569447897517,3.175855632259145,146.5
NE,31053,2008,176.0,139.0,3.2452383086814987,0.5557340181172863,0.9362766300792263,24.49559259274041,1.0,-14.600000000000023,-19.899999999999977,-0.19919957779481923,-1.0332680049480503,-0.27982339528150935,-1.8230175927279646,-4.896562731274518,-12.22287504330776,-0.034086725786664857,-1.0585937853270249,-0.27927170445278954,-1.6644628261818535,37.0
NE,31053,2009,208.2,189.1,2.558663815284455,0.5342704841285902,0.8903862195683405,23.887075495402225,1.0,17.599999999999966,30.200000000000017,-0.8857740711918627,-1.0547315389367462,-0.3257138057923952,-2.431534690066151,25.064182514404163,36.10548073591708,-0.7587641850317446,-1.0742129084590344,-0.3252894282318415,-2.3095694850306816,19.099999999999994
NE,31053,2010,161.5,151.9,4.183131886628512,0.899938287881318,1.0630265872784153,25.9227611308309,1.0,-29.100000000000023,-6.999999999999972,0.7386940001521944,-0.6890637351840185,-0.15307343808232043,-0.3958490546374769,-23.875072239917138,-2.8661634848580704,0.8276009204642762,-0.7027006938496201,-0.15277637378993283,-0.31047341111264903,9.599999999999994
NE,31053,2011,185.1,162.9,3.3386850467453195,2.9505246473147086,1.522499274619742,28.100426874928555,1.0,-5.500000000000028,4.000000000000028,-0.10575283973099836,1.361522624249372,0.3063992492590064,1.7818166894601788,-2.5143269942384516,6.362192294366771,-0.054948885266952865,1.3537300764404572,0.30656900028322787,1.830602771474365,22.19999999999999
NE,31053,2012,196.0,91.6,1.7499238907354715,4.201581165295187,2.056372577861912,30.76940169680551,1.0,5.399999999999977,-67.29999999999998,-1.6945139957408464,2.6125791422298508,0.8402725525011765,4.450791511337133,6.146418251440244,-66.70945192640839,-1.6818130071248372,2.6106310052776225,0.8403149902572319,4.462988031840678,104.4
NE,31053,2013,210.1,173.6,2.7248790942238994,2.4416951940277896,1.4274628546099846,27.013534198745173,1.0,19.49999999999997,14.700000000000017,-0.7195587922524185,0.852693170962453,0.21136282924924887,0.6949240132767969,18.007163497118928,13.518903852816443,-0.7449607694844456,0.8565894448669111,0.21127795373713812,0.6705309722696996,36.5
NE,31053,2014,194.3,161.3,4.337223523961685,0.5247377821364391,1.0694878067606446,25.053894207872595,1.0,3.6999999999999886,2.400000000000034,0.8927856374853675,-1.0642642409288974,-0.1466122186000911,-1.264715977595781,-0.03209125720236372,-0.5527403679586973,0.8292806944053042,-1.0545235561677526,-0.14682440738036798,-1.32569858011352,33.0
NE,31053,2016,182.2,167.8,4.7083862978490165,1.0654330323425223,0.9873492994737902,26.190212498452865,1.0,-8.400000000000034,8.900000000000034,1.2639484113726986,-0.5235689907228143,-0.22875072588694545,-0.1283976870155108,-16.610600765845007,2.403971190490987,1.1242375365965627,-0.5021394842482965,-0.22921754120355456,-0.2625594125545331,14.399999999999977
NE,31053,2018,202.0,192.9,4.153809114177004,1.1271035963441884,0.9920389779945658,25.43459297343715,1.0,11.399999999999977,34.00000000000003,0.7093712277006858,-0.4618984267211481,-0.22406104736616994,-0.8840172120312246,-1.289110274487614,23.960682748940663,0.49345442122847727,-0.42878009853325716,-0.22478248921911126,-1.0913580605915303,9.099999999999994
NE,31055,2009,209.2,189.0,2.8120195445835785,0.5706679316085086,0.903919561055708,24.142827128568047,1.0,18.149999999999977,28.19999999999999,-0.5183969051613686,-1.0400911150772967,-0.3304788919535142,-2.3540070028192233,26.54720532870489,34.84366582790683,-0.37551078323123255,-1.0620076557898712,-0.33000146719789125,-2.2167961471543167,20.19999999999999
NE,31055,2010,144.0,139.1,3.7131677351017047,0.8772560308221787,1.020077869094987,25.915303591187097,1.0,-47.05000000000001,-21.700000000000017,0.3827512853567576,-0.7335030158636265,-0.21432058391423525,-0.5815305402001734,-40.892049425616406,-16.82797839286833,0.48753444143885744,-0.7495751457195146,-0.21397047242677844,-0.48090924604590873,4.900000000000006
NE,31055,2011,188.1,152.9,3.2342733041778744,2.7453585621153485,1.456949349706985,27.79918595422851,1.0,-2.950000000000017,-7.900000000000006,-0.09614314556707271,1.1345995154295432,0.22255089669776273,1.3023518228412385,0.9686958200622748,-4.7996226136434785,-0.029462955333009203,1.1243717964303417,0.22277369491705343,1.3663835554848616,35.19999999999999
NE,31055,2012,186.3,100.4,1.9072388369249176,3.8104986270185432,1.9545910469839527,30.27730387642481,1.0,-4.75,-60.400000000000006,-1.4231776128200295,2.199739580332738,0.7201925939747305,3.7804697450375393,-3.070558934259018,-59.07126683441864,-1.3946003884340024,2.195356272190223,0.720288078925855,3.8079119161705206,85.9
NE,31055,2013,215.7,161.3,2.751702868610713,2.2377412117116804,1.3656418617244692,26.6748558621064,1.0,24.649999999999977,0.5,-0.5787135811342341,0.6269821650258751,0.13124340871524698,0.17802173071913074,24.09018631141965,0.05708894480621046,-0.5882393225962431,0.6284432677400468,0.13121158039820546,0.1688743403414703,54.39999999999998
NE,31055,2014,202.3,175.5,4.55673388149664,0.5013941109746163,1.0608146573299957,24.8965253235698,1.0,11.25,14.699999999999989,1.2263174317516925,-1.109364935711189,-0.17358379567922655,-1.6003088078174699,8.450931557098363,12.48544472403104,1.178688724441647,-1.1020594221403308,-0.17374293726443418,-1.646045759705772,26.80000000000001
NE,31055,2016,182.9,184.4,4.626936763966114,1.0889329997021844,0.9590745774154436,26.22630580841361,1.0,-8.150000000000006,23.599999999999994,1.296520314221167,-0.5218260469836209,-0.2753238755937787,-0.2705283229736608,-15.427577951544261,17.84215628248073,1.172685675215049,-0.5028317116993896,-0.27573764371531856,-0.3894443978832463,-1.5
NE,31055,2017,199.9,183.8,3.0412586630980365,1.0542228995333824,1.1541187007622369,26.042365506599896,1.0,8.849999999999994,23.0,-0.2891577866469106,-0.5565361471524228,-0.08027975224698536,-0.45446862478737415,-0.6668327058655716,15.470512061705577,-0.4510953915010648,-0.531697401011505,-0.08082083363669135,-0.6099742612076013,16.099999999999994
NE,31057,2008,190.0,62.0,1.8905111251399596,1.649439220569278,1.3556395146544131,26.352274170318125,1.0,5.609090909090924,-6.936363636363637,-0.2810150562130145,-0.463973532823426,-0.133300386437881,-0.869616097169402,16.805364680697473,1.9218574675121527,-0.09050022697283303,-0.4931955871068588,-0.13266382009705044,-0.6866682896161935,128.0
NE,31057,2009,158.9,81.5,2.5898226109391627,1.1153968449022125,1.1322531482838631,25.31303717976044,1.0,-25.49090909090907,12.563636363636363,0.4182964295861886,-0.9980159084904916,-0.356686752808431,-1.9088530877270884,-16.53389007362383,19.650213246736996,0.5707082929783338,-1.021393551917238,-0.3561774997357665,-1.7624948416845216,77.4
NE,31057,2010,194.7,87.1,2.438549920000688,2.025877527160322,1.4701488725659764,27.3171931239961,1.0,10.309090909090912,18.163636363636357,0.2670237386477141,-0.08753522623238208,-0.018791028526317755,0.09530285650857095,17.02685517205484,23.478569025961832,0.381332636191823,-0.10506845880244176,-0.018409088721819407,0.20507154104049602,107.6
NE,31057,2011,144.5,69.7,2.401928885979455,3.0075454508277044,1.6927087795949582,28.26217524737901,1.0,-39.890909090909076,0.7636363636363654,0.23040270462648094,0.8941326974350003,0.20376887850266412,1.0402849798914815,-35.41239958226646,4.306924805186682,0.30660863632255353,0.8824438757216272,0.20402350503899636,1.113464102912765,74.8
NE,31057,2012,161.4,20.6,1.246118279299547,3.8038308159559056,2.1684913874755853,30.58890634905897,1.0,-22.99090909090907,-48.336363636363636,-0.9254079020534269,1.6904180625632015,0.6795514863832912,3.3670160815714425,-20.751654336587762,-46.56471941558848,-0.8873049362053906,1.6845736517065149,0.6796787996514573,3.4036056430820842,140.8
NE,31057,2013,177.8,32.9,1.7715423475436678,2.687607665991727,1.627208506879232,27.683318538802908,1.0,-6.590909090909065,-36.03636363636364,-0.39998383380930624,0.5741949125990229,0.13826860578693778,0.46142827131538056,-6.590909090909065,-36.03636363636364,-0.39998383380930624,0.5741949125990229,0.13826860578693778,0.46142827131538056,144.9
NE,31057,2014,201.7,69.5,2.245734958180776,1.5883816126693964,1.4465308653266524,26.842173261263543,1.0,17.309090909090912,0.5636363636363626,0.07420877682780214,-0.5250311407233077,-0.0424090357656417,-0.3797170062239843,15.069836154769602,-1.2080078571387955,0.03610581097976585,-0.5191867298666212,-0.04253634903380782,-0.416306567734626,132.2
NE,31057,2015,187.6,81.6,2.3520359251267746,1.9301619469560176,1.3856383341251457,26.901684728717733,1.0,3.209090909090918,12.663636363636357,0.18050974377380058,-0.18325080643668645,-0.10330156696714843,-0.32020553876979463,-1.2694185995517016,9.12034792208604,0.104303812077728,-0.17156198472331333,-0.10355619350348066,-0.393384661791078,106.0
NE,31057,2016,182.8,82.9,2.7116616677962977,1.785085054685354,1.3223247426847662,26.687315510530983,1.0,-1.590909090909065,13.963636363636368,0.5401354864433237,-0.32832769870735,-0.16661515840752794,-0.5345747569565447,-8.308673353872994,8.648703701310893,0.42582658889921476,-0.31079446613729034,-0.1669970982120263,-0.6443434414884697,99.9
NE,31057,2017,202.6,73.2,1.9790476296177388,1.89235305458875,1.4468678679088374,26.835963076581837,1.0,18.209090909090918,4.2636363636363654,-0.1924785517352352,-0.22105969880395415,-0.04207203318345676,-0.38592719090569005,9.252071891805679,-2.822940519464267,-0.3448904151273804,-0.19768205537720793,-0.04258128625612122,-0.5322854369482568,129.39999999999998
NE,31057,2018,226.3,97.3,2.2598346452586453,1.7618610930130756,1.3305268925158058,26.656751755953167,1.0,41.909090909090935,28.36363636363636,0.08830846390567126,-0.3515516603796285,-0.15841300857648832,-0.5651385115343608,30.712817137484386,19.505415259760568,-0.10220636533451019,-0.3223296060961957,-0.1590495749173189,-0.7480863190875693,129.0
NE,31059,2008,191.0,145.0,3.657485276888514,0.704604020157828,0.9512156808936594,24.96123700525466,1.0,-15.380000000000024,18.879999999999995,0.7102508964354817,-0.9276342924615647,-0.26784907179208894,-1.7079946380271949,-5.303353605554131,26.852398993488208,0.881714242751645,-0.9539341413166542,-0.26727616208534144,-1.5433416112293072,46.0
NE,31059,2009,211.2,117.6,2.2189919685614505,0.8056019866706888,0.954737630631738,24.896044899914592,1.0,4.819999999999965,-8.52000000000001,-0.728242411891582,-0.8266363259487038,-0.2643271220540103,-1.773186743367262,12.657391640124548,-2.319245227286957,-0.594882031423455,-0.8470917639471068,-0.26388152561542894,-1.645123278080016,93.6
NE,31059,2010,197.6,123.5,2.897055826578743,1.250958417943337,1.0363583300896253,26.48235953904023,1.0,-8.78000000000003,-2.6200000000000045,-0.05017855387428938,-0.3812798946760556,-0.18270642259612302,-0.1868721042416226,-3.181863114196755,1.8091105519378905,0.04507886074580135,-0.395890921817772,-0.18238813942570772,-0.09539820046501837,74.1
NE,31059,2011,198.7,136.6,3.077692256622095,2.8742662114289312,1.4885220104574617,28.219815943354984,1.0,-7.680000000000035,10.47999999999999,0.13045787616906246,1.2420278988095386,0.26945725777171337,1.5505843000731296,-4.321117868518071,13.137466331162727,0.1876123249411169,1.2332612825245088,0.2696482276739625,1.6054686423390923,62.099999999999994
NE,31059,2012,209.9,51.5,1.805850111157312,3.9009375590718736,1.983246466195465,30.628665871833853,1.0,3.519999999999982,-74.62,-1.1413842692957206,2.268699246452481,0.7641817135097166,3.9594342285519986,4.639627377160637,-73.73417788961243,-1.1223327863717025,2.265777041024138,0.7642453701437997,3.9777290093073194,158.4
NE,31059,2013,210.5,106.2,2.4940581469984,2.540637438474243,1.4262539385252375,27.255731707186083,1.0,4.119999999999976,-19.92,-0.45317623345463254,0.9083991258548503,0.2071891858394892,0.5865000639042286,3.000372622839321,-20.80582211038758,-0.4722277163786507,0.9113213312831936,0.20712552920540614,0.5682052831489077,104.3
NE,31059,2014,208.5,161.9,3.519928377026631,0.793572019799349,1.156318517393122,25.65952925222212,1.0,2.119999999999976,35.78,0.5726939965735984,-0.8386662928200437,-0.06274623529262624,-1.009702391059733,-1.2388821314819882,33.122533668837264,0.515539547801544,-0.8298996765350138,-0.06293720519487542,-1.0645867333256955,46.599999999999994
NE,31059,2015,212.6,149.5,3.928618728095434,0.8863200049570186,0.9255956580383412,25.605528503430097,1.0,6.21999999999997,23.379999999999995,0.9813843476424013,-0.7459183076623741,-0.2934690946474071,-1.0637031398517571,0.6218631141966959,18.9508894480621,0.8861269330223106,-0.7313072805206577,-0.2937873778178224,-1.1551770436283613,63.099999999999994
NE,31059,2016,208.2,138.9,2.9753663181876178,1.287816907469139,1.066569707595913,26.53804185251604,1.0,1.8199999999999648,12.780000000000001,0.02813193773458522,-0.34442140515025366,-0.15249504508983525,-0.13118979076581283,-6.017391640124619,6.579245227286948,-0.10522844273354179,-0.3239659671518507,-0.15294064152841666,-0.2592532560530587,69.29999999999998
NE,31059,2017,215.6,130.5,2.897296794414129,1.2776685602215203,1.201829587036921,26.44536185806588,1.0,9.21999999999997,4.3799999999999955,-0.049937586038903525,-0.35456975239787236,-0.01723516564882721,-0.22386978521597456,-0.8566463944459226,-3.5923989934882163,-0.22140093235506683,-0.32826990354278285,-0.01780807535557473,-0.3885228120138622,85.1
NE,31061,2008,194.0,122.0,3.128880889095776,1.0137496898335616,1.034573338642896,25.397929760662848,1.0,-11.300000000000011,8.329999999999998,0.32148450729686084,-0.8379712275747551,-0.24893443222020117,-1.534190217506243,-0.9994281301221903,16.479563415565565,0.4967581501978243,-0.8648555175155127,-0.24834879118663705,-1.3658782345572944,72.0
NE,31061,2009,211.2,142.8,2.2057572580027487,0.9305204516526002,1.0101182002934708,25.19597465123317,1.0,5.899999999999977,29.13000000000001,-0.6016391237961667,-0.9212004657557165,-0.2733895705696263,-1.7361453269359224,13.961317115556488,35.50791919479042,-0.4644684467432395,-0.9422403448397876,-0.2729312428042283,-1.6044229054976156,68.39999999999998
NE,31061,2010,199.6,141.0,3.919319998604257,1.4051391839162637,1.0896627202189746,26.680449099695544,1.0,-5.700000000000017,27.33,1.1119236168053415,-0.446581733492053,-0.1938450506441225,-0.2516708784735471,0.12206236123518455,31.936274974015248,1.2109913280102322,-0.46177720171943754,-0.1935140361468906,-0.156538018545882,58.599999999999994
NE,31061,2011,189.8,140.7,3.281985924668633,2.995954062716894,1.5517567354402235,28.50553008734853,1.0,-15.5,27.029999999999987,0.47458954286971755,1.1442331453085774,0.26824896457712644,1.573410109179438,-11.917192393086108,29.86463075324008,0.5355542882265721,1.1348820879378796,0.2684526658061922,1.6319534075964612,49.10000000000002
NE,31061,2012,201.9,78.8,1.7199480994098106,3.851730474430514,2.0169580130022418,30.60931436070485,1.0,-3.4000000000000057,-34.870000000000005,-1.0874482823891047,2.000009557022197,0.7334502421391447,3.6771943825357596,-2.0564471474074235,-33.80701346753507,-1.0645865028802863,1.9965029105081857,0.7335266301000444,3.699148119442141,123.10000000000001
NE,31061,2013,185.2,61.6,2.1062128595961704,2.708607767806366,1.506616354365349,27.66192769007221,1.0,-20.100000000000023,-52.07,-0.7011835222027449,0.8568868503980491,0.22310858350225193,0.7298077119031205,-20.99570190172875,-52.778657688310226,-0.7164247085419629,0.8592246147407243,0.22305765819498546,0.7151718872988605,123.6
NE,31061,2014,211.5,83.2,3.016281291813542,1.226249112465878,1.2640441853569886,26.10475323845428,1.0,6.199999999999989,-30.47,0.2088849100146266,-0.6254718049424386,-0.019463585506108494,-0.8273667397148117,3.0650433439499514,-32.95030190908538,0.15554075782737234,-0.6172896297430769,-0.019641824081541068,-0.8785921258297134,128.3
NE,31061,2015,220.7,109.3,2.767451282562789,1.3641934205628792,1.1150101304124438,26.31121811589027,1.0,15.399999999999977,-4.3700000000000045,-0.039945099236126325,-0.4875274968454375,-0.1684976404506533,-0.6209018622788207,10.02578858962863,-8.621946129860545,-0.13139221727141687,-0.4735009107893892,-0.16880319229425197,-0.7087168099043641,111.39999999999999
NE,31061,2016,206.6,128.2,2.863957479339104,1.6080261479423563,1.1300676699444905,26.81201208196284,1.0,1.299999999999983,14.529999999999987,0.056561097540188676,-0.24369476946596036,-0.1534401009186066,-0.12010789620624962,-6.313466164692674,8.506409649364288,-0.07298898634313816,-0.22382377255322553,-0.1538729660303714,-0.24451240534243468,78.4
NE,31061,2018,232.5,129.1,3.0641687348963207,1.4130388627558532,1.116270360953892,26.04209069566637,1.0,27.19999999999999,15.429999999999993,0.2567723530974053,-0.43868205465246346,-0.1672374099092051,-0.8900292825027201,15.108024326664713,5.863121207813977,0.05101633751800588,-0.4071222360263555,-0.16792490155730214,-1.0876129146601885,103.4
NE,31063,2008,172.0,104.0,3.055610958434036,1.08224213458708,1.1154250694444918,25.340787031855623,1.0,-16.329999999999984,14.570000000000007,0.5465587614469909,-0.8018871213808307,-0.24623136386289968,-1.5366450443913031,-6.253353605554091,22.54239899348822,0.7180221077631542,-0.8281869702359203,-0.24565845415615215,-1.3719920175934155,68.0
NE,31063,2009,198.1,124.7,2.7088953100306066,0.800128281191665,0.9691645230907814,24.54406614314339,1.0,9.77000000000001,35.27000000000001,0.19984311304356162,-1.0840009747762458,-0.3924919102166101,-2.3333659331035363,17.607391640124593,41.470754772713065,0.33320349351168865,-1.1044564127746488,-0.39204631377802873,-2.2053024678162902,73.39999999999999
NE,31063,2010,192.6,114.9,2.924545352567019,1.5185487722272468,1.2252471542921604,26.6756579504548,1.0,4.27000000000001,25.470000000000013,0.4154931555799739,-0.365580483740664,-0.13640927901523114,-0.20177412579212728,9.868136885803285,29.89911055193791,0.5107505702000646,-0.3801915108823804,-0.13609099584481585,-0.11030022201552306,77.69999999999999
NE,31063,2011,177.5,97.0,2.7782223705737312,2.775985647584774,1.5340509320916595,27.961100735986903,1.0,-10.829999999999984,7.570000000000007,0.26917017358668627,0.8918563916168634,0.17239449878426805,1.0836686597399776,-7.47111786851802,10.227466331162745,0.3263246223587407,0.8830897753318335,0.17258546868651722,1.1385530020059402,80.5
NE,31063,2012,173.7,26.6,1.0921327233223304,3.8297141655256737,2.078036196830674,30.49413215621084,1.0,-14.629999999999995,-62.82999999999999,-1.4169194736647146,1.9455849095577629,0.7163797635232825,3.6167000799639126,-13.510372622839341,-61.94417788961241,-1.3978679907406966,1.9426627041294195,0.7164434201573655,3.6349948607192335,147.1
NE,31063,2013,179.7,38.0,1.9239369597552096,2.562270942683098,1.5041582189109273,27.380048770283096,1.0,-8.629999999999995,-51.42999999999999,-0.5851152372318353,0.6781416867151873,0.14250178560353577,0.5026166940361705,-9.74962737716065,-52.31582211038757,-0.6041667201558535,0.6810638921435306,0.1424381289694527,0.4843219132808496,141.7
NE,31063,2014,206.6,62.0,2.7521495593412326,1.4344211787280898,1.3444161907793095,26.45309135983844,1.0,18.27000000000001,-27.429999999999993,0.24309736235418766,-0.449708077239821,-0.017240242528081984,-0.42434071640848714,14.911117868518046,-30.08746633116273,0.18594291358213322,-0.44094146095479114,-0.017431212430331158,-0.47922505867444964,144.6
NE,31063,2015,195.1,119.7,2.641145585374669,1.5219021669972703,1.231444180980312,26.4561953374942,1.0,6.77000000000001,30.27000000000001,0.13209338838762408,-0.3622270889706405,-0.13021225232707945,-0.42123673875272516,1.1718631141967357,25.840889448062114,0.03683597376753335,-0.34761606182892407,-0.13053053549749474,-0.5127106425293294,75.39999999999999
NE,31063,2016,201.3,118.0,2.7851592650318198,1.6120530134108553,1.2317272248258009,26.723236273320257,1.0,12.970000000000027,28.570000000000007,0.2761070680447748,-0.27207624255705554,-0.12992920848159062,-0.1541958029266688,5.1326083598754435,22.369245227286953,0.1427466875766478,-0.2516208045586526,-0.13037480492017203,-0.28225926821391467,83.30000000000001
NE,31063,2017,186.7,89.4,2.428723885439793,1.704026256743353,1.382894641827798,26.74600500388169,1.0,-1.6299999999999955,-0.029999999999986926,-0.08032831154725217,-0.18010299922455775,0.021238208520406587,-0.1314270723652342,-11.706646394445889,-8.0023989934882,-0.2517916578634155,-0.15380315036946823,0.02066529881365907,-0.29608009916312183,97.29999999999998
NE,31065,2008,187.0,105.0,2.8758806755696598,1.3205427107478205,1.154581792178254,26.117510205059,1.0,-4.859999999999985,6.929999999999993,0.21367753220996777,-0.8961747739670824,-0.2574160319807668,-1.553907336588665,5.8884228207422,15.433892259720672,0.3965717682805402,-0.9242279460791777,-0.25680492829356943,-1.3782774413375867,82.0
NE,31065,2009,219.2,131.0,2.7391246010442494,1.0712012093448944,1.048611089093243,25.56830184121538,1.0,27.340000000000003,32.92999999999999,0.07692145768455738,-1.1455162753700086,-0.3633867350657778,-2.1031157004322836,35.84916806642088,39.66224803894551,0.22171272790709354,-1.1677250366254173,-0.36290294464674655,-1.964075366691847,88.19999999999999
NE,31065,2010,197.2,107.0,2.918702066010308,1.888677510484977,1.2750273851293583,27.582718771540847,1.0,5.340000000000003,8.929999999999993,0.256498922650616,-0.32803997422992603,-0.13697043902966244,-0.08869877010681648,11.609913312099568,13.890603818170355,0.3631872270251159,-0.3444043246286481,-0.13661396187879732,0.013752002122978585,90.19999999999999
NE,31065,2011,190.8,100.8,2.823914725574789,3.4130443979716096,1.680355077735897,29.29080652875843,1.0,-1.0599999999999739,2.7299999999999898,0.16171158221509696,1.1963269132567067,0.26835725357687634,1.6193889871107672,2.9706585577782816,5.918959597395194,0.23029692074156055,1.1858069737146713,0.26858641745957534,1.6852501978299206,90.00000000000001
NE,31065,2012,177.1,31.2,1.212231894881158,4.3794428153498925,2.1764544047101184,31.44474115606799,1.0,-14.759999999999991,-66.87,-1.449971248478534,2.1627253306349896,0.7644565805510977,3.7733236144203275,-12.968596196543045,-65.45268462337995,-1.4194888758001067,2.1580498019496406,0.7645584311656306,3.8025952636288394,145.9
NE,31065,2013,153.1,29.8,1.7077876866157198,3.099493644099628,1.6179179675313948,28.476857843316257,1.0,-38.75999999999999,-68.27000000000001,-0.9544154567439722,0.8827761593847252,0.20592014337237408,0.8054403016685932,-39.207850950864355,-68.62432884415512,-0.9620360499135812,0.8839450415560628,0.20589468071874084,0.7981223893664632,123.3
NE,31065,2014,188.3,94.5,3.086265552477438,1.6887373087442206,1.380011905962999,26.906360469004227,1.0,-3.559999999999974,-3.5700000000000074,0.42406240911774606,-0.5279801759706824,-0.03198591819602181,-0.7650570726434367,-6.247105705185647,-5.6959730649302776,0.37833885010010077,-0.5209668829426582,-0.03213869411782116,-0.8089645464562084,93.80000000000001
NE,31065,2016,190.7,125.5,2.9874633100050563,1.6804435660268444,1.1960136645793586,27.124460694152145,1.0,-1.1599999999999966,27.429999999999993,0.3252601666453643,-0.5362739186880585,-0.2159841595796621,-0.5469568474955189,-8.32561521382829,21.760738493519405,0.20333067593164642,-0.5175718039466612,-0.21639156203779367,-0.664043444329574,65.19999999999999
NE,31065,2017,209.4,123.3,3.1623050341860224,1.970012058559126,1.387752320430247,27.426789950929905,1.0,17.54000000000002,25.22999999999999,0.5001018908263304,-0.24670542615577684,-0.024245503728773654,-0.24462759071775864,8.135130031850418,17.789094272744244,0.34006943426457625,-0.22215890055769302,-0.024780219455071344,-0.39830374906245536,86.10000000000001
NE,31065,2018,205.8,132.6,3.10835588723252,1.6555796258200166,1.2032526342393377,26.775627956432427,1.0,13.940000000000026,34.52999999999999,0.4461527438728279,-0.5611378588948863,-0.20874518991968305,-0.8957895852152369,2.295875277529113,25.317450051969082,0.24801732146303745,-0.530746922440116,-0.20940721891414685,-1.0860553050705752,73.20000000000002
NE,31067,2008,172.0,131.0,3.606682889949712,0.7845193023769224,0.9723054797586236,25.149685175004304,1.0,-11.922222222222217,4.855555555555554,0.42430489188713416,-1.0978393684185155,-0.3017730194345313,-1.9327986834679258,-2.9652032049369783,11.942132438656188,0.5767167552792793,-1.1212170118452618,-0.3012637663618668,-1.786440437425359,41.0
NE,31067,2009,181.0,137.8,2.523958871223791,0.8106846616883056,0.9664345175207508,25.03765131804409,1.0,-2.922222222222217,11.655555555555566,-0.6584191268387869,-1.0716740091071322,-0.30764398167240403,-2.044832540428139,3.7955420407417115,16.97048821788104,-0.544110229294678,-1.0892072416771919,-0.3072620418679057,-1.935063855896214,43.19999999999999
NE,31067,2010,170.4,124.1,3.7863941424621137,1.4088608784573706,1.108613637983222,26.77026802825052,1.0,-13.522222222222211,-2.0444444444444514,0.604016144399536,-0.4734977923380672,-0.16546486120993276,-0.3122158302217102,-9.043712713579591,1.498843997105865,0.6802220760956086,-0.4851866140514403,-0.16521023467360052,-0.2390367072004268,46.30000000000001
NE,31067,2011,179.4,123.9,2.956948902672368,3.482808033594447,1.6566975756026232,29.149470198126213,1.0,-4.5222222222222115,-2.24444444444444,-0.2254290953902096,1.6004493627990093,0.38261907640946835,2.066986339653983,-2.2829674679009018,-0.47280022366928187,-0.18732612954217331,1.5946049519423227,0.38274638967763447,2.103575901164625,55.5
NE,31067,2012,184.5,58.0,1.8758890005248516,4.220906059653931,2.0470602750566296,31.128997533135344,1.0,0.5777777777777828,-68.14444444444445,-1.306488997537726,2.338547388858493,0.7729817758634747,4.046513674663114,0.5777777777777828,-68.14444444444445,-1.306488997537726,2.338547388858493,0.7729817758634747,4.046513674663114,126.5
NE,31067,2013,200.6,134.2,3.254704317205394,2.890680978064819,1.5387174996048203,27.905560610053897,1.0,16.677777777777777,8.055555555555543,0.07232631914281651,1.0083223072693812,0.26463900041166544,0.8230767515816666,14.438523023456467,6.2839113347803845,0.03422335329478022,1.0141667181260678,0.2645116871434993,0.7864871900710249,66.4
NE,31067,2014,204.4,158.7,3.248412256606726,0.98215272942376,1.1992712976322444,26.006231275275454,1.0,20.47777777777779,32.55555555555554,0.06603425854414846,-0.9002059413716779,-0.07480720156091047,-1.0762525831967764,15.999268269135168,29.012267114005226,-0.010171673151924118,-0.8885171196583047,-0.07506182809724271,-1.14943170621806,45.70000000000002
NE,31067,2015,184.6,142.4,4.1635846576064,0.9719011827674834,0.9021152905342136,25.7903080243089,1.0,0.6777777777777771,16.25555555555556,0.981206659543822,-0.9104574880279545,-0.3719632086589413,-1.2921758341633307,-6.0399864851861516,10.940622893230085,0.8668977619997131,-0.8929242554578948,-0.37234514846343963,-1.4019445186952557,42.19999999999999
NE,31067,2016,178.4,125.2,3.224826944311844,1.3887142111319006,1.0754909190452673,26.804182564051324,1.0,-5.5222222222222115,-0.9444444444444429,0.04244894624926632,-0.4936444596635372,-0.19858758014788758,-0.27830129442090623,-14.47924123950745,-8.031021327545076,-0.10996291714287884,-0.47026681623679095,-0.19909683322055205,-0.424659540463473,53.2
NE,31069,2009,176.0,84.5,2.8223600651042027,0.6031017415757443,1.033105172372547,23.85579792374142,1.0,5.783333333333331,26.516666666666673,0.649054217759387,-0.9448555964759431,-0.3356758139835476,-1.9040794651337514,11.381470219136606,30.94577721860457,0.7443116323794777,-0.9594666236176594,-0.33535753081313235,-1.8126055613571472,91.5
NE,31069,2010,169.8,74.6,2.7984161927767803,1.0811675183881295,1.1998450809042676,24.92754471719675,1.0,-0.4166666666666572,16.616666666666667,0.6251103454319646,-0.4667898196635578,-0.16893590545182713,-0.8323326716784223,2.942215464815307,19.274132997829405,0.6822647942040191,-0.47555643594858765,-0.16874493554957795,-0.7774483294124598,95.20000000000002
NE,31069,2011,175.6,85.2,2.4493432741121266,1.7342026695265025,1.3478801503630775,25.770831778699,1.0,5.383333333333326,27.216666666666676,0.2760374267673109,0.18624533147481515,-0.020900835993017175,0.010954389823830013,6.502960710493981,28.102488777054255,0.29508890969132906,0.18332312604647186,-0.020837179358934116,0.029249170579150857,90.39999999999999
NE,31069,2012,148.5,14.5,0.7948049832800785,3.1754522327162777,2.0560884010982217,29.339561996551,1.0,-21.71666666666667,-43.48333333333333,-1.3785008640647372,1.6274948946645904,0.687307414742127,3.57968460767583,-22.836294043827323,-44.369155443720906,-1.3975523469887552,1.6304171000929337,0.687243758108044,3.561389826920509,134.0
NE,31069,2013,159.8,31.9,1.9027695753578584,1.6920161308740105,1.3706432860561006,25.78554408301224,1.0,-10.416666666666657,-26.08333333333333,-0.2705362719869573,0.14405879282232315,0.0018622997000059538,0.0256666941370689,-13.775548798148622,-28.740799664496066,-0.32769072075901173,0.15282540910735298,0.0016713297977567808,-0.02921764812889363,127.9
NE,31069,2014,191.6,57.2,2.272140993437848,1.001803735229459,1.2051238273423532,24.879983834050623,1.0,21.383333333333326,-0.7833333333333243,0.09883514609303212,-0.5461536028222282,-0.16365715901374145,-0.8798935548245481,15.785196447530051,-5.212443885271219,0.003577731472941395,-0.5315425756805119,-0.16397544218415674,-0.9713674586011524,134.39999999999998
NE,31071,2008,180.0,92.0,3.1372663831759358,0.4804151539408607,0.9178348598921926,23.756632441748096,1.0,-0.8666666666666742,-13.599999999999994,0.11769683964714428,-0.43813817373289926,-0.14181839729295764,-0.9826698400330223,9.334382769686185,-5.52917632757965,0.29127701739931344,-0.4647627120800275,-0.14123841462686754,-0.8159840598178731,88.0
NE,31071,2009,192.1,129.7,2.45960964130957,0.4796423791342571,0.8624661520023924,23.211855271779577,1.0,11.23333333333332,24.099999999999994,-0.5599599022192217,-0.43891094853950285,-0.19718710518275784,-1.5274470100015414,19.19512801536487,30.399179451645182,-0.4244826903150888,-0.4596910760299445,-0.19673443578483385,-1.397350791297034,62.400000000000006
NE,31071,2010,165.4,94.2,3.626392179436961,0.7304541391179763,0.9919565305120194,24.927641501465665,1.0,-15.466666666666669,-11.399999999999991,0.6068226359081694,-0.18809918855578367,-0.06769672667313087,0.18833921968454703,-9.744126738956428,-6.872464769129964,0.704196881964266,-0.2030349051895388,-0.067371370543373,0.28184587687841284,71.2
NE,31071,2011,181.8,107.5,2.816614000947909,2.11935875227933,1.3082010673677087,26.313212537369,1.0,0.9333333333333371,1.9000000000000057,-0.20295554258088266,1.2008054246055702,0.24854781018255845,1.573910255587883,4.416618506722267,4.655891010094875,-0.14368426237282236,1.1917141188285016,0.2487458530441502,1.6308273512711071,74.30000000000001
NE,31071,2013,180.9,83.9,2.7732431679931158,1.6616527129471592,1.2401414763688463,25.64121870938549,1.0,0.03333333333333144,-21.69999999999999,-0.2463263755356757,0.7430993852733992,0.18048821918369606,0.9019164276043732,-0.9618910019203577,-22.487397431455435,-0.263261027023688,0.7456969012097038,0.18043163550895558,0.8856544002663139,97.0
NE,31071,2014,146.3,72.5,2.684676560456522,0.4096003160442112,1.0466848666465824,24.19504394258982,1.0,-34.56666666666666,-33.099999999999994,-0.33489298307226933,-0.5089530116295488,-0.012968390538567798,-0.5442583391912983,-37.80114575624166,-35.6590416522306,-0.3899306004083179,-0.5005110848365577,-0.013152287481474395,-0.5971099280399993,73.80000000000001
NE,31071,2015,186.5,105.1,2.8566018445829857,0.7272663207949335,1.0442766745956364,24.79154842644861,1.0,5.633333333333326,-0.5,-0.16296769894580576,-0.1912870068788265,-0.015376582589513799,0.052246144667492445,0.15959948943701718,-4.830685873005763,-0.2561082821298906,-0.17700066922914884,-0.015687792800586513,-0.037195005691850205,81.4
NE,31071,2016,198.3,150.3,3.576844356273431,0.8497187347532426,1.032768693257604,25.176055197717947,1.0,17.433333333333337,44.70000000000002,0.5572748127446396,-0.06883459292051741,-0.026884563927546345,0.43675291593682886,9.720344735115718,38.597669906219096,0.4260312637125185,-0.048703844414153194,-0.027323087406785174,0.3107222040668445,48.0
NE,31071,2017,196.5,115.2,3.2448777575826946,0.8088714400518695,1.092548994023371,24.64051250752583,1.0,15.633333333333326,9.600000000000009,0.2253082140539031,-0.10968188762189046,0.03289573683822078,-0.09878977425528745,5.681089980794397,1.726025685443929,0.05596169917374569,-0.08370672825883968,0.032329900090815836,-0.26141004763591347,81.3
NE,31073,2008,186.0,109.0,3.1506145110253105,0.8447063651970603,1.024228745731277,24.846863402587243,1.0,-14.828571428571422,15.671428571428578,0.6535963027789156,-0.9561991025557612,-0.2791814126061529,-1.7811271952789767,-7.471020092944407,21.492545296832553,0.7787917619938894,-0.9754021667991596,-0.27876309758217854,-1.6609043503154421,77.0
NE,31073,2009,214.2,126.7,2.5706869943115733,0.6479972471633751,0.9185556128352276,24.126448555247404,1.0,13.371428571428567,33.37142857142858,0.07366878606517835,-1.1529082205894463,-0.38485454550220244,-2.5015420426188157,18.489725152734273,37.4209010760574,0.16076127943211596,-1.1662668739761581,-0.3845635437463942,-2.4179087591659227,87.49999999999999
NE,31073,2010,203.5,125.5,2.945668853462839,1.1575701753441496,1.1030101764766014,26.09436489921468,1.0,2.671428571428578,32.17142857142858,0.44865064521644404,-0.6433352924086719,-0.20039998186082864,-0.5336256986515409,5.5504703984129735,34.449256855282236,0.4976401727353454,-0.6508495349386971,-0.2002362933731865,-0.48658197670928965,78.0
NE,31073,2011,198.5,100.4,2.8332364908514487,2.623933516323829,1.4906801612847622,27.80829253201543,1.0,-2.328571428571422,7.071428571428584,0.3362182826050537,0.8230280485710075,0.1872700029473322,1.1803019341492096,-1.6887843559083362,7.577612634507085,0.34710484427591876,0.8213582168976689,0.18730637816680823,1.190756094580819,98.1
NE,31073,2012,197.9,29.0,1.2286165547118375,3.65293235160036,2.011977526185701,30.18700911961019,1.0,-2.9285714285714164,-64.32857142857142,-1.2684016535345575,1.8520268838475382,0.7085673678482711,3.5590185217439725,-4.52803911022964,-65.59403158626807,-1.2956180577117287,1.856201463030886,0.708476429799581,3.5328831206649403,168.9
NE,31073,2013,200.0,38.0,1.841599612844853,2.4630651908342323,1.465187772786181,27.16880091788192,1.0,-0.8285714285714221,-55.32857142857142,-0.6554185954015419,0.6621597230814107,0.16177761444875105,0.5408103200157015,-4.667293864550956,-58.36567580704324,-0.7207379654267494,0.6721787131214452,0.16155936313189484,0.47808535742602765,162.0
NE,31073,2016,205.7,124.7,2.908704440516901,1.2161334278067455,1.1102311130622595,26.164154758506672,1.0,4.871428571428567,31.37142857142858,0.41168623227050594,-0.5847720399460761,-0.1931790452751705,-0.46383583935954675,-5.685058127514896,23.019391530631292,0.23205796470118953,-0.5572198173359819,-0.19377923639652506,-0.6363294864811456,80.99999999999999
NE,31077,2008,184.0,116.0,3.2715884491287337,0.5618283395097602,0.930684697119412,24.290795911449315,1.0,-4.425000000000011,-5.575000000000003,0.22364907545736656,-0.38297598222034723,-0.11513900650506792,-0.8172064724468804,5.651646394445882,2.397398993488209,0.3951124217735299,-0.40927583107543675,-0.1145660967983204,-0.6525534456489928,68.0
NE,31077,2009,201.1,132.7,2.592834814567868,0.5635826685021611,0.8795582432107011,23.695910501284608,1.0,12.674999999999983,11.124999999999986,-0.455104559103499,-0.3812216532279463,-0.16626546041377888,-1.4120918826115876,20.512391640124566,17.32575477271304,-0.32174417863537197,-0.40167709122634926,-0.16581986397519746,-1.2840284173243417,68.4
NE,31077,2010,176.7,112.7,3.5576191489043336,0.8681266119830674,1.0193599933633937,25.48201884346814,1.0,-11.725000000000023,-8.875,0.5096797752329665,-0.07667770974704002,-0.026463710261086293,0.3740164595719442,-6.126863114196748,-4.445889448062105,0.6049371898530572,-0.09128873688875641,-0.026145427090671004,0.46549036334854843,63.999999999999986
NE,31077,2011,154.1,110.5,2.9762147355725883,2.476804849457084,1.390864548015036,27.14836425886662,1.0,-34.32500000000002,-11.075000000000003,-0.07172463809877883,1.5320005277269764,0.34504084439055593,2.0403618749704258,-30.966117868518054,-8.417533668837265,-0.014570189326724395,1.5232339114419466,0.3452318142928051,2.0952462172363884,43.599999999999994
NE,31077,2014,187.8,131.9,2.933398960262064,0.3960260839779133,1.0011671949634668,24.337332493149862,1.0,-0.625,10.325000000000003,-0.1145404134093031,-0.5487782377521941,-0.04465650866101312,-0.7706698907463334,-3.9838821314819644,7.667533668837265,-0.17169486218135754,-0.5400116214671643,-0.04484747856326229,-0.8255542330122959,55.900000000000006
NE,31077,2015,197.0,122.3,2.857550169633675,0.7712011604007427,1.0148004274082292,25.13066010853522,1.0,8.574999999999989,0.7249999999999943,-0.19038920403769222,-0.1736031613293647,-0.031023276216250784,0.022657724639024934,2.976863114196714,-3.7041105519379007,-0.28564661865778296,-0.15899213418764832,-0.03134155938666607,-0.06881617913757929,74.7
NE,31077,2016,201.9,125.6,3.206694586050065,0.9119130640018358,1.0182326184905206,25.52733085287279,1.0,13.474999999999994,4.0249999999999915,0.15875521237869794,-0.03289125772827162,-0.02759108513395936,0.4193284689765946,5.6376083598754105,-2.175754772713062,0.02539483191057093,-0.012435819729868663,-0.028036681572540762,0.2912650036893487,76.30000000000001
NE,31077,2017,204.8,120.9,2.987614125251611,1.0089517960082948,1.111921906425081,25.251606101543,1.0,16.375,-0.6749999999999972,-0.06032524841975606,0.06414747427818734,0.06609820280060097,0.1436037176468048,6.298353605554107,-8.64739899348821,-0.23178859473591937,0.09044732313327686,0.06552529309385345,-0.0210493091510828,83.9
NE,31079,2008,175.0,116.0,3.5339373513394183,0.7210659328472567,0.9805497594498962,24.805527873561644,1.0,-19.333333333333343,8.466666666666669,0.6788929681949747,-0.8811428196272676,-0.23479274007275008,-1.5181660143877025,-8.883477813167062,16.734339696950876,0.856706808819147,-0.908416736958472,-0.23419861148797486,-1.3474147273380386,59.0
NE,31079,2009,190.1,113.6,2.494964524579549,0.6963970935416082,0.934316364429278,24.370924866928423,1.0,-4.2333333333333485,6.066666666666663,-0.36007985856489455,-0.9058116589329162,-0.28102613509336827,-1.9527690210209236,3.977267432511624,12.56269547617571,-0.2203689837887586,-0.927241165407434,-0.2805593197767592,-1.8186072954819013,76.5
NE,31079,2010,184.9,114.3,3.3962349312665268,0.9870956455227669,1.0083677334434706,25.89541893890883,1.0,-9.433333333333337,6.766666666666666,0.5411905481220831,-0.6151131069517575,-0.20697476607917564,-0.4282749490405173,-3.4619873218096746,11.491051255400556,0.6427984570501828,-0.6306982025695888,-0.20663526403073265,-0.33070278501213674,70.60000000000001
NE,31079,2011,184.7,115.8,2.930012316747148,2.500710710069564,1.4069275395127017,27.52196524701913,1.0,-9.633333333333354,8.266666666666666,0.07496793360270448,0.8985019575950395,0.19158503999005538,1.198271359069782,-5.901242076131002,11.219407034625398,0.13847287668276786,0.8887612728338947,0.19179722877033226,1.259253961587521,68.89999999999999
NE,31079,2012,190.6,23.1,1.4378103269409253,3.662810621872684,1.9487832858548555,30.08553373010067,1.0,-3.7333333333333485,-84.43333333333334,-1.4172340562035184,2.06060186939816,0.7334407863322092,3.761839842151325,-2.2404968304523054,-83.25223718614977,-1.3918320789714913,2.0567055954937015,0.73352566184432,3.786232883158422,167.5
NE,31079,2013,207.7,78.6,2.7149021971260057,2.243035445481389,1.3532973354655633,26.65270923851685,1.0,13.366666666666646,-28.933333333333337,-0.14014218601843798,0.6408266930068647,0.13795483594291702,0.3290153505675022,12.62024841522638,-29.52388140692492,-0.1528431746344472,0.6427748299590931,0.13791239818686166,0.3168188300639577,129.1
NE,31079,2016,190.4,121.0,2.9392826172410067,1.2793495907207617,1.1000372355318129,26.294127251099443,1.0,-3.933333333333337,13.466666666666669,0.08423823409656306,-0.3228591617537626,-0.1153052639908334,-0.02956663684990346,-11.397515847737534,7.561185930749609,-0.042771652063555016,-0.30337779223147454,-0.11572964155138711,-0.151531841885373,69.4
NE,31079,2017,204.0,134.3,3.355295684798578,1.1711041305533954,1.175654658987679,25.944935395212443,1.0,9.666666666666657,26.76666666666668,0.5002513016541346,-0.43110462192112897,-0.03968784053496721,-0.3787584927369032,-0.03677060205884786,19.089541709974462,0.33513844964598016,-0.4057788415421543,-0.040239531363687034,-0.5373132592830144,69.69999999999999
NE,31079,2018,221.6,151.1,2.892959498260835,1.1583096016612928,1.030148583028559,25.342102450196688,1.0,27.26666666666665,43.56666666666666,0.03791511511639145,-0.4438991508132315,-0.18519391649408723,-0.9815914377526589,15.323974643619836,34.11789748919929,-0.16530070273979922,-0.4127289595775703,-0.18587292059097316,-1.1767357658094117,70.5
NE,31081,2008,196.0,145.0,3.517682800346139,0.6780096792642427,0.9623058454084308,24.76629905332145,1.0,-12.02222222222224,14.699999999999989,0.5250674030474332,-0.8018912308497339,-0.22791776819095655,-1.456322138491302,-2.816397121123579,21.983426240964484,0.6817129293115813,-0.8259182532605562,-0.22739436919960695,-1.3058983856142206,51.0
NE,31081,2009,212.2,137.8,2.205693444139873,0.6706519916361444,0.9172288210476084,24.373381146785384,1.0,4.177777777777749,7.5,-0.7869219531588327,-0.8092489184778322,-0.27299479255177894,-1.8492400450273685,11.144348124555101,13.011782020189337,-0.6683793927427208,-0.827431530031968,-0.2725987068285955,-1.7354058536609287,74.39999999999998
NE,31081,2010,194.2,137.4,3.114486277024935,1.0193662808333557,0.9893919930830388,26.03598433163185,1.0,-13.822222222222251,7.099999999999994,0.12187087972622912,-0.46053462928062094,-0.2008316205163485,-0.18663686018090075,-9.09490662976621,10.840137799414173,0.20231047429430477,-0.4728728299780702,-0.20056284806133115,-0.10939223032510256,56.79999999999998
NE,31081,2011,203.0,148.2,3.1368952798163483,2.523149588710202,1.400403326704894,27.62155036159029,1.0,-5.02222222222224,17.899999999999977,0.14427988251764257,1.0432486785962254,0.21017971310550676,1.3989291697775386,-2.5341613840875077,19.868493578638997,0.18661651123768191,1.0367548887554627,0.210321172292358,1.439584238122695,54.80000000000001
NE,31081,2012,208.7,26.9,1.565476294942344,3.661250078689028,1.938269717623014,30.17313795110951,1.0,0.6777777777777487,-103.4,-1.4271391023563618,2.1813491685750517,0.7480461040236266,3.9505167592967574,0.926583861591171,-103.20315064213614,-1.4229054394843588,2.1806997895909754,0.7480602499423117,3.9545822661312724,181.79999999999998
NE,31081,2013,208.4,103.4,2.597001396735036,2.2668908476459366,1.3497572575204997,26.724383418328724,1.0,0.3777777777777658,-26.900000000000006,-0.3956140005636697,0.78698993753196,0.15953364392111236,0.5017622265159716,-1.6126708927301217,-28.474794862911303,-0.42948330353970293,0.7921849694045704,0.15942047657163136,0.46923817183984473,105.0
NE,31081,2014,213.6,147.5,3.891819377091724,0.6270682013781295,1.091029006935746,25.137669860303426,1.0,5.577777777777754,17.19999999999999,0.8992039797930182,-0.8528327087358472,-0.09919460666364133,-1.0849513315093269,1.348074352948557,13.853560916313533,0.8272317109689488,-0.8417932660065501,-0.09943508728128844,-1.1540649476960954,66.1
NE,31081,2015,217.0,161.6,3.3757584252078696,0.7859143455828269,0.9350228997703504,25.275068856276736,1.0,8.97777777777776,31.299999999999983,0.3831430279091639,-0.6939865645311497,-0.255200713829037,-0.9475523355360167,2.5088195986272535,26.18191669553837,0.2730677932370581,-0.6771027109451662,-0.2555685077148502,-1.053255513233427,55.400000000000006
NE,31081,2017,219.1,164.9,3.5287252803840854,1.086807177285923,1.1286036543009044,25.896115746967407,1.0,11.077777777777754,34.599999999999994,0.5361098830853797,-0.3930937328280537,-0.06161995929848296,-0.3265054448453455,0.13031008998462745,25.938628253988064,0.3498287167172013,-0.36452105752869707,-0.06224237972062842,-0.5053877455640391,54.19999999999999
NE,31083,2008,194.0,119.0,2.9764273059532624,1.1357178384640627,1.081190336084419,25.633651586838035,1.0,-9.388888888888886,15.111111111111114,0.23647672978902046,-0.8479874803001757,-0.2553932784982007,-1.535488249913488,-0.43186987160364687,22.197687994211748,0.38888859318116564,-0.8713651237269219,-0.25488402542553623,-1.3891300038709213,75.0
NE,31083,2009,208.2,135.8,2.45328668832912,0.9165126226223628,1.012176808308501,25.162513673900367,1.0,4.811111111111103,31.911111111111126,-0.2866638878351222,-1.0671926961418756,-0.3244068062741188,-2.0066261628511555,11.528875374075032,37.2260437734366,-0.17235499029101334,-1.0847259287119353,-0.3240248664696204,-1.8968574783192305,72.39999999999998
NE,31083,2010,202.8,120.5,3.7479170682716823,1.4979394550103984,1.1392612441516,26.854592718037544,1.0,-0.5888888888888744,16.611111111111114,1.0079664921074403,-0.48576586375384,-0.19732237043101986,-0.31454711871397834,3.889620619753745,20.15439955266143,1.0841724238035129,-0.4974546854672131,-0.19706774389468762,-0.24136799569269496,82.30000000000001
NE,31083,2011,203.4,127.2,3.1097579571054053,3.121635811847224,1.5924532954091526,28.72941463419311,1.0,0.011111111111119953,23.311111111111117,0.3698073809411633,1.1379304930829857,0.25586968082653283,1.5602747974415863,2.2503658654324297,25.082755331886275,0.4079103467891996,1.132086082226299,0.25599699409469895,1.596864358952228,76.2
NE,31083,2012,208.0,43.2,1.445851543324981,4.001852422354987,2.070436973074407,30.80949763425633,1.0,4.611111111111114,-60.68888888888888,-1.294099032839261,2.0181471035907483,0.7338533584917875,3.6403577975048087,4.611111111111114,-60.68888888888888,-1.294099032839261,2.0181471035907483,0.7338533584917875,3.6403577975048087,164.8
NE,31083,2013,183.6,35.5,1.8334866467475024,2.810142123811442,1.5339161637075005,27.856865893737247,1.0,-19.78888888888889,-68.38888888888889,-0.9064639294167396,0.8264368050472035,0.19733254912488074,0.6877260569857242,-22.0281436432102,-70.16053310966404,-0.9445668952647759,0.83228121590389,0.19720523585671462,0.6511364954750825,148.1
NE,31083,2014,207.4,100.9,3.005071440277772,1.3044495556938829,1.2812704824412893,26.13291577602297,1.0,4.01111111111112,-2.98888888888888,0.2651208641135301,-0.6792557630703555,-0.05531313214133049,-1.0362240607285536,-0.4673983975314995,-6.532177330439197,0.1889149324174575,-0.6675669413569824,-0.05556775867766272,-1.109403183749837,106.5
NE,31083,2015,218.5,128.8,3.0069980441063358,1.4988785051919973,1.1839721176211906,26.546250126383697,1.0,15.111111111111114,24.911111111111126,0.2670474679420938,-0.4848268135722411,-0.15261149696142917,-0.6228897103678257,8.393346848147186,19.59617844878565,0.1527385703979849,-0.46729358100218144,-0.15299343676592753,-0.7326583948997507,89.69999999999999
NE,31083,2016,204.6,124.1,3.080758491362113,1.566219533881788,1.1345751104455188,26.7965564873944,1.0,1.2111111111111086,20.21111111111111,0.3408079151978711,-0.4174857848824505,-0.20200850413710092,-0.37258334935712156,-7.74590790617413,13.124534228010475,0.18839605180572597,-0.3941081414557042,-0.2025177572097654,-0.5189415953996883,80.5
NE,31085,2008,199.0,83.0,2.4113596871993987,1.264092807552621,1.1813912016219867,25.435841169035434,1.0,10.425000000000011,11.387500000000003,-0.027450557259244057,-0.6703023238057522,-0.21314599548452273,-1.2878542664748522,19.102112172995085,18.25262135550374,0.12019843540189656,-0.6929494158754126,-0.21265265657037905,-1.1460697156211157,116.0
NE,31085,2009,187.1,101.6,2.7511033282245263,0.8341503094428652,1.003219537237166,24.558451457413728,1.0,-1.4749999999999943,29.987499999999997,0.3122930837658835,-1.100244821915508,-0.3913176598693435,-2.1652439780965587,4.962857418673771,35.08097713472858,0.4218391105789878,-1.117047503128482,-0.39095163422336593,-2.0600489887534637,85.5
NE,31085,2010,194.8,101.6,3.313425232331048,1.5101457820515105,1.2626007542157598,26.399216014698144,1.0,6.225000000000023,29.987499999999997,0.874614987872405,-0.42424934930686264,-0.13193644289074968,-0.32447942081214265,10.42360266435248,33.30933291395342,0.946058048837473,-0.4352076196631499,-0.1316977305129382,-0.2558739929796895,93.20000000000002
NE,31085,2011,151.2,80.6,2.868372351360933,2.620161138080781,1.5245055264910543,27.50113077645605,1.0,-37.375,8.987499999999997,0.42956210690229035,0.6857660067224078,0.12996832938454483,0.7774353409457646,-35.41565208996885,10.53768869317826,0.4629022020193221,0.6806521472228071,0.1300797284941902,0.8094512072675761,70.6
NE,31085,2012,181.2,20.4,1.200984151673664,3.629747699993147,2.070675812586434,30.156554193809995,1.0,-7.375,-51.2125,-1.237826092784979,1.695352568634774,0.6761386154799247,3.4328587582997088,-7.6549068442901635,-51.43395552759689,-1.2425889635159835,1.6960831199918598,0.676122701321404,3.4282850631108785,160.79999999999998
NE,31085,2013,174.5,26.3,1.9946396771126849,2.356238105525419,1.4849427404253153,26.9512485670943,1.0,-14.074999999999989,-45.3125,-0.44417056734595795,0.42184297416704575,0.09040554331880579,0.22755313158401336,-16.59416159861146,-47.30559974837205,-0.48703640392499875,0.4284179363808181,0.09026231589211892,0.18638987488454145,148.2
NE,31085,2015,200.2,87.1,2.3659690298557337,1.5914746497882286,1.264054121201709,26.388982510041824,1.0,11.625,15.487499999999997,-0.07284121460290915,-0.34292048157014454,-0.13048307590480057,-0.33471292546846243,4.627328892745907,9.951111810077627,-0.19191298287802255,-0.32465669764299904,-0.13088092986781968,-0.4490553051892177,113.1
NE,31085,2017,220.6,72.3,2.604628497911156,1.6691505584324131,1.364907883072651,26.39813879553281,1.0,32.025000000000006,0.6875,0.165818253452513,-0.26524457292596004,-0.029629314033858378,-0.32555663997747786,20.548819384103293,-8.392176631472685,-0.029459446518672994,-0.23529196728544144,-0.03028179453320972,-0.5130781427195166,148.3
NE,31087,2008,185.0,66.0,2.182981948883003,1.59167427405309,1.2890695931458969,26.392878725981465,1.0,1.7222222222222285,-11.62222222222222,-0.20053910802271258,-0.6631063663940522,-0.18399765504044185,-1.1156526054097036,11.425659490947734,-3.945097265530002,-0.035426256014558205,-0.6884321467730268,-0.18344596421172202,-0.9570978388635923,119.0
NE,31087,2009,203.1,100.6,2.8534161539414806,1.1021958925531865,1.085463123618587,25.41187199421098,1.0,19.822222222222223,22.977777777777774,0.46989509703576493,-1.1525847478939557,-0.38760412456775173,-2.0966593371801885,27.28640473662642,28.883258513694834,0.596904983195883,-1.172066117416244,-0.38717974700719804,-1.974694132144719,102.5
NE,31087,2010,191.9,103.0,2.9103153354015343,2.1049189751863304,1.4096452594368634,27.58115045069014,1.0,8.622222222222234,25.37777777777778,0.5267942784958186,-0.1498616652608118,-0.06342198874947536,0.07261911929897025,13.84714998230512,29.51161429291968,0.6157011988079004,-0.16349862392641332,-0.06312492445708777,0.1579947628237981,88.9
NE,31087,2011,161.9,85.4,2.6590030190825864,3.058697843623962,1.642441823064461,28.3932845934064,1.0,-21.377777777777766,7.777777777777786,0.2754819621768707,0.8039172031768196,0.16937457487812235,0.8847532620152307,-18.39210477201619,10.139970072144529,0.3262859166409162,0.7961246553679047,0.16954432590234383,0.9335393440294169,76.5
NE,31087,2012,148.7,24.4,1.242027659905803,3.947050411685488,2.1445518642722017,30.75493769720329,1.0,-34.57777777777778,-53.22222222222222,-1.1414933969999126,1.6922697712383457,0.671484616085863,3.2464063658121205,-33.831359526337515,-52.63167414863064,-1.1287924083839034,1.6903216342861171,0.6715270538419184,3.258602886315665,124.29999999999998
NE,31087,2013,155.6,37.9,1.9339923967727175,2.766654884784769,1.5916997673691684,27.795973327222068,1.0,-27.677777777777777,-39.72222222222222,-0.4495286601329982,0.5118742443376267,0.11863251918282969,0.2874419958308998,-29.17061428065882,-40.903318369405795,-0.4749306373650253,0.5157705182420849,0.11854764367071893,0.2630489548238026,117.69999999999999
NE,31087,2014,205.1,61.8,2.629368037639052,1.8933328836335577,1.475569392126239,27.31170780679932,1.0,21.822222222222223,-15.822222222222223,0.2458469807333361,-0.36144775681358454,0.0025021439399002254,-0.19682352459184926,18.09013096501987,-18.774962590180955,0.18234203765327273,-0.35170707205243984,0.002289955159623357,-0.25780612710958817,143.3
NE,31087,2016,188.7,100.8,2.5872967419316613,1.9918816461770577,1.322407986076885,27.157545930617022,1.0,5.422222222222217,23.177777777777777,0.20377568502594556,-0.26289899427008456,-0.1506592621094538,-0.350985400774146,-2.7883785436227555,16.681748968268728,0.06406481024980962,-0.24146948779556673,-0.1511260774260629,-0.48514712631316825,87.89999999999999
NE,31087,2018,209.5,118.7,2.453288218593602,1.8366189523268373,1.2967564245667471,26.777431456389824,1.0,26.22222222222223,41.07777777777778,0.06976716168788633,-0.41816168812030496,-0.1763108236195916,-0.7310998750013447,13.533111947734637,31.038460526718417,-0.1461496447843222,-0.385043359932414,-0.17703226547253292,-0.9384407235616503,90.8
NE,31089,2008,188.0,90.0,2.980084059274104,0.5522178641535759,0.9361429248795652,23.874531638532265,1.0,1.9666666666666686,3.566666666666663,0.22495729004893494,-1.0723521146090693,-0.327237546146232,-1.836198253357118,7.564803552469943,7.995777218604558,0.3202147046690257,-1.0869631417507857,-0.32691926297581675,-1.7447243495805138,98.0
NE,31089,2009,189.7,110.6,2.4989178323987784,0.4985221307493499,0.8700128645944781,23.17988659809753,1.0,3.666666666666657,24.166666666666657,-0.2562089368263907,-1.1260478480132952,-0.3933676064313191,-2.530843293791854,7.0255487981486215,26.824132997829395,-0.19905448805433623,-1.134814464298325,-0.3931766365290699,-2.4759589515258913,79.1
NE,31089,2010,163.4,92.2,3.878627887298605,0.8480246553716131,1.0870803882764193,24.994678304440757,1.0,-22.633333333333326,5.766666666666666,1.123501118073436,-0.776545323391032,-0.17630008274937792,-0.7160515874486251,-21.51370595617267,6.652488777054245,1.142552600997454,-0.7794675288193753,-0.17623642611529486,-0.6977568066933042,71.2
NE,31089,2011,184.6,96.0,2.942477109664626,2.2686555960106665,1.3722366349443782,26.467362345728983,1.0,-1.4333333333333371,9.566666666666663,0.18735034043945697,0.6440856172480214,0.108856163918581,0.7566324538396003,-2.552960710493992,8.680844556279084,0.16829885751543883,0.6470078226763647,0.10879250728449794,0.7383376730842794,88.6
NE,31089,2012,194.2,26.4,1.4092843081195103,3.6852902237687024,1.9768488049670312,29.704835517831903,1.0,8.166666666666657,-60.03333333333334,-1.3458424611056587,2.060720245006057,0.713468333941234,3.9941056259425203,4.807784535184693,-62.690799664496076,-1.402996909877713,2.069486861291087,0.7132773640389848,3.9392212836765577,167.79999999999998
NE,31089,2013,196.3,103.4,2.821369418595391,1.8947094025219615,1.337961208492911,26.04308494670485,1.0,10.26666666666668,16.96666666666667,0.06624264937022195,0.27013942375931643,0.07458073746711369,0.33235505481546923,4.668529780863405,12.537556114728773,-0.029014765249868776,0.28475045090103285,0.07426245429669841,0.240881151038865,92.9
NE,31093,2008,175.0,108.0,3.452333175205321,0.6702577854279388,0.98841591235031,24.833398505779545,1.0,-12.629999999999995,-9.209999999999994,0.38428735899296473,-0.5189078257419368,-0.1176643838886704,-0.8439004939238153,-1.2098007529615202,-0.17461447404684804,0.5786124848179464,-0.5487143211110378,-0.11701508622102322,-0.657293730219546,67.0
NE,31093,2009,194.1,121.7,2.5482507453354097,0.640070495312766,0.9258964953320646,24.16352510936288,1.0,6.469999999999999,4.490000000000009,-0.5197950708769463,-0.5490951158571096,-0.18018380090691577,-1.513773890340481,15.650944492717166,11.753741305177996,-0.363572910900001,-0.5730572003695239,-0.1796618165074347,-1.3637566881468532,72.39999999999999
NE,31093,2010,180.6,116.0,3.0875134064865057,0.9570550429982176,1.030202925685346,25.88024775295258,1.0,-7.030000000000001,-1.2099999999999937,0.019467590274149682,-0.23211056817165798,-0.07587737055363442,0.20294875324922046,-0.08831026160414446,4.282097084402835,0.13758678440305872,-0.2502282418273858,-0.07548269942231947,0.31637639393220635,64.6
NE,31093,2011,167.2,120.4,3.0120900288794887,2.5655583186938733,1.4240332939731866,27.544406453892197,1.0,-20.430000000000007,3.190000000000012,-0.055955787332867324,1.3763927075239977,0.31795299773420616,1.8671074541888366,-15.72756501592546,6.9104528636276825,0.024060440948005413,1.3641194447249565,0.318220355597355,1.9439455333611808,46.79999999999998
NE,31093,2013,185.1,102.0,3.00354067581235,2.0836539876872835,1.3071653680776414,26.47331590963593,1.0,-2.530000000000001,-15.209999999999994,-0.06450514040000588,0.8944883765174079,0.20108507183866098,0.7960169099325682,-2.306074524568074,-15.03283557792264,-0.060694843815205714,0.8939039354317397,0.20109780316547757,0.7996758660836291,83.1
NE,31093,2014,186.6,122.2,3.2578952384103665,0.5900611514613473,1.087373167507641,25.025323552678437,1.0,-1.0300000000000011,4.990000000000009,0.1898494221980105,-0.5991044597085283,-0.018707128731339395,-0.6519754470249239,-3.0453292788893833,3.3955202013022054,0.15555675293477436,-0.5938444899375099,-0.01882171067268891,-0.6849060523845047,64.39999999999999
NE,31093,2015,200.9,96.9,2.862278325655105,0.9424113202403512,1.050744053676704,25.626236257188214,1.0,13.27000000000001,-20.309999999999988,-0.20576749055725108,-0.2467542909295244,-0.05533624256227632,-0.0510627425151462,9.015415966789318,-23.67612401947295,-0.2781631256685235,-0.2356499103018194,-0.05557813777179195,-0.12058290938536874,104.0
NE,31093,2016,195.4,124.5,3.033550473228162,1.2094930569914288,1.089341855965481,26.18153661366842,1.0,7.77000000000001,7.290000000000006,-0.0344953429841941,0.020327445821553214,-0.016738440273499355,0.50423761396506,1.2761612124680086,2.1522317597518867,-0.1449939439435028,0.03727623730594476,-0.017107648751181103,0.3981278855841957,70.9
NE,31093,2017,195.8,132.3,3.1619561584669,1.1544755289725832,1.1641563194995397,25.862178952189748,1.0,8.170000000000016,15.090000000000018,0.09391034225454398,-0.034690082197292416,0.05807602326055927,0.1848799524863871,-0.563093541853295,8.18058753897674,-0.05469122455280101,-0.011896879856214307,0.05757950151471141,0.04218066259488121,63.5
NE,31093,2018,195.6,128.1,3.261049934643952,1.078619423912967,0.9934735703218897,25.182820889685672,1.0,7.969999999999999,10.89,0.19300411843159582,-0.11054618725690868,-0.11260672591709076,-0.49447811001768827,-3.002348296174622,2.2089433182015643,0.0062995857762145335,-0.08190857405914401,-0.11323056093110473,-0.6737669614198358,67.5
NE,31095,2008,182.0,142.0,3.771932305625531,0.8829553099002255,0.9890125761951452,25.42544052613868,1.0,-13.087500000000006,16.900000000000006,0.658724341773008,-1.1282613698391306,-0.31952799215335426,-1.8596484438245326,-5.250108359875422,23.10075477271306,0.792084722241135,-1.1487168078375336,-0.31908239571477287,-1.7315849785372868,40.0
NE,31095,2009,204.2,135.8,2.393254332197741,0.8704937291379047,0.9618487648949968,25.208396674058964,1.0,9.112499999999983,10.700000000000017,-0.7199536316547821,-1.1407229506014513,-0.3466918034535026,-2.076692295904248,14.710636885803257,15.129110551937913,-0.6246962170346914,-1.1553339777431677,-0.3463735202830873,-1.985218392127644,68.39999999999998
NE,31095,2010,185.8,123.8,3.622196944233457,1.4938884754112096,1.108661571113425,26.926966139182348,1.0,-9.287499999999994,-1.2999999999999972,0.5089889803809338,-0.5173282043281464,-0.19987899723507452,-0.3581228307808644,-5.92861786851803,1.35746633116274,0.5661434291529882,-0.5260948206131763,-0.19968802733282534,-0.30323848851490187,62.000000000000014
NE,31095,2011,185.8,117.6,3.135156123293256,3.4985396562132127,1.6555715658624823,29.206088012841164,1.0,-9.287499999999994,-7.5,0.021948159440732695,1.4873229764738567,0.3470309975139829,1.920999042877952,-8.16787262283934,-6.614177889612421,0.04099964236475084,1.4844007710455134,0.34709465414806595,1.9392938236332729,68.20000000000002
NE,31095,2012,194.9,51.1,1.994004540580648,4.232515478645508,2.0489589914962054,31.161067899030403,1.0,-0.1875,-74.0,-1.1192034232718753,2.2212987989061523,0.740418423147706,3.875978929067191,-1.3071273771606549,-74.88582211038758,-1.1382549061958933,2.2242210043344954,0.740354766513623,3.8576841483118702,143.8
NE,31095,2013,197.3,132.4,3.0198352579733423,2.8707888164058053,1.5207303948969997,27.90537516853293,1.0,2.2125000000000057,7.300000000000011,-0.0933727058791809,0.8595721366664493,0.21218982654850027,0.620286198569719,-1.1463821314819587,4.642533668837274,-0.15052715465123534,0.8683387529514791,0.2119988566462511,0.5654018563037565,64.9
NE,31095,2014,216.6,155.4,2.982318370400708,1.091435074562598,1.2212149983315548,26.22794639721532,1.0,21.51249999999999,30.30000000000001,-0.13088959345181506,-0.919781605176758,-0.08732557001694463,-1.0571425727478925,15.914363114196714,25.870889448062115,-0.2261470080719058,-0.9051705780350416,-0.08764385318735991,-1.1486164765244966,61.19999999999999
NE,31095,2015,194.1,142.7,3.986965836515501,1.149116897638383,0.9623256839971857,26.219430942705884,1.0,-0.9875000000000114,17.599999999999994,0.8737578726629778,-0.862099782100973,-0.34621488435131376,-1.065658027257328,-8.824891640124594,11.39924522728694,0.7403974921948507,-0.84164434410257,-0.34666048078989514,-1.1937214925445738,51.400000000000006
NE,31097,2008,180.0,117.0,3.56555071639624,0.7620982374213775,0.9349501258330968,25.13616987125991,1.0,-8.412499999999994,-3.7874999999999943,0.3651159239375783,-1.0967977298315716,-0.30527773597538266,-1.843165766361878,-0.5751083598754105,2.413254772713059,0.49847630440570534,-1.1172531678299746,-0.30483213953680127,-1.715102301074632,63.0
NE,31097,2009,199.1,143.8,2.516193890341152,0.7148446204053803,0.9111278147132508,24.81781022773864,1.0,10.6875,23.012500000000017,-0.68424090211751,-1.144051346847569,-0.32910004709522866,-2.161525409883147,16.285636885803275,27.441610551937913,-0.5889834874974192,-1.1586623739892854,-0.3287817639248134,-2.0700515061065428,55.29999999999998
NE,31097,2010,177.8,121.8,3.8279110894710215,1.311407701766801,1.044076846636825,26.701967209513363,1.0,-10.612499999999983,1.0125000000000028,0.6274762970123597,-0.5474882654861482,-0.19615101517165434,-0.2773684281084243,-7.253617868518019,3.66996633116274,0.6846307457844142,-0.556254881771178,-0.19596004526940516,-0.2224840858424618,56.000000000000014
NE,31097,2011,177.7,107.2,2.850155688925057,3.3468711960101376,1.5789005930685946,28.92145984591,1.0,-10.712500000000006,-13.587499999999991,-0.3502791035336048,1.4879752287571884,0.3386727312601152,1.942124208288213,-9.592872622839351,-12.701677889612412,-0.33122762060958666,1.485053023328845,0.33873638789419824,1.960418989043534,70.49999999999999
NE,31097,2012,184.8,56.8,1.8202253864332203,4.118879350612354,1.99045590621916,30.96991094486552,1.0,-3.612499999999983,-63.9875,-1.3802094060254415,2.2599833833594047,0.7502280444106806,3.990575307243734,-4.732127377160638,-64.87332211038758,-1.3992608889494595,2.262905588787748,0.7501643877765976,3.9722805264884133,128.0
NE,31097,2013,198.2,135.1,3.3214211279720534,2.8612351131044536,1.5005079279996878,27.84276880960975,1.0,9.787499999999994,14.3125,0.12098633551339155,1.0023391458515043,0.26028006619120836,0.863433171987964,6.42861786851803,11.655033668837262,0.06383188674133712,1.011105762136534,0.2600890962889592,0.8085488297220015,63.099999999999994
NE,31097,2014,201.1,148.4,3.399705589332286,0.8635306959826219,1.1344856612155627,25.8323130700978,1.0,12.6875,27.61250000000001,0.19927079687362426,-0.9953652712703274,-0.10574220059291672,-1.1470225675239867,7.0893631141967255,23.183389448062115,0.10401338225353353,-0.980754244128611,-0.106060483763332,-1.2384964713005908,52.69999999999999
NE,31097,2015,188.6,136.2,4.302314850798264,0.892300822720468,0.8273180187816578,25.6122851219793,1.0,0.1875,15.412499999999994,1.101880058339602,-0.9665951445324813,-0.41290984302682165,-1.367050515642486,-7.649891640124584,9.21174522728694,0.968519677871475,-0.9461397065340783,-0.41335543946540304,-1.4951139809297318,52.400000000000006
NE,31099,2008,189.0,133.0,3.2402504315915808,0.8293521702865938,1.0149886854943648,25.003408829236665,1.0,-20.930000000000007,13.090000000000003,0.4873140876501987,-0.8376796024403093,-0.2625885373784502,-1.5633962851182197,-10.853353605554114,21.062398993488216,0.658777433966362,-0.8639794512953988,-0.2620156276717027,-1.398743258320332,56.0
NE,31099,2009,212.2,146.8,2.336591121534872,0.7938687038193817,0.9977012886186832,24.79253398645047,1.0,2.269999999999982,26.890000000000015,-0.4163452224065103,-0.8731630689075214,-0.2798759342541318,-1.7742711279044165,10.107391640124565,33.09075477271307,-0.28298484193838325,-0.8936185069059244,-0.27943033781555043,-1.6462076626171707,65.39999999999998
NE,31099,2010,197.9,131.9,3.6007297208467635,1.157343468102058,1.0676797123908155,26.25573387945164,1.0,-12.030000000000001,11.990000000000009,0.8477933769053814,-0.509688304624845,-0.20989751048199956,-0.3110712349032454,-6.431863114196727,16.419110551937905,0.9430507915254721,-0.5242993317665614,-0.20957922731158427,-0.21959733112664118,66.0
NE,31099,2011,193.7,139.7,3.0443615750122484,2.782284086075036,1.5156655900274405,28.078329652833204,1.0,-16.230000000000018,19.789999999999992,0.29142523107086626,1.1152523133481331,0.23808836715462545,1.5115245384783194,-12.871117868518054,22.44746633116273,0.3485796798429207,1.1064856970631034,0.23827933705687462,1.566408880744282,54.0
NE,31099,2012,217.0,73.3,1.622318184201606,3.783429653203883,2.0224243722800863,30.38761342360212,1.0,7.069999999999993,-46.61,-1.1306181597397762,2.11639788047698,0.7448471494072713,3.8208083092472336,8.189627377160647,-45.72417788961242,-1.1115666768157582,2.1134756750486368,0.7449108060413543,3.8391030900025545,143.7
NE,31099,2013,206.9,85.7,2.258671654851044,2.604374855015932,1.492490813898714,27.36548859987948,1.0,-3.030000000000001,-34.209999999999994,-0.49426468909033794,0.9373430822890287,0.21491359102589902,0.7986834855245952,-4.149627377160656,-35.09582211038757,-0.5133161720143561,0.9402652877173721,0.21484993439181596,0.7803887047692744,121.2
NE,31099,2014,217.0,104.0,3.103200948151565,0.9402825447792788,1.212151407968654,25.524375383693105,1.0,7.069999999999993,-15.909999999999997,0.3502646042101829,-0.7267492279476243,-0.0654258149041611,-1.0424297306617802,3.711117868518029,-18.567466331162734,0.29311015543812846,-0.7179826116625945,-0.06561678480641028,-1.0973140729277429,113.0
NE,31099,2015,226.0,119.8,2.752677488284069,1.1515928186732869,1.096974644622318,25.871518406413166,1.0,16.069999999999993,-0.10999999999999943,-0.0002588556573130951,-0.5154389540536162,-0.18060257825049697,-0.6952867079417189,10.471863114196719,-4.5391105519378945,-0.09551627027740382,-0.5008279269118998,-0.18092086142091227,-0.7867606117183231,106.2
NE,31099,2016,212.0,111.6,2.4722699641857706,1.3729495283263256,1.1348976717878605,26.36214315360409,1.0,2.069999999999993,-8.310000000000002,-0.2806663797556115,-0.2940822444005775,-0.14267955108495456,-0.20466196075079424,-5.767391640124591,-14.510754772713057,-0.4140267602237385,-0.27362680640217457,-0.14312514752353597,-0.3327254260380401,100.4
NE,31099,2017,227.6,153.3,3.0982923507543023,1.254839898987255,1.220798041639213,26.02690582838489,1.0,17.669999999999987,33.390000000000015,0.3453560068129202,-0.41219187373964816,-0.05677918123360204,-0.5398992859699945,7.593353605554094,25.417601006511802,0.17389266049675692,-0.38589202488455865,-0.05735209094034956,-0.7045523127678821,74.29999999999998
NE,31101,2008,188.0,82.0,1.99678078695068,1.1588884322671729,1.2147930346453917,25.16649347522935,1.0,-5.439999999999998,7.27000000000001,-0.27302866415141835,-0.4698342330678005,-0.12353166662676474,-0.9169333391346832,5.084497345310259,15.596727837643334,-0.09394472466564607,-0.4973029640942276,-0.12293329426638398,-0.7449624000346656,106.0
NE,31101,2009,187.0,92.5,2.4999192786612605,0.7434219421548196,1.0312807126686725,24.210366040926143,1.0,-6.439999999999998,17.77000000000001,0.2301098275591622,-0.8853007231801537,-0.3070439886034839,-1.8730607734378886,1.8452425909889492,24.325083616868177,0.3710908011968982,-0.9069250433498943,-0.3065729295112693,-1.7376793958485126,94.5
NE,31101,2010,180.5,82.2,2.626637359028672,1.362403396316922,1.2344788145925931,25.778632454099053,1.0,-12.939999999999998,7.470000000000013,0.3568279079265735,-0.26631926901805136,-0.10384588667956329,-0.3047943602649781,-6.89401216333236,12.253439396093022,0.4597059157162732,-0.2820991783311053,-0.10350214085551478,-0.20600254418624386,98.3
NE,31101,2011,169.5,81.9,2.713632135705202,2.196085332726321,1.4170244159816994,26.685174420072727,1.0,-23.939999999999998,7.170000000000016,0.4438226846031035,0.5673626673913474,0.07869971470954296,0.6017476057086952,-20.13326691765367,10.181795175317866,0.5085977265447669,0.55742716893498,0.07891614726542535,0.6639498602767878,87.6
NE,31101,2012,174.6,16.9,0.9379571028458328,3.640708498743905,2.079163275597647,30.038514697308155,1.0,-18.840000000000003,-57.82999999999999,-1.3318523482562656,2.0119858334089313,0.7408385743254904,3.955087882944124,-17.272521671974985,-56.5898490454573,-1.3051802721626384,2.0078947458092506,0.7409276936132067,3.9807005760015746,157.7
NE,31101,2013,192.6,55.5,1.935564473185996,2.043126367997612,1.4173487892108858,26.43028642596052,1.0,-0.8400000000000034,-19.22999999999999,-0.3342449779161023,0.4144037026626386,0.07902408793872939,0.34685961159648926,-1.5117764262962945,-19.761493266232456,-0.34567586767051145,0.4161570259196443,0.07898589395827957,0.3358827431432984,137.1
NE,31101,2014,215.4,67.8,2.27027592905393,1.0575057392611071,1.247863122266477,25.38355064130702,1.0,21.960000000000008,-6.929999999999993,0.00046647795183174523,-0.5712169260738662,-0.0904615790056793,-0.6998761730570102,19.048968819382406,-9.233137487007617,-0.0490673776506137,-0.563619191960174,-0.09062708625429525,-0.7474426030208428,147.60000000000002
NE,31101,2015,191.5,91.6,2.581480804633159,1.3563777014360707,1.227802200663914,25.618960204603503,1.0,-1.9399999999999977,16.870000000000005,0.3116713535310609,-0.2723449638989026,-0.11052250060824242,-0.4644666097605281,-7.090285934938908,12.795218292217221,0.22403453208057916,-0.2589028189285238,-0.11081532112502449,-0.5486226012350024,99.9
NE,31101,2017,217.0,76.3,1.92796295963842,1.4776457643830625,1.3687049847381616,26.07220861890232,1.0,23.560000000000002,1.5700000000000074,-0.3418464914636783,-0.15107690095191084,0.030380283466005187,-0.0112181954617121,13.931204556418471,-6.048070149333092,-0.5056892446102326,-0.12594593426815892,0.029832836412890897,-0.1685533099574697,140.7
NE,31101,2018,218.3,100.6,3.207883681317833,1.2510634780627423,1.1447876623561224,25.45008116523153,1.0,24.860000000000014,25.870000000000005,0.9380742302157348,-0.377659187272231,-0.19353703891603402,-0.6333456491325009,12.991949802097174,16.480285629891746,0.7361285112211442,-0.3466838097317925,-0.19421179923731444,-0.8272703251389002,117.70000000000002
NE,31103,2008,170.0,68.0,2.5555817425513228,0.692601045847188,1.0072598851824557,23.901313846597866,1.0,-22.78,-19.72,-0.0408945927426867,-0.6530587986461432,-0.18880568762021577,-1.2542488366622102,-12.031577179257816,-11.21610774027932,0.14199964332788576,-0.6811119707582385,-0.1881945839330184,-1.0786189414111318,102.0
NE,31103,2009,181.1,76.4,2.263081802334178,0.4568697358282118,0.8943221824101282,22.9574269294016,1.0,-11.680000000000007,-11.319999999999993,-0.33339453295983157,-0.8887901086651194,-0.3017433903925433,-2.1981357538584767,-3.170831933579132,-4.587751961054472,-0.1886032627372954,-0.910998869920528,-0.30125959997351204,-2.05909542011804,104.69999999999999
NE,31103,2010,191.7,91.9,2.972092127326868,0.9837350122658454,1.1005687070754953,24.71982216779244,1.0,-1.0800000000000125,4.180000000000007,0.37561579203285866,-0.36192483222748584,-0.0954968657271762,-0.4357405154676357,5.189913312099553,9.14060381817037,0.48230409640735855,-0.3782891826262079,-0.09514038857631107,-0.33328974323784066,99.79999999999998
NE,31103,2011,187.3,106.9,2.887246145942864,1.7321494948780032,1.217384909347408,25.40571200902974,1.0,-5.47999999999999,19.180000000000007,0.29076981064885477,0.386489650384672,0.02131933654473661,0.25014932576966586,-1.4493414422217343,22.36895959739521,0.35935514917531836,0.3759697108426364,0.021548500427435613,0.31601053648881927,80.4
NE,31103,2012,192.7,36.6,1.3102753210375386,3.6009984541076143,1.9956710308695984,29.48785696487224,1.0,-0.0800000000000125,-51.12,-1.2862010142564708,2.255338609614283,0.799605458066927,4.332294281612164,1.7114038034569334,-49.70268462337995,-1.2557186415780435,2.250663080928934,0.7997073086814599,4.361565930820675,156.1
NE,31103,2013,201.0,97.4,2.478021414320498,1.8621806913145236,1.3533136107918566,25.9186055166909,1.0,8.219999999999999,9.680000000000007,-0.11845492097351151,0.5165208468211924,0.15724803798918519,0.7630428334308235,7.772149049135635,9.325671155844894,-0.12607551414312052,0.51768972899253,0.15722257533555195,0.7557249211286935,103.6
NE,31103,2014,170.8,92.5,2.391646792690684,0.6040556825679086,1.0882859893529595,24.20226498594872,1.0,-21.97999999999999,4.780000000000001,-0.20482954260332553,-0.7416041619254226,-0.10777958344971195,-0.9532976973113563,-24.667105705185662,2.654026935069731,-0.25055310162097083,-0.7345908688973984,-0.10793235937151129,-0.997205171124128,78.30000000000001
NE,31103,2016,198.7,88.6,2.963940326089149,1.2347392503621246,1.1243835924993384,25.570582292723003,1.0,5.9199999999999875,0.8799999999999955,0.3674639907951396,-0.11092059413120658,-0.07168198030333306,0.41501960946292726,-1.2456152138283052,-4.7892615064805915,0.24553450008142172,-0.09221847938980933,-0.07208938276146463,0.2979330126288722,110.1
NE,31103,2017,209.2,60.9,2.849394485124829,1.3442115335898976,1.2453057776903695,25.268718719303703,1.0,16.419999999999987,-26.82,0.2529181498308195,-0.0014483109034335584,0.04924020488769809,0.11315603604362678,7.015130031850385,-34.26090572725575,0.09288569326906534,0.023098214694650253,0.048705489161400405,-0.040520122301069966,148.29999999999998
NE,31103,2018,225.3,158.0,3.293483195522162,0.9450575441719944,0.9341600428071054,24.123323400240544,1.0,32.52000000000001,70.28,0.6970068602281527,-0.4006023003213368,-0.26190552999556604,-1.032239283019532,20.875875277529097,61.0674500519691,0.4988714378183623,-0.37021136386656645,-0.26256755899002987,-1.2225050028748703,67.30000000000001
NE,31105,2011,151.6,45.6,1.978122990468366,1.5512265055797805,1.4470128390652692,25.28546084821864,1.0,-3.8499999999999943,11.883333333333333,0.1180505197799151,0.11129833360491603,0.006497033458626733,-0.05668707606365686,2.8677642629639344,17.198265995658808,0.23235941732402396,0.09376510103485636,0.006878973263125079,0.053081608468268204,106.0
NE,31105,2012,151.2,12.8,0.8420819111250364,2.493581800899144,1.9628666978426637,28.235062163738064,1.0,-4.25,-20.916666666666668,-1.0179905595634144,1.0536536289242797,0.5223508922360212,2.8929142394557665,0.22850950864261943,-17.37337822511635,-0.9417846278673419,1.0419648072109067,0.5226055187723534,2.96609336247705,138.39999999999998
NE,31105,2013,149.9,27.3,1.792557241576547,1.5223000416348138,1.4397389321028815,25.204923861154445,1.0,-5.549999999999983,-6.416666666666668,-0.06751522911190388,0.08237186965994936,-0.0007768735037609886,-0.13722406312785296,-3.3107452456786732,-4.6450224458915095,-0.029412263263867595,0.0765274588032628,-0.0006495602355948733,-0.10063450161721127,122.60000000000001
NE,31105,2015,167.2,50.2,2.650673513984087,0.8422607880507734,1.1750903413862273,23.97061163211268,1.0,11.75,16.483333333333334,0.7906010432956363,-0.597667383924091,-0.26542546422041524,-1.371536292169619,9.51074524567869,14.711689112558176,0.7524980774476,-0.5918229730674045,-0.26555277748858136,-1.4081258536802608,116.99999999999999
NE,31105,2016,148.7,33.4,1.9621851940702024,1.10019034856647,1.27266207336661,24.60533750923645,1.0,-6.75,-0.31666666666667,0.10211272338175159,-0.33973782340839453,-0.16785373224003242,-0.7368104150458485,-11.22850950864262,-3.8599551082169863,0.025906791685679012,-0.32804900169502144,-0.16810835877636465,-0.8099895380671319,115.29999999999998
NE,31105,2017,164.1,33.0,1.9348139729064664,1.1300095471182043,1.3457239498762033,24.75149153123349,1.0,8.650000000000006,-0.7166666666666686,0.07474150221801557,-0.3099186248566601,-0.09479185573043925,-0.5906563930488069,1.932235737036077,-6.031599328992143,-0.039567395326093296,-0.29238539228660043,-0.09517379553493759,-0.7004250775807319,131.1
NE,31107,2008,188.0,112.0,2.851080584867652,0.614659628470265,0.9639113893478132,24.384210862990507,1.0,-13.436363636363666,-30.900000000000006,-0.11559007938558974,-0.7683160029763514,-0.21251364403094175,-1.3485017427882227,-2.240089864757117,-22.041778896124214,0.07492474985459172,-0.7975380572597842,-0.2118770776901112,-1.1655539352350142,76.0
NE,31107,2009,212.2,150.8,2.477207439812856,0.5478687681683636,0.8973947881014163,23.662067200080607,1.0,10.763636363636323,7.900000000000006,-0.48946322444038604,-0.8351068632782528,-0.27903024527733866,-2.070645405698123,19.720655380921563,14.98657688310064,-0.33705136104824085,-0.858484506704999,-0.2785209922046742,-1.9242871596555562,61.39999999999998
NE,31107,2010,192.3,153.5,4.23528955619627,0.920491849115502,1.096475975474974,25.488043512401507,1.0,-9.136363636363654,10.599999999999994,1.2686188919430283,-0.4624837823311144,-0.07994905790378093,-0.24466909337722242,-2.4185993733997257,15.91493266232547,1.3829277894871372,-0.4800170149011741,-0.07956711809928259,-0.13490040884529736,38.80000000000001
NE,31107,2011,190.3,143.3,2.86350006507751,2.6571819569948785,1.4546383550485749,27.20233167822135,1.0,-11.136363636363654,0.4000000000000057,-0.10317059917573168,1.274206325548262,0.27821332166981994,1.4696190724426188,-6.657854127721035,3.943288441550322,-0.026964667479659102,1.262517503834889,0.27846794820615217,1.5427981954639023,47.0
NE,31107,2012,172.7,27.8,1.3232683593244925,3.953368365662776,2.0285888545570314,30.180910950835973,1.0,-28.736363636363677,-115.10000000000001,-1.6434023049287494,2.5703927342161594,0.8521638211782765,4.448198345057243,-26.49710888204237,-113.32835577922485,-1.605299339080713,2.564548323359473,0.8522911344464426,4.484787906567885,144.89999999999998
NE,31107,2013,204.7,151.4,2.974835916889971,2.144165470032588,1.3764817676849328,26.511911365059564,1.0,3.263636363636323,8.5,0.008165252636729292,0.7611898385859717,0.20005673430617787,0.7791987592808347,3.263636363636323,8.5,0.008165252636729292,0.7611898385859717,0.20005673430617787,0.7791987592808347,53.29999999999998
NE,31107,2014,194.0,178.7,3.173523707327878,0.4190487216730151,1.0266609683765244,24.43316315595457,1.0,-7.436363636363666,35.79999999999998,0.20685304307463603,-0.9639269097736013,-0.1497640650022305,-1.299549449824159,-9.675618390684976,34.028355779224825,0.16875007722659974,-0.9580824989169148,-0.1498913782703966,-1.3361390113348008,15.300000000000011
NE,31107,2015,214.8,176.3,2.783808768698324,0.7202745435203971,1.066985005208087,25.367380588030294,1.0,13.363636363636346,33.400000000000006,-0.18286189555491772,-0.6627010879262193,-0.109440028170668,-0.36533201774843604,8.885126854993725,29.85671155844969,-0.2590678272509903,-0.6510122662128461,-0.10969465470700024,-0.4385111407697194,38.5
NE,31107,2016,208.1,152.2,3.1256676801240446,1.1926453296869446,1.0490469999744174,25.95488933682092,1.0,6.6636363636363285,9.299999999999983,0.15899701587080273,-0.1903303017596718,-0.1273780334043375,0.2221767310421896,-0.054127899327600204,3.9850673376745087,0.044688118326693865,-0.17279706918961213,-0.12775997320883586,0.11240804651026454,55.900000000000006
NE,31107,2017,221.5,136.0,3.094791090768436,1.11704062258058,1.1228988656228862,25.424647039889685,1.0,20.063636363636334,-6.900000000000006,0.12812042651519429,-0.2659350088660364,-0.053526167755868714,-0.308065565889045,11.106617346351095,-13.98657688310064,-0.024291436876950873,-0.24255736543929016,-0.05403542082853317,-0.45442381193161174,85.5
NE,31107,2018,217.2,189.9,3.7304041376982258,0.9259866900074708,0.8575923977696455,24.450282973281052,1.0,15.763636363636323,47.0,0.7637334734449839,-0.4569889414391456,-0.31883263560910946,-1.2824296324976778,4.567362592029774,38.14177889612421,0.5732186442048024,-0.4277668871557128,-0.31946920194994005,-1.4653774400508863,27.299999999999983
NE,31109,2008,170.0,138.0,3.774098808150733,0.7250952505568524,0.9487377241722248,24.97395873268753,1.0,-20.066666666666663,-1.5111111111110915,0.3446170296411233,-0.9980897975559477,-0.25657031181903145,-1.770665831250664,-11.109647649381424,5.575465771989541,0.49702889303326847,-1.021467440982694,-0.256061058746367,-1.6243075852080973,32.0
NE,31109,2009,209.2,152.9,2.301336830261668,0.7691752658469517,0.9503040392774504,24.863749869286952,1.0,19.133333333333326,13.388888888888914,-1.1281449482479418,-0.9540097822658484,-0.2550039967138058,-1.8808746946512436,25.851097596297254,18.70382155121439,-1.0138360507038329,-0.9715430148359081,-0.25462205690930745,-1.7711060101193186,56.29999999999998
NE,31109,2010,177.3,143.4,3.988170710735956,1.205454127111232,1.0322109888201223,26.44002498098099,1.0,-12.766666666666652,3.888888888888914,0.5586889322263464,-0.5177309210015681,-0.17309704717113394,-0.3045995829572057,-8.288157158024031,7.432177330439231,0.634894863922419,-0.5294197427149413,-0.1728424206348017,-0.2314204599359223,33.900000000000006
NE,31109,2011,192.3,141.2,3.28080927727909,3.096730537936265,1.519460562801046,28.46250017153746,1.0,2.2333333333333485,1.688888888888897,-0.14867250123051967,1.3735454898234647,0.3141525268097898,1.7178756075992645,4.472588087654659,3.4605331096640555,-0.11056953538248337,1.367701078966778,0.3142798400779559,1.7544651691099062,51.10000000000002
NE,31109,2012,179.2,72.2,1.7898581293524327,4.212550290914511,2.026065010917331,30.961356453766548,1.0,-10.866666666666674,-67.31111111111109,-1.639623649157177,2.4893652428017115,0.8207569749260748,4.216731889828353,-10.866666666666674,-67.31111111111109,-1.639623649157177,2.4893652428017115,0.8207569749260748,4.216731889828353,106.99999999999999
NE,31109,2013,191.1,141.9,2.8948957701884983,2.638236170648131,1.4303738521485725,27.347526801897256,1.0,1.0333333333333314,2.388888888888914,-0.5345860083211114,0.915051122535331,0.22506581615731625,0.6029022379590607,-1.2059214209879783,0.617244668113756,-0.5726889741691477,0.9208955333920176,0.22493850288915013,0.566312676448419,49.19999999999999
NE,31109,2014,191.4,152.5,4.164858237288196,0.7669861432828518,1.092610653042563,25.598640788117446,1.0,1.3333333333333428,12.988888888888908,0.7353764587785863,-0.9561989048299484,-0.11269738294869325,-1.1459837758207492,-3.1451761753092766,9.445600447338592,0.6591705270825137,-0.9445100831165752,-0.11295200948502548,-1.2191628988420327,38.900000000000006
NE,31109,2015,199.1,153.7,4.744178359118077,0.8847087913686624,0.8444005982055176,25.54473930163621,1.0,9.033333333333331,14.188888888888897,1.3146965806084676,-0.8384762567441377,-0.36090743778573864,-1.1998852623019864,2.3155690703694027,8.873956226563422,1.2003876830643587,-0.820943024174078,-0.361289377590237,-1.3096539468339115,45.400000000000006
NE,31109,2016,201.0,159.8,3.927129884211838,1.2097288553497427,1.0036088945364794,26.50912397553338,1.0,10.933333333333337,20.28888888888892,0.49764810570222817,-0.5134561927630574,-0.20169914145477685,-0.2355005884048147,1.9763143160480983,13.202312005788286,0.345236242310083,-0.4900785493363112,-0.20220839452744133,-0.38185883444738145,41.19999999999999
NE,31111,2008,181.0,91.0,2.820995719540196,0.9123444532926788,1.0698403810670274,24.70030632801075,1.0,-10.527272727272731,11.336363636363643,0.28870974875099176,-0.5831012627009586,-0.18060269889371106,-1.2306769275083091,0.6690010443338181,20.194584740239435,0.47922457799117324,-0.6123233169843915,-0.1799661325528805,-1.0477291199551007,90.0
NE,31111,2009,188.6,86.5,2.533110037514956,0.6690562619788226,0.9387493584864716,23.957165549467824,1.0,-2.9272727272727366,6.836363636363643,0.0008240667257517487,-0.8263894540148148,-0.3116937214742669,-1.9738177060512356,6.029746290012502,13.922940519464277,0.1532359301178969,-0.849767097441561,-0.3111844684016024,-1.8274594600086689,102.1
NE,31111,2010,187.5,97.1,3.406707853058556,1.0713732839873773,1.0980297469941738,25.47799501334181,1.0,-4.027272727272731,17.436363636363637,0.8744218822693521,-0.4240724320062601,-0.15241333296656467,-0.4529882421772484,2.690491535691198,22.751296298689113,0.988730779813461,-0.4416056645763198,-0.15203139316206632,-0.34321955764532336,90.4
NE,31111,2011,175.2,85.8,2.7155893715944286,2.2910085638285658,1.4021370309391947,26.879904740357404,1.0,-16.327272727272742,6.13636363636364,0.18330340080522456,0.7955628478349284,0.15169395097845628,0.948921484838344,-11.848763218630122,9.679652077913957,0.25950933250129715,0.7838740261215552,0.15194857751478852,1.0221006078596275,89.39999999999999
NE,31111,2012,198.3,24.2,1.0947480085958148,3.479728770103094,1.980104343277807,29.785089962349332,1.0,6.7727272727272805,-55.463636363636354,-1.4375379621933893,1.9842830541094565,0.7296612633170685,3.8541067068302723,9.01198202704859,-53.691992142861196,-1.399434996345353,1.9784386432527699,0.7297885765852345,3.890696268340914,174.10000000000002
NE,31111,2013,182.9,34.6,2.1293407544787963,2.1249976397403665,1.3876089659269837,26.452124356520027,1.0,-8.627272727272725,-45.063636363636355,-0.4029452163104077,0.6295519237467291,0.13716588596624524,0.5211411010009677,-8.627272727272725,-45.063636363636355,-0.4029452163104077,0.6295519237467291,0.13716588596624524,0.5211411010009677,148.3
NE,31111,2014,201.5,76.8,2.5057495365206712,0.970722605718314,1.2174747115691331,25.431151937118308,1.0,9.972727272727269,-2.8636363636363598,-0.026536434268532805,-0.5247231102753234,-0.03296836839160533,-0.49983131840075146,7.733472518405959,-4.635280584411518,-0.0646394001165691,-0.5188786994186368,-0.03309568165977145,-0.5364208799113932,124.7
NE,31111,2015,205.7,99.8,2.773445095924276,1.154962141052635,1.1443898344220529,25.433372489390127,1.0,14.172727272727258,20.13636363636364,0.24115912513507176,-0.34048357494100245,-0.10605324553868556,-0.4976107661289326,9.694217764084637,16.593075194813323,0.16495319343899917,-0.32879475322762935,-0.1063078720750178,-0.570789889150216,105.89999999999999
NE,31111,2016,187.6,96.7,2.6958645065743188,1.2206562859451595,1.131762824861329,25.759731799046715,1.0,-3.9272727272727366,17.036363636363646,0.16357853578511472,-0.2747894300484779,-0.11868025509940949,-0.1712514564723442,-10.645036990236665,11.72143097403817,0.04926963824100586,-0.2572561974784182,-0.11906219490390783,-0.28102014100426925,90.89999999999999
NE,31111,2017,196.1,77.9,2.280856162820718,1.4389704918853254,1.307003613952167,26.07190948474897,1.0,4.572727272727263,-1.7636363636363512,-0.25142980796848624,-0.05647522410831196,0.056560533991428574,0.14092622922991183,-4.384291744557975,-8.850213246736985,-0.4038416713606314,-0.03309758068156573,0.056051280918764115,-0.005432016812654927,118.19999999999999
NE,31111,2018,202.4,105.9,2.8987386320585173,1.1160823783976728,1.0777730680717823,25.29206415035836,1.0,10.872727272727275,26.23636363636365,0.3664526612693133,-0.37936333759596463,-0.17267001188895614,-0.6389191051606993,-0.3235464988792742,17.378142532487857,0.17593783202913185,-0.35014128331253186,-0.1733065782297867,-0.8218669127139078,96.5
NE,31113,2008,182.0,97.0,3.133000496909338,0.787095294164515,1.0635953689987097,24.494969802597687,1.0,-5.037499999999994,10.775000000000006,0.42468989527969736,-0.7624114995373649,-0.20777801020652986,-1.4281704318272261,3.9195190172852445,17.86157688310064,0.5771017586718425,-0.7857891429641111,-0.2072687571338654,-1.2818121857846594,85.0
NE,31113,2009,186.1,101.6,2.6792650574189727,0.6153428267223008,0.9346790415320216,23.713956331880865,1.0,-0.9375,15.375,-0.029045544210668073,-0.934163966979579,-0.3366943376732179,-2.209183902544048,5.780264262963929,20.689932662325475,0.08526335333344079,-0.9516971995496387,-0.3363123978687195,-2.0994152180121226,84.5
NE,31113,2010,174.4,111.1,3.707637123979809,0.943912066966346,1.0629932664176636,25.268603093160856,1.0,-12.637499999999989,24.875,0.9993265223501684,-0.6055947267355338,-0.20838011278757596,-0.6545371412640577,-8.158990491357368,28.418288441550317,1.075532454046241,-0.617283548448907,-0.20812548625124372,-0.5813580182427743,63.30000000000001
NE,31113,2011,182.4,82.4,2.655165616234597,2.226628712579179,1.3828524646898916,26.699236051282007,1.0,-4.637499999999989,-3.8249999999999886,-0.053144985395043864,0.6771219188772992,0.11147908548465213,0.7760958168570937,-2.398245245678679,-2.0533557792248303,-0.015042019547007575,0.6712775080206127,0.11160639875281825,0.8126853783677355,100.0
NE,31113,2012,194.7,20.8,1.204202122144256,3.6062027814541344,1.9920405575028968,29.88851857287996,1.0,7.662499999999994,-65.425,-1.5041084794853847,2.0566959877522546,0.7206671782976573,3.9653783384550465,7.662499999999994,-65.425,-1.5041084794853847,2.0566959877522546,0.7206671782976573,3.9653783384550465,173.89999999999998
NE,31113,2013,198.9,64.2,2.512871179524409,2.004275262139957,1.367755381494924,26.304964965523197,1.0,11.862500000000011,-22.02499999999999,-0.19543942210523157,0.4547684684380773,0.09638200228968441,0.3818247310982841,9.623245245678701,-23.79664422077515,-0.23354238795326787,0.46061287929476386,0.09625468902151829,0.3452351695876424,134.7
NE,31113,2016,192.3,119.6,3.1355662509755406,0.9441557289119716,1.0848004777873668,25.311520157214044,1.0,5.262500000000017,33.375,0.4272556493458999,-0.6053510647899082,-0.18657290141787275,-0.6116200772108691,-3.694519017285222,26.288423116899367,0.2748437859537547,-0.581973421363162,-0.18708215449053722,-0.7579783232534358,72.70000000000002
NE,31113,2017,185.5,93.1,2.638776965850202,1.2684416766766349,1.2822704752184426,25.703352900860697,1.0,-1.5374999999999943,6.875,-0.06953363577943872,-0.28106511702524495,0.0108970960132031,-0.21978733356421642,-12.733773771606543,-1.98322110387579,-0.2600484650196202,-0.2518430627418122,0.010260529672372523,-0.40273514111742487,92.4
NE,31119,2008,171.0,129.0,2.953982593019951,0.4492415989632671,0.9026304390562664,24.01084735322328,1.0,-26.427272727272708,-20.21818181818182,0.055762186245780665,-0.7223820715997359,-0.20028508545708157,-1.3243777713802736,-15.23099895566616,-11.359960714306029,0.24627701548596212,-0.7516041258831687,-0.199648519116251,-1.141429963827065,42.0
NE,31119,2009,212.2,155.9,2.234748118123697,0.4872403727303646,0.8458925642645493,23.427241106334964,1.0,14.77272727272728,6.681818181818187,-0.6634722886504734,-0.6843832978326384,-0.25702296024879867,-1.9079840182685892,23.72974629001252,13.76839506491882,-0.5110604252583282,-0.7077609412593846,-0.2565137071761342,-1.7616257722260225,56.29999999999998
NE,31119,2010,187.9,151.6,3.768554133844994,0.6755533307353673,1.0034174612756452,25.22994667373491,1.0,-9.527272727272702,2.3818181818181756,0.870333727070824,-0.4960703398276357,-0.09949806323770272,-0.10527845086864218,-2.8095084643087738,7.69675084414365,0.9846426246149329,-0.5136035723976954,-0.09911612343320438,0.004490233663282883,36.30000000000001
NE,31119,2011,168.7,149.8,2.779719032414244,2.477544134358346,1.3823685490665278,27.047075799551475,1.0,-28.72727272727272,0.5818181818181927,-0.11850137435992636,1.3059204637953432,0.2794530245531799,1.7118506749479216,-24.2487632186301,4.125106623368509,-0.04229544266385378,1.2942316420819702,0.2797076510895121,1.7850297979692051,18.899999999999977
NE,31119,2012,185.7,34.1,1.4278965206445136,3.783994867784025,1.9663037571193172,29.98795190826012,1.0,-11.72727272727272,-115.11818181818182,-1.4703238861296566,2.612371197221022,0.8633882326059692,4.652726783656565,-9.48801797295141,-113.34653759740667,-1.4322209202816203,2.6065267863643355,0.8635155458741353,4.689316345167207,151.6
NE,31119,2013,207.9,144.7,2.719396579910656,1.9406578848151497,1.2849034393401264,26.07762965260768,1.0,10.472727272727298,-4.51818181818183,-0.17882382686351406,0.7690342142521467,0.18198791482677845,0.7424045280041263,10.472727272727298,-4.51818181818183,-0.17882382686351406,0.7690342142521467,0.18198791482677845,0.7424045280041263,63.20000000000002
NE,31119,2014,201.4,165.7,3.314587154989716,0.2608256528400733,0.9549666726508366,24.03917262518927,1.0,3.9727272727272975,16.48181818181817,0.416366748215546,-0.9107980177229297,-0.1479488518625114,-1.2960524994142837,1.7334725184059878,14.710173961043012,0.3782637823675097,-0.9049536068662432,-0.1480761651306775,-1.3326420609249254,35.70000000000002
NE,31119,2015,214.0,177.0,3.1898931434228226,0.5151094292501076,0.9258810098711966,24.539637587229556,1.0,16.572727272727292,27.78181818181818,0.29167273664865245,-0.6565142413128954,-0.17703451464215136,-0.7955875373739971,12.094217764084672,24.238529740267865,0.21546680495257986,-0.6448254195995222,-0.1772891411784836,-0.8687666603952805,37.0
NE,31119,2016,211.8,187.1,3.192979078415521,0.6717484626031427,0.9309763008036148,25.104759165629503,1.0,14.372727272727303,37.881818181818176,0.29475867164135083,-0.4998752079598603,-0.17193922370973314,-0.23046595897405098,7.6549630097633745,32.5668855194927,0.18044977409724197,-0.4823419753898006,-0.1723211635142315,-0.34023464350597604,24.700000000000017
NE,31119,2017,216.7,176.5,3.077894488080529,0.8404453209557536,1.0566069326529903,24.96500507533439,1.0,19.27272727272728,27.28181818181818,0.17967408130635887,-0.33117834960724934,-0.04630859186035763,-0.3702200492691645,10.315708255442042,20.195241298717548,0.02726221791421371,-0.3078007061805031,-0.04681784493302209,-0.5165782953117313,40.19999999999999
NE,31119,2018,194.4,170.0,3.2207736316492275,0.7854993211574366,0.878123643545757,24.25820942354393,1.0,-3.0272727272727025,20.78181818181818,0.32255322487505733,-0.3861243494055664,-0.22479188096759095,-1.0770157010596222,-14.223546498879251,11.923597077942391,0.13203839563487588,-0.3569022951221336,-0.22542844730842151,-1.2599635086128307,24.400000000000006
NE,31121,2008,157.0,93.0,3.5325384898344647,0.6896518627435108,0.980102112442104,24.9995751320714,1.0,-16.833333333333343,-4.433333333333337,0.7246050945724418,-0.9719594833274398,-0.2507643850606621,-1.619996292643659,-10.4887781960898,0.5863252921961433,0.8325634978085418,-0.9885186474213845,-0.25040366413419146,-1.5163258683635104,64.0
NE,31121,2009,192.1,116.7,2.325520338173614,0.7123125892704898,0.9449319909003808,24.59731991974928,1.0,18.26666666666665,19.266666666666666,-0.48241305708840887,-0.9492987568004607,-0.2859345066023853,-2.02225150496578,22.371967049588882,22.514681071420988,-0.4125576197003452,-0.960013510037719,-0.28570109894408074,-1.9551706421962731,75.39999999999999
NE,31121,2010,172.7,109.3,3.3312538252360864,1.019056710754927,1.0307039762499106,26.140207954391183,1.0,-1.1333333333333542,11.86666666666666,0.5233204299740635,-0.6425546353160234,-0.2001625212528555,-0.47936347032387516,0.7327122952675675,13.343036850645824,0.5550729015140908,-0.6474249776965951,-0.20005642686271707,-0.4488721690650099,63.39999999999999
NE,31121,2011,161.2,116.6,3.1993513337430683,2.710585512204214,1.4454343028253476,27.917104666283056,1.0,-12.633333333333354,19.166666666666657,0.39141793848104545,1.0489741661332637,0.21456780532258146,1.2975332415679972,-13.006542459053742,18.871392629870662,0.3850674441730365,1.0499482346093785,0.21454658644455377,1.291434981316221,44.599999999999994
NE,31121,2012,163.8,26.8,1.341658690212579,4.02636332021702,2.021246558720375,30.65730493365372,1.0,-10.033333333333331,-70.63333333333334,-1.4662747050494438,2.3647519741460696,0.7903800612176088,4.037733508938661,-12.64579721337503,-72.70025159090449,-1.510728165205489,2.371570453478871,0.790231529071415,3.995045687176243,137.0
NE,31121,2015,196.2,122.2,3.117277694372326,0.8116980812355419,0.962780043878478,25.40591594214172,1.0,22.366666666666646,24.766666666666666,0.30934429911030303,-0.8499132648354086,-0.26808645362428807,-1.213655482573337,13.036438523661019,17.384815746770037,0.15058194141014894,-0.8255615529325475,-0.26861692557498024,-1.3661119888676803,73.99999999999999
NE,31123,2009,157.9,80.2,2.706501077478104,0.702194087554302,1.0971154832676844,24.10868497068907,1.0,-2.799999999999983,16.4,0.7434309328546747,-1.0387742763390095,-0.37011922424157717,-2.027619594326751,0.5588821314819814,19.057466331162736,0.8005853816267291,-1.0475408926240393,-0.369928254339328,-1.9727352520607884,77.7
NE,31123,2010,157.8,75.0,2.209279649230089,1.273068131487343,1.2919654787556818,25.26171424294368,1.0,-2.8999999999999773,11.199999999999996,0.24620950460665925,-0.46790023240596845,-0.17526922875357975,-0.8745903220721409,-1.7803726228393224,12.085822110387575,0.2652609875306774,-0.4708224378343117,-0.1752055721194967,-0.8562955413168201,82.80000000000001
NE,31123,2011,174.0,75.4,2.205976529929276,1.8211710247822788,1.4007019204067592,25.869044141538332,1.0,13.300000000000011,11.600000000000001,0.24290638530584663,0.08020266088896721,-0.06653278710250232,-0.267260423477488,12.180372622839357,10.714177889612422,0.22385490238182848,0.08312486631731049,-0.06659644373658538,-0.2855552042328089,98.6
NE,31123,2012,153.1,24.6,0.7305233218562491,3.1674402117493226,2.079155947606921,29.3057749048922,1.0,-7.599999999999994,-39.2,-1.2325468227671803,1.426471847856011,0.6119212400976595,3.16947033987638,-10.958882131481959,-41.85746633116274,-1.2897012715392346,1.4352384641410407,0.6117302701954103,3.1145859976104173,128.5
NE,31125,2008,185.0,137.0,3.510526259742452,0.6271067508203555,0.9609778092562826,24.83513837924597,1.0,-8.55714285714285,-10.057142857142878,0.29039612534884585,-0.3753846586992492,-0.08500211193762142,-0.6642114211412178,0.07998262381084587,-3.2236580055814965,0.4373647079055585,-0.3979273862893261,-0.08451104647469497,-0.5230802553144558,48.0
NE,31125,2009,202.1,145.8,2.4405753404280626,0.6003726600047932,0.8949392373172869,24.096598590182783,1.0,8.542857142857144,-1.2571428571428669,-0.7795547939655436,-0.4021187495148115,-0.15104068387661718,-1.4027512102044035,14.940727869489532,3.8046977736433565,-0.6706891772568673,-0.41881706624820186,-0.15067693168185683,-1.2982096058882833,56.29999999999998
NE,31125,2010,180.2,133.3,3.5586582348231905,0.9267142130505708,1.0362679745592316,25.95926931599378,1.0,-13.357142857142861,-13.757142857142867,0.33852810042958437,-0.07577719646903391,-0.009711946634672453,0.45991951560659317,-9.198526884831786,-10.466946447131802,0.4092907512902244,-0.0866311023457377,-0.009475507708078234,0.5278715584120718,46.89999999999998
NE,31125,2011,179.7,141.1,3.240731163390936,2.763324242926644,1.449594961186699,27.865787601621022,1.0,-13.857142857142861,-5.957142857142884,0.020601028997329962,1.7608328334070393,0.4036150399927949,2.366437801233836,-11.937781639153094,-4.438590667906976,0.053260714009933735,1.755823338387022,0.403724165651223,2.397800282528673,38.599999999999994
NE,31125,2014,198.7,154.4,3.257858002232441,0.4697804541221609,1.018529788146043,24.82317238077935,1.0,5.142857142857139,7.342857142857127,0.03772786783883486,-0.5327109553974438,-0.027450133047861147,-0.6761774196078356,0.3444540978829762,3.5464766697675603,-0.04392134469267024,-0.5201872178474014,-0.02772294719393139,-0.7545836228449238,44.29999999999998
NE,31125,2015,209.6,156.9,3.3707976706663354,0.7041515704601102,0.9485755521991638,25.184905059686923,1.0,16.042857142857144,9.842857142857127,0.15066753627272922,-0.29833983905949446,-0.09740436899474025,-0.31444474070026374,9.005199343561673,4.274832448992402,0.030915357893187834,-0.27997169065276545,-0.09780449640897661,-0.42944050544799356,52.69999999999999
NE,31125,2016,199.6,160.9,3.161764269471825,0.925989975252599,1.0129741256926208,25.730577275200467,1.0,6.0428571428571445,13.842857142857127,-0.058365864921781085,-0.07650143426700573,-0.03300579550128324,0.23122747481328076,-3.2340554107596375,6.503188228217244,-0.21622100914935877,-0.05228887500359018,-0.03353323618368571,0.07964214855490925,38.69999999999999
NE,31127,2008,192.0,138.0,3.584869874466588,0.7615271825708549,0.951116329795764,25.350245949605483,1.0,-14.211111111111109,-10.044444444444451,0.3292093696200693,-1.0844824010424712,-0.29983271698906744,-1.887848518367111,-4.756479926199026,-2.564168845616096,0.4900885587562206,-1.1091588024373698,-0.2992951720790327,-1.7333592586555147,54.0
NE,31127,2009,213.2,166.4,2.7902400845457382,0.6541070720125938,0.9000855035102187,24.90300725748221,1.0,6.98888888888888,18.355555555555554,-0.46542042030078035,-1.1919025116007322,-0.3508635432746128,-2.3350872104903857,14.204265319479653,24.064186933608752,-0.34264419701266535,-1.2107345021389442,-0.3504533116327442,-2.217187512289431,46.79999999999998
NE,31127,2010,173.7,140.1,3.777305586530079,1.353176912683734,1.0610889060592852,27.034556618427377,1.0,-32.51111111111112,-7.944444444444457,0.5216450816835603,-0.49283267092959204,-0.18986014072554624,-0.20353784954521714,-27.534989434841656,-4.007457287166417,0.606318339123639,-0.5058202506111175,-0.18957722235184377,-0.12222771285490412,33.599999999999994
NE,31127,2011,200.0,149.5,3.094396055070319,3.425091360069188,1.5807787305065422,29.190731501995,1.0,-6.211111111111109,1.4555555555555486,-0.16126444977619947,1.5790817764558618,0.32982968372171073,1.9526370340224055,-3.4742441891629543,3.62089849205843,-0.11469415818415704,1.5719386076310229,0.3299852888272471,1.9973576092020768,50.5
NE,31127,2012,224.1,95.9,1.9753105506224369,4.162734734908439,1.9723327507816577,31.080126377736,1.0,17.888888888888886,-52.144444444444446,-1.2803499542240817,2.3167251512951132,0.7213837039968263,3.8420319097634064,18.38650105651573,-51.75074572871672,-1.2718826284800755,2.3154263933269608,0.7214119958341965,3.850162923432436,128.2
NE,31127,2013,226.7,154.8,3.409143128167477,2.889474501711801,1.488190835709173,28.072850396058083,1.0,20.48888888888888,6.75555555555556,0.1534826233209583,1.0434649180984747,0.23724178892434167,0.8347559280854888,18.747246302194416,5.3776100505081255,0.12384698321692815,1.0480105709870091,0.2371427674935458,0.8062973802438768,71.89999999999998
NE,31127,2014,234.2,172.6,3.6634526510085927,0.8253249107723454,1.1393151306789908,25.93590436932093,1.0,27.98888888888888,24.555555555555543,0.40779214616207415,-1.0206846728409809,-0.11163391610584061,-1.3021900986516641,24.007991547873104,21.40596582973295,0.3400535402100077,-1.01029460909576,-0.11186025080480261,-1.3672382080039178,61.599999999999994
NE,31127,2016,193.2,143.8,4.335546835013333,1.319008762929277,1.003843206831061,26.872835012008057,1.0,-13.01111111111112,-4.24444444444444,1.0798863301668145,-0.5270008206840491,-0.24710583995377045,-0.36525945596453724,-21.470517960769513,-10.93732261181735,0.9359417925186755,-0.5049219352254551,-0.24758680118906468,-0.5034866883380744,49.39999999999998
NE,31127,2017,198.8,171.3,2.670679778194103,1.223640814861701,1.1617900271907893,26.702592729120187,1.0,-7.411111111111097,23.25555555555556,-0.5849807266524154,-0.6223687687516251,-0.08915901959404215,-0.5355017388524068,-18.1097727150908,14.791033167407493,-0.7670282301485907,-0.5944454724363445,-0.08976729409750249,-0.7103185327365856,27.5
NE,31129,2008,194.0,145.0,3.464301201294837,0.8563638199216658,0.9661329472251932,25.20030964463252,1.0,-11.509999999999991,11.590000000000003,0.45162084086241583,-0.9714866389937512,-0.30070327216951087,-1.8656795101585466,-1.4333536055540979,19.562398993488216,0.6230841871785792,-0.9977864878488407,-0.30013036246276337,-1.701026483360659,49.0
NE,31129,2009,208.2,127.7,2.1416309605284933,0.9726715274222664,0.9897441902000914,25.351338326093657,1.0,2.6899999999999977,-5.709999999999994,-0.8710493999039279,-0.8551789314931506,-0.2770920291946126,-1.7146508286974083,10.52739164012458,0.4907547727130597,-0.7376890194358009,-0.8756343694915536,-0.27664643275603124,-1.5865873634101624,80.49999999999999
NE,31129,2010,189.2,119.9,3.167630881856535,1.505121035466856,1.0896368365500928,26.930350825969796,1.0,-16.310000000000002,-13.509999999999991,0.15495052142411359,-0.3227294234485609,-0.17719938284461123,-0.13563832882126903,-10.711863114196728,-9.080889448062095,0.2502079360442043,-0.33734045059027734,-0.17688109967419594,-0.04416442504466481,69.29999999999998
NE,31129,2011,194.1,127.6,3.257184409451244,2.9401073912549696,1.5078832540619274,28.46458085921896,1.0,-11.409999999999997,-5.810000000000002,0.24450404901882283,1.1122569323395526,0.24104703466722333,1.3985917044278935,-8.051117868518032,-3.152533668837265,0.3016584977908773,1.1034903160545229,0.2412380045694725,1.453476046693856,66.5
NE,31129,2012,212.2,95.1,2.039658488232699,3.8833492584040457,1.995621544713964,30.76310161829304,1.0,6.689999999999998,-38.31,-0.9730218721997224,2.0554987994886287,0.72878532531926,3.6971124635019734,7.809627377160653,-37.42417788961242,-0.9539703892757042,2.0525765940602856,0.728848981953343,3.7154072442572943,117.1
NE,31129,2013,197.3,129.9,2.5582473700724107,2.7471065246713797,1.5031397594634692,27.75759589665105,1.0,-8.20999999999998,-3.509999999999991,-0.4544329903600106,0.9192560657559627,0.2363035400687652,0.6916067418599852,-9.329627377160634,-4.39582211038757,-0.47348447328402876,0.9221782711843061,0.23623988343468214,0.6733119611046643,67.4
NE,31129,2014,217.7,151.9,3.1764388481173187,1.1447653894139476,1.249894986485366,26.2900240411472,1.0,12.189999999999998,18.49000000000001,0.16375848768489742,-0.6830850695014694,-0.016941232909338133,-0.775965113643867,8.831117868518033,15.832533668837272,0.106604038912843,-0.6743184532164396,-0.017132202811587307,-0.8308494559098295,65.79999999999998
NE,31129,2015,206.9,141.4,3.83654985686054,1.219866033089134,1.0179012424835403,26.258137967613884,1.0,1.3900000000000148,7.990000000000009,0.8238694964281188,-0.607984425826283,-0.24893497691116373,-0.8078511871771816,-4.20813688580326,3.560889448062114,0.7286120818080281,-0.5933733986845666,-0.24925326008157903,-0.8993250909537859,65.5
NE,31129,2016,217.0,141.7,3.460057366645817,1.5193896080460767,1.1059326550953763,26.932832807590117,1.0,11.490000000000009,8.289999999999992,0.44737700621339593,-0.3084608508693403,-0.16090356429932773,-0.1331563472009485,3.6526083598754253,2.0892452272869386,0.3140166257452689,-0.28800541287093734,-0.16134916073790914,-0.26121981248819437,75.30000000000001
NE,31129,2017,218.5,153.9,3.0251042212643173,1.4897640014638287,1.242474777668019,26.71161956070047,1.0,12.990000000000009,20.49000000000001,0.01242386083189606,-0.3380864574515883,-0.024361441726685085,-0.35436959409059554,2.913353605554116,12.517601006511796,-0.15903948548426725,-0.31178660859649876,-0.024934351433432603,-0.5190226208884832,64.6
NE,31131,2008,163.0,130.0,3.958183117123274,0.7247930083838267,0.943497905934454,25.078546997244427,1.0,-17.35714285714286,-8.55714285714285,0.572159011431074,-1.0810244021941684,-0.2691726613850195,-1.9257041697952388,-8.400123839857622,-1.4705659740422172,0.7245708748232191,-1.1044020456209147,-0.268663408312355,-1.779345923752672,33.0
NE,31131,2009,211.2,165.9,2.4790319759105723,0.6710608206162594,0.9106065118252178,24.739765065553858,1.0,30.842857142857127,27.342857142857156,-0.9069921297816279,-1.1347565899617358,-0.30206405549425575,-2.264486101485808,37.56062140582105,32.65778980518263,-0.792683232237519,-1.1522898225317955,-0.3016821156897574,-2.1547174169538827,45.29999999999998
NE,31131,2010,166.0,130.8,3.993097162304713,1.2996434498897869,1.0506450681354684,26.790447552062368,1.0,-14.357142857142861,-7.7571428571428385,0.6070730566125127,-0.5061739606882083,-0.1620254991840051,-0.21380361497729794,-9.87863334850024,-4.213854415592522,0.6832789883085852,-0.5178627824015815,-0.16177087264767287,-0.14062449195601456,35.19999999999999
NE,31131,2011,175.7,137.4,3.095382897577872,3.2022330259016005,1.5397767814596577,28.683271752712365,1.0,-4.657142857142873,-1.1571428571428442,-0.29064120811432836,1.3964156153236054,0.32710621414018415,1.6790205856726992,-2.417888102821563,0.614501363632314,-0.25253824226629207,1.3905712044669187,0.32723352740835027,1.715610147183341,38.29999999999998
NE,31131,2012,179.0,79.0,1.931096676784404,4.121534971311176,1.9927323164883712,30.904169581402115,1.0,-1.3571428571428612,-59.55714285714285,-1.4549274289077962,2.315717560733181,0.7800617491688977,3.8999184143624497,-1.3571428571428612,-59.55714285714285,-1.4549274289077962,2.315717560733181,0.7800617491688977,3.8999184143624497,100.0
NE,31131,2016,178.9,163.7,4.746395433722685,1.1792200773144803,0.971489374770968,26.51682453776303,1.0,-1.4571428571428555,25.14285714285714,1.3603713280304848,-0.6265973332635149,-0.24118119254850556,-0.48742662927663716,-10.414161874428094,18.056280259756505,1.2079594646383396,-0.6032196898367687,-0.24169044562117004,-0.6337848753192039,15.200000000000017
NE,31131,2018,188.7,163.1,3.4989814764218825,1.442236520628836,1.0799460126221767,26.316732682539516,1.0,8.342857142857127,24.542857142857144,0.11295737072968226,-0.36358088994915927,-0.13272455469729683,-0.6875184845001492,-5.09267138307073,13.912991818206196,-0.11566042435853546,-0.3285144248090399,-0.1334884343062935,-0.9070558535639993,25.599999999999994
NE,31133,2008,164.0,129.0,3.457535508675663,0.7874342579007608,0.936699839147733,25.247460590671626,1.0,-20.150000000000006,7.3500000000000085,0.3220067044894064,-1.0786742110024394,-0.3163190423656079,-1.8636918849206054,-12.312608359875423,13.550754772713063,0.4553670849575334,-1.0991296490008424,-0.31587344592702654,-1.7356284196333596,35.0
NE,31133,2009,198.0,129.7,2.922969457998036,0.7506043030265411,0.917729226755968,25.02331775069524,1.0,13.849999999999994,8.049999999999997,-0.21255934618822048,-1.1155041658766591,-0.33528965475737293,-2.0878347248969895,19.44813688580327,12.479110551937893,-0.11730193156812975,-1.1301151930183755,-0.33497137158695767,-1.9963608211203854,68.30000000000001
NE,31133,2011,175.0,109.9,2.8748245316443697,3.574712961966101,1.64483175533577,29.38749387777947,1.0,-9.150000000000006,-11.749999999999986,-0.2607042725418869,1.7086044930629005,0.39181287382242913,2.2763414021872386,-8.030372622839351,-10.864177889612407,-0.24165278961786874,1.7056822876345572,0.39187653045651216,2.2946361829425594,65.1
NE,31133,2012,171.0,66.0,2.0197065311757605,4.137763575943502,1.9926044359186288,31.1015041032268,1.0,-13.150000000000006,-55.64999999999999,-1.115822273010496,2.271655107040302,0.7395855544052878,3.9903516276345705,-14.26962737716066,-56.53582211038757,-1.1348737559345141,2.274577312468645,0.7395218977712048,3.9720568468792496,105.0
NE,31133,2014,212.3,146.9,3.5224035619639884,1.0023500168828872,1.1799149894893315,26.08936202403225,1.0,28.150000000000006,25.250000000000014,0.38687475777773184,-0.8637584520203132,-0.07310389202400946,-1.0217904515599798,22.55186311419673,20.82088944806212,0.2916173431576411,-0.8491474248785968,-0.07342217519442475,-1.113264355336584,65.4
NE,31133,2015,184.6,148.4,4.015733233659724,0.9437856976994105,0.846333042432614,25.817776507147983,1.0,0.44999999999998863,26.750000000000014,0.880204429473467,-0.9223227712037899,-0.406685839080727,-1.2933759684442485,-7.387391640124595,20.54924522728696,0.74684404900534,-0.9018673332053869,-0.40713143551930836,-1.4214394337314944,36.19999999999999
NE,31135,2008,193.0,86.0,2.262642645608405,1.23352049064193,1.2210614132270117,25.30449509878798,1.0,-1.5,11.780000000000001,-0.036370639300429275,-0.5193483965239001,-0.1567852911452916,-1.0531144344584504,8.576646394445893,19.752398993488214,0.13509270701573403,-0.5456482453789896,-0.15621238143854407,-0.8884614076605628,107.0
NE,31135,2009,177.0,84.2,2.6329020287632465,0.7941771301144159,1.039948508677653,24.381329749798844,1.0,-17.5,9.980000000000004,0.33388874385441225,-0.9586917570514141,-0.3378981956946503,-1.9762797834475876,-9.662608359875417,16.18075477271306,0.4672491243225393,-0.9791471950498171,-0.3374525992560689,-1.8482163181603417,92.8
NE,31135,2010,179.7,75.7,2.963705235656119,1.472711299060132,1.282044693234114,26.064741297700607,1.0,-14.800000000000011,1.480000000000004,0.6646919507472848,-0.2801575881056979,-0.0958020111381892,-0.292868235545825,-9.201863114196737,5.909110551937899,0.7599493653673756,-0.2947686152474143,-0.09548372796777392,-0.20139433176922075,103.99999999999999
NE,31135,2011,163.7,77.7,2.7991330050705088,2.417890580986825,1.489645851957656,27.08325977978457,1.0,-30.80000000000001,3.480000000000004,0.5001197201616745,0.6650216938209952,0.11179914758535281,0.7256502465381374,-27.44111786851805,6.1374663311627415,0.5572741689337289,0.6562550775359653,0.11199011748760199,0.7805345888040999,85.99999999999999
NE,31135,2012,185.2,24.1,1.097463562736637,3.618543589800671,2.0952709457522056,30.09345684543417,1.0,-9.300000000000011,-50.12,-1.2015497221721974,1.8656747026348408,0.7174242413799023,3.7358473121877367,-8.180372622839357,-49.23417788961242,-1.1824982392481793,1.8627524972064975,0.7174878980139854,3.7541420929430576,161.1
NE,31135,2013,194.4,48.6,1.984197953782661,2.2064389472404358,1.467341830544092,26.70650382207486,1.0,-0.09999999999999432,-25.619999999999997,-0.3148153311261732,0.45357006007460576,0.08949512617178867,0.3488942888284292,-1.2196273771606492,-26.505822110387577,-0.33386681405019136,0.456492265502949,0.08943146953770562,0.33059950807310834,145.8
NE,31135,2014,209.9,93.8,2.4647493545139785,1.149625518596198,1.2832392043611187,25.690040044709253,1.0,15.400000000000006,19.58,0.1657360696051442,-0.6032433685696319,-0.09460750001118456,-0.667569488537179,12.041117868518041,16.92253366883726,0.10858162083308977,-0.5944767522846021,-0.09479846991343374,-0.7224538308031415,116.10000000000001
NE,31135,2015,209.2,86.9,2.4458276571093025,1.487936095663129,1.2599817389121806,25.916829271392093,1.0,14.699999999999989,12.680000000000007,0.14681437220046822,-0.2649327915027011,-0.1178649654601227,-0.4407802618543393,9.101863114196714,8.25088944806211,0.0515569575803775,-0.2503217643609847,-0.11818324863053799,-0.5322541656309435,122.29999999999998
NE,31135,2016,211.7,83.3,2.3431115399764866,1.5512225518263718,1.2606886171569358,26.078727443411804,1.0,17.19999999999999,9.079999999999998,0.0440982550676523,-0.2016463353394582,-0.11715808721536747,-0.27888208983462803,9.362608359875406,2.879245227286945,-0.0892621254004747,-0.18119089734105523,-0.11760368365394887,-0.4069455551218739,128.39999999999998
NE,31135,2017,221.2,81.9,1.996399865871,1.596622667728193,1.379244239900066,26.256711979370166,1.0,26.69999999999999,7.680000000000007,-0.30261341903783423,-0.15624621943763706,0.0013975355277626722,-0.10089755387626553,16.623353605554094,-0.292398993488205,-0.47407676535399756,-0.12994637058254754,0.0008246258210151533,-0.26555058067415316,139.29999999999998
NE,31137,2008,204.0,122.0,3.09032829111269,0.8044350375685937,1.0043497800277137,24.813775404798537,1.0,-8.422222222222217,10.400000000000006,0.3909658002236118,-0.8278397125401317,-0.25397325335262466,-1.5845462078349648,1.2812150465032879,18.077124956692224,0.5560786522317662,-0.8531654929191063,-0.25342156252390485,-1.4259914412888537,82.0
NE,31137,2009,217.2,139.8,2.457830523588039,0.6363688351317764,0.9257271468645876,24.16167286828235,1.0,4.7777777777777715,28.200000000000017,-0.24153196730103899,-0.9959059149769489,-0.3325958865157508,-2.236648744351154,12.241960292181968,34.10548073591708,-0.11452208114092091,-1.015387284499237,-0.3321715089551971,-2.1146835393156844,77.39999999999998
NE,31137,2010,207.3,134.8,3.590688367296992,1.0332729489817154,1.0515151672552012,25.92308661649129,1.0,-5.122222222222206,23.200000000000017,0.8913258764079139,-0.59900180112701,-0.20680786612513713,-0.47523499614221265,0.1027055378606807,27.33383651514192,0.9802327967199957,-0.6126387597926115,-0.20651080183274953,-0.3898593526173848,72.5
NE,31137,2011,187.4,129.5,2.9962167556200767,2.59569742030431,1.480412430885485,27.75440813410698,1.0,-25.02222222222221,17.900000000000006,0.29685426473099863,0.9634226701955846,0.22208939750514656,1.356086521473479,-22.036549216460635,20.26219229436675,0.34765821919504414,0.9556301223866697,0.22225914852936804,1.404872603487665,57.900000000000006
NE,31137,2012,216.3,42.9,1.4557988688591827,3.6017933168803813,1.9904924059006543,30.06954792181132,1.0,3.877777777777794,-68.69999999999999,-1.2435636220298953,1.969518566771656,0.732169372520316,3.6712263091778183,4.624196029218061,-68.1094519264084,-1.2308626334138861,1.9675704298194274,0.7322118102763714,3.683422829681363,173.4
NE,31137,2013,209.2,43.6,2.0944963340649414,2.432701192874691,1.452645543758793,27.060777766885277,1.0,-3.2222222222222285,-68.0,-0.6048661568241367,0.8004264427659658,0.19432251037845472,0.6624561542517746,-4.715058725103272,-69.18109614718357,-0.6302681340561638,0.8043227166704239,0.19423763486634396,0.6380631132446773,165.6
NE,31137,2015,231.7,128.2,2.7401729900213674,1.0740505445320954,1.0963071679102625,25.64297497245112,1.0,19.27777777777777,16.599999999999994,0.04081049913228929,-0.55822420557663,-0.16201586547007585,-0.7553466401823812,13.306431766254109,11.875615411266104,-0.06079740979581037,-0.5426391099587987,-0.16235536751851884,-0.8529188042107618,103.5
NE,31137,2016,211.5,129.9,2.9186969030846064,1.1917934368530685,1.086344853808454,26.05907981223873,1.0,-0.9222222222222172,18.30000000000001,0.2193344121955283,-0.44048131325565687,-0.17197817957188444,-0.3392418003947739,-9.13282298806719,11.803971190490964,0.07962353741939235,-0.41905180678113907,-0.17244499488849355,-0.4734035259337962,81.6
NE,31137,2017,227.2,133.7,2.9500333843538096,1.3203600178518966,1.2371128040118955,26.09957101663592,1.0,14.777777777777771,22.099999999999994,0.2506708934647315,-0.31191473225682875,-0.021210229368442857,-0.298750595997582,4.32792225761149,13.832326969715789,0.07285705284055924,-0.2846408149256244,-0.02180435795321807,-0.46950188304724605,93.5
NE,31139,2008,197.0,135.0,2.827499090338764,0.4681306450901094,0.9070707814610484,24.037655490283043,1.0,-0.25,-3.259999999999991,-0.08737599323469736,-0.8223682003111142,-0.246669778638559,-1.5828910380663963,9.826646394445893,4.712398993488221,0.08408735308146595,-0.8486680491662038,-0.24609686893181146,-1.4182380112685087,62.0
NE,31139,2009,206.2,140.8,2.2847296758518216,0.5127743898681432,0.8644965933743362,23.53266624802728,1.0,8.949999999999989,2.5400000000000205,-0.6301454077216397,-0.7777244555330804,-0.2892439667252712,-2.0878802803221603,16.78739164012457,8.740754772713075,-0.4967850272535127,-0.7981798935314834,-0.2887983702866898,-1.9598168150349145,65.39999999999998
NE,31139,2010,189.6,156.0,3.79822661593615,0.7437406690029841,1.0394229687131364,25.384777528364665,1.0,-7.650000000000006,17.74000000000001,0.8833515323626888,-0.5467581763982395,-0.11431759138647091,-0.2357689999847743,-2.051863114196731,22.169110551937905,0.9786089469827796,-0.5613692035399559,-0.11399930821605563,-0.14429509620817008,33.599999999999994
NE,31139,2011,177.7,139.0,2.8082838282659504,2.595288787968543,1.420102678166257,27.192722068577496,1.0,-19.55000000000001,0.7400000000000091,-0.10659125530751101,1.3047899425673193,0.26636211806664956,1.5721755402280557,-16.19111786851805,3.397466331162746,-0.04943680653545658,1.2960233262822896,0.2665530879688987,1.6270598824940183,38.69999999999999
NE,31139,2012,191.6,37.1,1.4540398517402435,3.906724566648609,2.00289853255303,30.156031731241036,1.0,-5.650000000000006,-101.16,-1.4608352318332178,2.6162257212473854,0.8491579724534228,4.535485202891596,-4.530372622839351,-100.27417788961242,-1.4417837489091998,2.6133035158190423,0.8492216290875059,4.553779983646917,154.5
NE,31139,2013,202.8,143.9,2.8127027870637837,2.042219004677605,1.32470445190393,26.31857608953513,1.0,5.550000000000011,5.640000000000015,-0.10217229650967763,0.7517201592763816,0.1709638918043226,0.6980295611856917,4.430372622839356,4.754177889612436,-0.12122377943369578,0.7546423647047249,0.17090023517023953,0.6797347804303708,58.900000000000006
NE,31139,2014,188.0,160.1,3.447260775199781,0.2733003835324185,0.9653102065063331,24.13017932004785,1.0,-9.25,21.840000000000003,0.5323856916263194,-1.017198461868805,-0.1884303535932742,-1.4903672083015884,-12.608882131481964,19.182533668837266,0.475231242854265,-1.0084318455837753,-0.18862132349552338,-1.545251550567551,27.900000000000006
NE,31139,2015,202.3,173.1,3.140177308258956,0.5542354210359921,0.9765736798455216,24.838059947165068,1.0,5.050000000000011,34.84,0.22530222468549477,-0.7362634243652315,-0.17716688025408578,-0.7824865811843722,-0.5481368858032631,30.410889448062107,0.13004481006540403,-0.7216523972235152,-0.17748516342450107,-0.8739604849609764,29.200000000000017
NE,31139,2016,209.9,159.6,3.016379116804879,0.8426217665867821,0.9575753580041024,25.418151730697268,1.0,12.650000000000006,21.340000000000003,0.10150403323141743,-0.4478770788144415,-0.19616520209550492,-0.20239479765217183,4.812608359875422,15.139245227286949,-0.031856347236709576,-0.42742164081603856,-0.19661079853408633,-0.3304582629394177,50.30000000000001
NE,31139,2017,207.4,138.0,3.559451786274284,0.9659528196010484,1.0792503504683786,25.19664512955554,1.0,10.150000000000006,-0.2599999999999909,0.6445767027008227,-0.3245460258001752,-0.07449020963122877,-0.4239013987938982,0.07335360555411263,-8.232398993488204,0.47311335638465934,-0.2982461769450857,-0.07506311933797628,-0.5885544255917858,69.4
NE,31141,2008,191.0,148.0,3.3526954007553686,0.5488494926305979,0.9259813259137152,24.419364921285855,1.0,-9.5,-8.036363636363632,0.18886895525941627,-0.7630451172389031,-0.21078836375110976,-1.3608752615213007,1.696273771606549,0.8218574675121584,0.37938378449959775,-0.792267171522336,-0.2101517974102792,-1.1779274539680922,43.0
NE,31141,2009,211.2,171.0,2.3757311775190253,0.5340804955544293,0.8771857338520298,23.78551235229634,1.0,10.699999999999989,14.963636363636368,-0.7880952679769271,-0.7778141143150717,-0.25958395581279514,-1.994727830510815,19.65701901728523,22.050213246737002,-0.6356834045847819,-0.801191757741818,-0.25907470274013067,-1.8483695844682482,40.19999999999999
NE,31141,2010,189.6,151.0,4.024242692866725,0.8221602030457575,1.0192865178984842,25.66771069875617,1.0,-10.900000000000006,-5.036363636363632,0.8604162473707726,-0.4897344068237435,-0.11748317176634071,-0.11252948405098451,-4.182235737036077,0.2785690259618425,0.9747251449148815,-0.5072676393938031,-0.11710123196184237,-0.0027607995190594425,38.599999999999994
NE,31141,2011,179.5,153.3,3.0684789927596423,2.651682104083897,1.423187856596854,27.578825088019823,1.0,-21.0,-2.7363636363636203,-0.09534745273631007,1.3397874942143961,0.28641816693202915,1.7985849052126675,-16.52149049135738,0.806924805186696,-0.01914152104023749,1.328098672501023,0.2866727934683614,1.871764028233951,26.19999999999999
NE,31141,2012,194.9,47.5,1.4951895882365025,4.031278177899217,2.0142260150786893,30.48876758346845,1.0,-5.599999999999994,-108.53636363636363,-1.6686368572594499,2.7193835680297154,0.8774563254138643,4.708527400661296,-3.3607452456786846,-106.76471941558847,-1.6305338914114136,2.7135391571730287,0.8775836386820304,4.745116962171938,147.4
NE,31141,2013,211.2,167.0,2.888357218754582,2.1685899162061544,1.3288737860801745,26.556019908295028,1.0,10.699999999999989,10.963636363636368,-0.2754692267413703,0.8566953063366534,0.19210409641534953,0.7757797254878724,10.699999999999989,10.963636363636368,-0.2754692267413703,0.8566953063366534,0.19210409641534953,0.7757797254878724,44.19999999999999
NE,31141,2014,204.5,176.5,3.478963510715817,0.380275527257276,0.9991100840230842,24.529441042910083,1.0,4.0,20.46363636363637,0.3151370652198646,-0.931619082612225,-0.13765960564174073,-1.2507991398970724,1.7607452456786903,18.69199214286121,0.2770340993718283,-0.9257746717555385,-0.13778691890990685,-1.287388701407714,28.0
NE,31141,2015,210.1,188.0,3.3365428634323275,0.5802684073356928,0.8979880165756422,24.756653997635684,1.0,9.599999999999994,31.96363636363637,0.17271641793637516,-0.7316262025338082,-0.23878167308918274,-1.023586185171471,5.121490491357375,28.42034792208605,0.09651048624030258,-0.719937380820435,-0.23903629962551498,-1.0967653081927544,22.099999999999994
NE,31141,2016,201.3,176.1,3.765280969243566,0.8369989413011588,0.9854476917474028,25.630729454013004,1.0,0.8000000000000114,20.063636363636363,0.6014545237476137,-0.4748956685683422,-0.15132199791742218,-0.1495107287941515,-5.917764262963917,14.748703701310887,0.48714562620350477,-0.4573624359982825,-0.15170393772192053,-0.25927941332607657,25.200000000000017
NE,31141,2017,209.3,168.8,3.231853391741331,0.9482970153211764,1.0860277189044245,25.390334523150543,1.0,8.800000000000011,12.76363636363638,0.06802694624537864,-0.36359759454832463,-0.050741970760400434,-0.3899056596566126,-0.1570190172852275,5.677059480535747,-0.08438491714676652,-0.3402199511215784,-0.05125122383306489,-0.5362639056991794,40.5
NE,31141,2018,202.9,169.2,3.784755094430586,0.928360427929156,0.947151839642573,24.77928244104772,1.0,2.4000000000000057,13.163636363636357,0.6209286489346337,-0.38353418194034505,-0.18961785002225195,-1.0009577417594357,-8.796273771606543,4.305415259760567,0.43041381969445225,-0.3543121276569123,-0.19025441636308252,-1.1839055493126442,33.70000000000002
NE,31143,2008,164.0,140.0,3.553173617181721,0.5860543403718459,0.9154062955165158,24.574077812438947,1.0,-28.420000000000016,-5.569999999999993,0.4118289967312858,-0.8911726267323881,-0.2366602247164663,-1.589474852370273,-18.119428130122195,2.5795634155655733,0.5871026396322493,-0.9180569166731457,-0.23607458368290218,-1.4211628694213245,24.0
NE,31143,2009,212.2,157.9,2.3448668871820364,0.6112417418153548,0.892708943830723,24.22647317339483,1.0,19.779999999999973,12.330000000000013,-0.7964777332683988,-0.8659852252888791,-0.2593575764022591,-1.9370794914143907,27.841317115556485,18.70791919479042,-0.6593070562154716,-0.8870251043729502,-0.2588992486368611,-1.805357069976084,54.29999999999998
NE,31143,2010,175.6,149.2,3.492398017774258,0.924856901407532,0.9966470552129112,25.897079014238216,1.0,-16.82000000000002,3.6299999999999955,0.351053397323823,-0.552370065696702,-0.15541946502007087,-0.2664736505710046,-10.997937638764821,8.236274974015245,0.4501211085287139,-0.5675655339240865,-0.15508845052283898,-0.1713407906433395,26.400000000000006
NE,31143,2011,172.7,148.0,3.291402800432227,2.807346812277701,1.455276111054885,28.023639202222004,1.0,-19.720000000000027,2.430000000000007,0.15005817998179172,1.330119845173467,0.303209590821903,1.8600865374127835,-16.137192393086135,5.264630753240098,0.2110229253386463,1.3207687878027692,0.3034132920509688,1.9186298358298068,24.69999999999999
NE,31143,2012,183.7,59.1,1.538296309203937,4.169863285431608,2.04340457144086,30.83503735486084,1.0,-8.720000000000027,-86.47,-1.6030483112464982,2.6926363183273736,0.8913380512078781,4.671484690051621,-7.376447147407445,-85.40701346753507,-1.5801865317376798,2.689129671813362,0.8914144391687778,4.693438426958003,124.6
NE,31143,2013,196.4,127.8,2.86204119409631,2.362924956075024,1.3561726641658918,26.92301200860828,1.0,3.9799999999999898,-17.769999999999996,-0.279303426354125,0.8856979889707901,0.2041061439329097,0.7594593437990582,3.0842980982712622,-18.47865768831022,-0.294544612693343,0.8880357533134653,0.20405521862564324,0.7448235191947982,68.60000000000001
NE,31143,2014,199.7,152.3,3.965893567420197,0.4654173410413858,0.9971028869492076,24.724505243094576,1.0,7.279999999999973,6.730000000000018,0.8245489469697618,-1.0118096260628482,-0.1549636332837745,-1.439047421714644,4.1450433439499355,4.249698090914636,0.7712047947825075,-1.0036274508634864,-0.15514187185920705,-1.4902728078295457,47.39999999999998
NE,31143,2015,209.8,171.6,3.427768969039316,0.628241515701438,0.8709936603062899,24.904445131143063,1.0,17.379999999999995,26.03,0.28642434858888066,-0.8489854514027959,-0.2810728599266922,-1.2591075336661568,12.005788589628649,21.77805387013946,0.19497723055359012,-0.8349588653467477,-0.2813784117702909,-1.3469224812917002,38.20000000000002
NE,31143,2016,192.9,165.9,3.4369507176415177,1.0991559638296091,1.0048339883793105,26.050121178693367,1.0,0.47999999999998977,20.330000000000013,0.29560609719108255,-0.37807100327462484,-0.14723253185367158,-0.11343148611585363,-7.133466164692667,14.306409649364314,0.1660560133077557,-0.35820000636189003,-0.14766539696543637,-0.2378359952520387,27.0
NE,31143,2018,217.2,183.9,3.500654124532833,1.1171668130908414,0.988119025473226,25.4771365293981,1.0,24.779999999999973,38.33000000000001,0.3593095040823977,-0.36006015401339253,-0.163947494759756,-0.6864161354111218,12.688024326664697,28.763121207813995,0.15355348850299827,-0.32850033538728457,-0.16463498640785304,-0.8839997675685902,33.29999999999998
NE,31145,2008,187.0,103.0,2.6340633655350927,1.3650924916481135,1.2017395016537615,26.02582822616575,1.0,-1.5999999999999943,16.01428571428572,0.21640803538481368,-0.8979909742950882,-0.24137970374874507,-1.5154635394717708,5.757551335627021,21.835402439689695,0.34160349459978756,-0.9171940385384866,-0.2409613887247707,-1.3952406945082363,84.0
NE,31145,2009,215.2,124.7,2.820073554030816,0.9853638416899893,1.0162092123325344,25.150050303698613,1.0,26.599999999999994,37.71428571428572,0.40241822388053716,-1.2777196242532125,-0.42690999306997224,-2.3912414619389075,31.7182965813057,41.76375821891454,0.48951071724747475,-1.2910782776399243,-0.426618991314164,-2.3076081784860145,90.49999999999999
NE,31145,2010,203.5,116.9,2.7547856714356125,1.837781506878964,1.3086852241373144,27.2593091688984,1.0,14.900000000000006,29.914285714285725,0.3371303412853335,-0.42530195906423773,-0.13443398126519224,-0.28198259673911963,17.7790418269844,32.192113998139384,0.3861198688042348,-0.43281620159426293,-0.1342702927775501,-0.2349388747968684,86.6
NE,31145,2011,169.3,96.3,2.7147745860109147,3.064787804383004,1.620919372284973,28.56093761088877,1.0,-19.299999999999983,9.314285714285717,0.2971192558606357,0.8017043384398024,0.17780016688246647,1.019645845251251,-18.660212927336897,9.820469777364218,0.30800581753150075,0.8000345067664637,0.1778365421019425,1.0301000056828604,73.00000000000001
NE,31145,2012,180.0,21.1,1.1537640626424226,4.017454092246496,2.135793204343037,30.893093945209603,1.0,-8.599999999999994,-65.88571428571427,-1.2638912675078564,1.7543706263032939,0.6926739989405306,3.3518021795720827,-10.199467681658218,-67.15117444341092,-1.2911076716850276,1.7585452054866417,0.6925830608918405,3.3256667784930505,158.9
NE,31145,2013,167.6,27.6,1.7607971246414105,2.7837503181023693,1.5688639238837745,27.868401906212533,1.0,-21.0,-59.38571428571428,-0.6568582055088685,0.5206668521591675,0.1257447184812679,0.3271101405750123,-24.838722435979534,-62.422818664186096,-0.722177575534076,0.530685842199202,0.12552646716441168,0.26438517798533845,140.0
NE,31145,2016,197.6,119.3,3.085328946755684,1.7873542066534776,1.2496239991821512,27.03142119838898,1.0,9.0,32.31428571428572,0.6676736166054051,-0.4757292592897242,-0.19349520622035543,-0.5098705672485409,-1.5564866989434627,23.96224867348843,0.48804534903608876,-0.44817703667963005,-0.19409539734171,-0.6823642143701397,78.3
NE,31147,2008,156.0,140.0,3.361723389566893,0.8231151754099397,0.9401495751037808,25.468672063080067,1.0,-32.542857142857144,-6.285714285714278,-0.10737265908759319,-1.2912734076888575,-0.3154925971187258,-2.0830525878532917,-23.585838125571904,0.800862597386355,0.045039204304551966,-1.3146510511156038,-0.3149833440460613,-1.936694341810725,16.0
NE,31147,2009,220.3,163.9,3.3851456863604428,0.6617682402797092,0.8774253773963525,25.046126865272083,1.0,31.757142857142867,17.614285714285728,-0.0839503622940434,-1.452620342819088,-0.3782167948261541,-2.5055977856612763,38.47490712010679,22.929218376611203,0.03035853525006546,-1.4701535753891477,-0.37783485502165576,-2.395829101129351,56.400000000000006
NE,31147,2011,186.8,146.5,3.3711462179857845,3.664808136572694,1.625139786173554,29.61795319927004,1.0,-1.7428571428571331,0.2142857142857224,-0.09794983066870167,1.5504195534738967,0.3694976139510473,2.0662285483366816,0.4963976114641766,1.9859299350608806,-0.059846864820665376,1.54457514261721,0.3696249272192134,2.1028181098473233,40.30000000000001
NE,31147,2012,164.7,101.1,2.225786268885015,4.238154858396841,1.979145540068706,31.262082816853678,1.0,-23.842857142857156,-45.18571428571428,-1.2433097797694712,2.123766275298044,0.7235033678461993,3.7103581659203186,-23.842857142857156,-45.18571428571428,-1.2433097797694712,2.123766275298044,0.7235033678461993,3.7103581659203186,63.599999999999994
NE,31147,2013,204.2,160.0,3.607403769957784,3.095633538275972,1.527838903165595,28.43436772865192,1.0,15.657142857142844,13.714285714285722,0.13830772130329771,0.9812449551771749,0.2721967309430884,0.8826430777185621,13.417888102821534,11.942641493510564,0.10020475545526142,0.9870893660338614,0.27206941767492226,0.8460535162079204,44.19999999999999
NE,31147,2015,189.0,158.1,4.386167858504799,0.9437158228915142,0.8252617959046558,26.01966402585089,1.0,0.4571428571428555,11.814285714285717,0.917071809850313,-1.170672760207283,-0.43038037631785087,-1.5320606250824689,-6.260621405821073,6.4993530519602425,0.8027629123062041,-1.1531395276372234,-0.4307623161223492,-1.6418293096143939,30.900000000000006
NE,31147,2016,198.8,154.4,3.946299149320685,1.373524309864908,1.014534227744902,27.01320585755484,1.0,10.257142857142867,8.114285714285728,0.47720310066619875,-0.7408642732338893,-0.24110794447760453,-0.5385187933785183,1.300123839857628,1.0277088311850955,0.32479123727405357,-0.7174866298071431,-0.241617197550269,-0.684877039421085,44.400000000000006
NE,31151,2008,190.0,134.0,3.7491564774906254,0.7164164864257824,0.9491321829181796,25.004898253210968,1.0,-10.988888888888908,11.855555555555554,0.7822521475231121,-1.1561484658932257,-0.31196847345098244,-2.0051071629469703,-0.5390333687226274,20.12322858583976,0.9600659881472844,-1.1834223832244302,-0.31137434486620724,-1.8343558758973064,56.0
NE,31151,2009,203.1,126.7,2.273157749848562,0.8376932784552082,0.9658683505788548,25.051690964579763,1.0,2.111111111111086,4.555555555555557,-0.6937465801189515,-1.0348716738637997,-0.29523230579030724,-1.9583144515781754,10.321711876956059,11.051584365064604,-0.5540357053428155,-1.0563011803383175,-0.29476549047369816,-1.824152726039153,76.39999999999999
NE,31151,2010,188.0,116.2,3.0365378465001376,1.3359957547814345,1.065118203742579,26.68181509573576,1.0,-12.988888888888908,-5.944444444444443,0.06963351653262428,-0.5365691975375735,-0.19598245262658298,-0.328190320422177,-7.017542877365246,-1.220059855710553,0.17124142546072396,-0.5521542931554048,-0.19564295057814,-0.2306181563937964,71.8
NE,31151,2011,191.0,120.7,3.1388147494464147,3.159315114371247,1.5568981069683006,28.639478499826225,1.0,-9.988888888888908,-1.4444444444444429,0.1719104194789014,1.286750162052239,0.29579745059913853,1.6294730836682874,-6.256797631686556,1.5082959235142885,0.23541536255896478,1.2770094772910943,0.2960096393794154,1.6904556861860263,70.3
NE,31151,2012,201.9,50.6,1.7915748195510723,4.164921649392917,2.033540926061343,30.99662911485501,1.0,0.9111111111110972,-71.54444444444445,-1.175329510416441,2.2923566970739087,0.772440269692181,3.9866236986970733,2.4039476139921403,-70.36334829726088,-1.1499275331844139,2.2884604231694503,0.7725251452042918,4.0110167397041705,151.3
NE,31151,2013,204.1,121.8,2.7345744851161453,2.6937007180439103,1.4592078924362135,27.523903910628547,1.0,3.111111111111086,-0.34444444444444855,-0.23232984485136798,0.8211357657249023,0.1981072360670515,0.5138984944706095,2.3646928596708188,-0.9349925180360337,-0.2450308334673772,0.8230839026771307,0.19806479831099613,0.5017019739670651,82.3
NE,31151,2016,207.1,137.1,3.448447967059839,1.329754818208833,1.064832116892431,26.697439355541203,1.0,6.111111111111086,14.955555555555549,0.48154363709232584,-0.542810134110175,-0.19626853947673095,-0.3125660606167351,-1.35307140329311,9.050074819638489,0.35453375093220774,-0.5233287645878869,-0.19669291703728467,-0.4345312656522046,70.0
NE,31151,2017,202.9,134.0,3.1459773773810897,1.248715638675404,1.178979534769434,26.42445800419697,1.0,1.9111111111110972,11.855555555555554,0.17907304741357644,-0.6238493136436041,-0.08212112159972795,-0.5855474119609667,-7.792326157614408,4.178430598863336,0.013960195405422066,-0.5985235332646295,-0.08267281242844778,-0.7441021785070779,68.9
NE,31151,2018,220.8,158.2,3.3838974973137312,1.3665711125163365,1.0763285929551236,26.069735546846992,1.0,19.811111111111103,36.05555555555554,0.41699316734621794,-0.5059938398026715,-0.1847720634140384,-0.9402698693109457,7.868419088064288,26.606786378088167,0.21377734949002727,-0.4748236485670103,-0.18545106751092433,-1.1354141973676986,62.60000000000002
NE,31153,2008,162.0,149.0,4.087846299453772,0.6022099287074527,0.940402664668019,24.794863461823635,1.0,-34.51249999999999,-14.875,0.6803324651597196,-1.068581064631932,-0.299219837028051,-1.7972927617314731,-24.435853605554094,-6.902601006511788,0.8517958114758829,-1.0948809134870214,-0.2986469273213035,-1.6326397349335855,13.0
NE,31153,2009,208.3,179.0,2.722541260066228,0.6130015324083566,0.9024110084376352,24.370872096900836,1.0,11.787500000000023,15.125,-0.6849725742278241,-1.057789460931028,-0.3372114932584348,-2.2212841266542718,19.624891640124606,21.325754772713054,-0.5516121937596971,-1.078244898929431,-0.3367658968198534,-2.0932206613670257,29.30000000000001
NE,31153,2011,185.9,151.5,3.237056506699148,2.9171799561165064,1.49094708289762,28.11618729981625,1.0,-10.612499999999983,-12.375,-0.1704573275949044,1.2463889627771216,0.2513245812015499,1.5240310762611422,-7.253617868518019,-9.717533668837262,-0.11330287882284996,1.237622346492092,0.25151555110379903,1.5789154185271048,34.400000000000006
NE,31153,2012,182.7,99.3,2.0040851598138976,3.94445924245136,1.977558528378171,30.5125258822574,1.0,-13.8125,-64.575,-1.4034286744801547,2.2736682491119753,0.7379360266821009,3.920369658702292,-12.692872622839346,-63.689177889612424,-1.3843771915561367,2.270746043683632,0.7379996833161839,3.9386644394576127,83.39999999999999
NE,31153,2013,207.7,160.8,2.8767232583849074,2.3906194046082905,1.3963680770988618,26.99376795135433,1.0,11.1875,-3.0749999999999886,-0.5307905759091449,0.7198284112689057,0.15674557540279177,0.40161172779922083,10.067872622839346,-3.960822110387568,-0.5498420588331631,0.722750616697249,0.1566819187687087,0.38331694704389996,46.89999999999998
NE,31153,2014,214.3,194.5,4.784527662289719,0.5742464881580419,1.071247276560041,25.13943383236824,1.0,17.787500000000023,30.625,1.3770138279956665,-1.0965445051813427,-0.1683752251360291,-1.4527223911868674,14.428617868518058,27.967533668837262,1.3198593792236122,-1.087777888896313,-0.16856619503827827,-1.50760673345283,19.80000000000001
NE,31153,2016,198.2,190.1,4.528441211237431,1.1841938241460317,0.9717099791227516,26.488692637882,1.0,1.6875,26.224999999999994,1.1209273769433787,-0.48659716919335305,-0.26791252257331843,-0.10346358567310787,-6.149891640124584,20.02424522728694,0.9875669964752517,-0.4661417311949501,-0.2683581190118998,-0.23152705096035378,8.099999999999994
NE,31153,2017,213.0,186.8,3.018889316407316,1.1404175701190384,1.1663353964054604,26.32090662603817,1.0,16.48750000000001,22.92500000000001,-0.38862451788673624,-0.5303734232203463,-0.07328710529060967,-0.2712495975169382,6.410853605554118,14.952601006511799,-0.5600878642028996,-0.5040735743652568,-0.07386001499735718,-0.43590262431482585,26.19999999999999
NE,31155,2008,179.0,136.0,3.682241056152435,0.6174782085167103,0.934745258188808,24.685984682146348,1.0,-21.090000000000003,-19.650000000000006,0.049989824608535294,-0.722488385123605,-0.1940240769306265,-1.4086485068571726,-9.44587527752909,-10.437450051969103,0.24812524701832572,-0.7528793215783753,-0.1933620479361627,-1.2183827870018342,43.0
NE,31155,2009,215.2,167.9,2.5816267055156548,0.6128370720182309,0.9017986113044344,24.289494549876277,1.0,15.109999999999985,12.25,-1.050624526028245,-0.7271295216220844,-0.22697072381500016,-1.805138639127243,24.51486996814959,19.690905727255746,-0.8905920694664908,-0.7516760472201682,-0.22643600808870248,-1.6514624807825462,47.29999999999998
NE,31155,2010,184.5,145.0,4.088205057301316,0.985033797901788,1.020702656705648,26.06339773302185,1.0,-15.590000000000003,-10.650000000000006,0.4559538257574163,-0.3549327957385273,-0.10806667841378648,-0.03123545598166899,-8.42438478617171,-4.980738493519419,0.5778833164711341,-0.3736349104799246,-0.1076592759556549,0.08585114085238607,39.5
NE,31155,2012,188.1,79.7,1.8219631714486249,4.119156622777324,2.015530821803124,30.726727859543036,1.0,-11.990000000000009,-75.95,-1.8102880600952749,2.779190029137009,0.8867614866836893,4.632094670539516,-9.302894294814337,-73.82402693506974,-1.7645645010776296,2.772176736108985,0.8869142626054886,4.676002144352288,108.39999999999999
NE,31155,2013,200.7,155.0,2.769298074261381,2.438385209778423,1.3970178521639456,27.006729334852537,1.0,0.6099999999999852,-0.6500000000000057,-0.8629531572825186,1.0984186161381075,0.268248517044511,0.9120961458490164,1.057850950864349,-0.2956711558448935,-0.8553325641129097,1.09724973396677,0.26827397969814426,0.9194140581511464,45.69999999999999
NE,31155,2014,212.8,171.3,4.693488422083381,0.5972984543671542,1.0548284965187251,25.136219317904583,1.0,12.710000000000008,15.650000000000006,1.0612371905394813,-0.7426681392731611,-0.07394083860070944,-0.9584138710989372,10.918596196543062,14.23268462337996,1.030754817861054,-0.7379926105878122,-0.07404268921524232,-0.9876855203074488,41.5
NE,31155,2015,204.9,176.2,4.4661586351952725,0.7513335618409966,0.8467431185116185,25.24518218364493,1.0,4.810000000000002,20.549999999999983,0.8339074036513727,-0.5886330317993187,-0.282026216607816,-0.849451005358592,0.7793414422217468,17.36104040260478,0.7653220651249091,-0.5781130922572831,-0.282255380490515,-0.9153122160777454,28.700000000000017
NE,31155,2016,198.8,169.2,4.736721670267088,1.0743625938726546,0.9664510563338904,26.18986151318284,1.0,-1.289999999999992,13.549999999999983,1.1044704387231885,-0.2656039997676607,-0.16231827878554417,0.09522832417932037,-7.559913312099558,8.58939618182962,0.9977821343486887,-0.2492396493689386,-0.1626747559364093,-0.0072224480504747,29.600000000000023
NE,31155,2017,201.7,171.4,3.74209730900889,1.033980206540349,1.123946384485945,25.92315472166855,1.0,1.6099999999999852,15.75,0.10984607746499009,-0.3059863870999664,-0.004822950633489587,-0.17147846733497119,-6.89916806642089,9.01775196105448,-0.03494519275754607,-0.28377762584455773,-0.005306741052520819,-0.31051880107540797,30.299999999999983
NE,31155,2018,215.2,184.8,3.7407122142049527,1.1698002087895218,1.0259290951782063,25.67957999419425,1.0,15.109999999999985,29.150000000000006,0.10846098266105297,-0.1701663848507935,-0.10284023994122826,-0.4150531948092713,4.3615771792578,20.646107740279326,-0.07443325340951948,-0.14211321273869829,-0.1034513436284256,-0.5906830900603497,30.399999999999977
NE,31157,2010,161.0,54.4,1.8241047807206692,1.323528295548836,1.3225884090144695,25.24605720146192,1.0,-2.0600000000000023,5.1200000000000045,0.11798580766581046,-0.4443374173833239,-0.16350857600304902,-0.921987841405123,4.657764262963926,10.43493266232548,0.23229470520991932,-0.46187064995338356,-0.16312663619855067,-0.812219156873198,106.6
NE,31157,2011,150.2,41.8,1.8878698115452013,1.853359724274558,1.4343287666876927,25.88947981756746,1.0,-12.860000000000014,-7.479999999999997,0.18175083849034257,0.08549401134239809,-0.05176821832982581,-0.27856522529958383,-8.381490491357393,-3.9367115584496806,0.25795677018641516,0.07380518962902498,-0.05151359179349358,-0.20538610227830045,108.39999999999999
NE,31157,2012,150.4,10.6,0.6097191482512416,2.992749743586113,2.048788111447656,29.0982879306338,1.0,-12.659999999999997,-38.67999999999999,-1.096399824803617,1.224884030653953,0.5626911264301375,2.930242887766756,-10.420745245678686,-36.908355779224834,-1.0582968589555808,1.2190396197972664,0.5628184396983036,2.9668324492773976,139.8
NE,31157,2015,167.1,67.1,2.552431737243375,1.2384614847930049,1.2305441604071947,25.051436263825927,1.0,4.039999999999992,17.82,0.8463127641885164,-0.5294042281391551,-0.2555528246103238,-1.1166087790411154,-0.4385095086426274,14.276711558449684,0.7701068324924438,-0.517715406425782,-0.25580745114665604,-1.189787902062399,100.0
NE,31157,2017,186.6,72.5,1.656469387513806,1.4312293164582888,1.3942354775305803,25.554964000846105,1.0,23.539999999999992,23.220000000000006,-0.04964958554105281,-0.3366363964738712,-0.09186150748693822,-0.6130810420209372,14.582980982714753,16.133423116899372,-0.20206144893319797,-0.31325875304712497,-0.09237076055960268,-0.7594392880635039,114.1
NE,31159,2008,176.0,143.0,3.665656449955558,0.6625724477203422,0.9302155795158772,24.80044948987457,1.0,-17.44999999999999,-0.040000000000020464,0.4125253077679072,-0.903685117342638,-0.24869591630808074,-1.6797497028244983,-7.373353605554096,7.932398993488191,0.5839886540840705,-0.9299849661977275,-0.2481230066013332,-1.5150966760266107,33.0
NE,31159,2009,205.1,150.8,2.3510295364800253,0.7412641003323649,0.9362912060533576,24.744030177820253,1.0,11.650000000000006,7.759999999999991,-0.9021016057076254,-0.8249934647306153,-0.24262028977060035,-1.736169014878815,19.48739164012459,13.960754772713045,-0.7687412252394984,-0.8454489027290183,-0.24217469333201894,-1.608105549591569,54.29999999999998
NE,31159,2010,184.1,134.8,3.3139453511786594,1.1566567113912078,1.0279799964819094,26.375607712294617,1.0,-9.349999999999994,-8.240000000000009,0.060814208991008645,-0.40960085367177235,-0.15093149934204853,-0.10459148040445143,-3.75186311419672,-3.810889448062114,0.15607162361109939,-0.42421188081348876,-0.15061321617163323,-0.01311757662784721,49.29999999999998
NE,31159,2011,178.7,137.4,3.265389247947825,2.9760454957930373,1.5052646056799308,28.321523740379305,1.0,-14.75,-5.640000000000015,0.012258105760174054,1.4097879307300571,0.3263531098559729,1.8413245476802373,-11.391117868518036,-2.9825336688372777,0.06941255453222848,1.4010213144450274,0.32654407975822203,1.8962088899462,41.29999999999998
NE,31159,2012,203.9,68.1,1.674172852786993,4.138795511828374,2.0306452189109057,30.85806906500236,1.0,10.450000000000017,-74.94000000000003,-1.5789582894006577,2.572537946765394,0.8517337230869477,4.377869872303293,11.569627377160671,-74.05417788961245,-1.5599068064766397,2.569615741337051,0.8517973797210308,4.396164653058614,135.8
NE,31159,2013,187.8,142.7,2.6716093728341623,2.5441812823858627,1.413568300766158,27.21054695332029,1.0,-5.649999999999977,-0.34000000000003183,-0.5815217693534884,0.9779237173228825,0.23465680494219998,0.7303477606212212,-6.769627377160632,-1.225822110387611,-0.6005732522775066,0.9808459227512258,0.23459314830811692,0.7120529798659003,45.10000000000002
NE,31159,2014,217.1,163.3,4.165218350746224,0.6112512238375942,1.046809419967971,25.213569125609965,1.0,23.650000000000006,20.25999999999999,0.9120872085585736,-0.955006341225386,-0.132102075855987,-1.2666300670891033,20.291117868518043,17.602533668837253,0.8549327597865192,-0.9462397249403561,-0.13229304575823617,-1.321514409355066,53.79999999999998
NE,31159,2015,192.2,153.3,4.173023812882322,0.7602229830361716,0.8452679314155562,25.297098006351632,1.0,-1.25,10.259999999999991,0.9198926706946713,-0.8060345820268086,-0.3336435644084017,-1.1831011863474359,-6.8481368858032745,5.830889448062096,0.8246352560745805,-0.7914235548850922,-0.333961847578817,-1.27457509012404,38.89999999999998
NE,31159,2016,196.0,165.3,3.681389845303201,1.0958823517131782,0.9805993503874708,26.204077522627596,1.0,2.5500000000000114,22.25999999999999,0.42825870311555025,-0.47037521334980203,-0.19831214543648712,-0.2761216700714719,-5.287391640124572,16.059245227286937,0.2948983226474232,-0.4499197753513991,-0.19875774187506853,-0.4041851353587178,30.69999999999999
NE,31159,2017,193.6,171.7,3.569876601761542,0.9757035425916676,1.0724733490604423,25.77702013371012,1.0,0.15000000000000568,28.659999999999968,0.31674545957389144,-0.5905540224713126,-0.1064381467635156,-0.7031790589889475,-9.926646394445887,20.687601006511755,0.14528211325772813,-0.5642541736162231,-0.10701105647026311,-0.8678320857868351,21.900000000000006
NE,31161,2009,177.0,63.4,2.345311542333294,0.4472590416368627,0.9715805705313048,22.9149111653008,1.0,-4.662499999999994,-0.3500000000000014,0.04146160511256447,-0.6999791857650286,-0.23672248475260593,-1.5801054415881701,4.854332705865572,7.179487938294421,0.2033992099667187,-0.7248179319059465,-0.23618140336289994,-1.424599805167943,113.6
NE,31161,2010,167.7,56.3,2.698190116277352,0.8859501094372074,1.112862691294737,23.93113171309787,1.0,-13.962500000000006,-7.450000000000003,0.39434017905662255,-0.2612881179646839,-0.09544036398917366,-0.5638848937911014,-6.684922048455749,-1.692156282480739,0.5181748180627405,-0.2802824532489152,-0.09502659586763379,-0.4449688188815159,111.39999999999999
NE,31161,2011,165.0,62.8,2.446523336432612,1.4057080954051868,1.2171477872799978,24.704960785652155,1.0,-16.662499999999994,-0.9500000000000028,0.1426733992118825,0.2584698680032955,0.008844731996087152,0.20994417876318394,-11.624176802777047,3.036199496744103,0.22840507236996416,0.24531994357575077,0.00913118684946091,0.29227069216212775,102.2
NE,31161,2012,170.8,32.8,0.894138936108406,2.93510159481296,1.947028129852299,28.59304292457876,1.0,-10.862499999999983,-30.950000000000003,-1.4097110011123235,1.7878633674110689,0.7387250745683882,4.09802631768979,-8.063431557098346,-28.735444724031055,-1.362082293802278,1.7805578538402107,0.7388842161535959,4.143763269578092,138.0
NE,31161,2014,197.9,76.9,2.682554623097538,0.6275259534051663,1.0300232873595987,23.31511798904936,1.0,16.23750000000001,13.150000000000006,0.3787046858768086,-0.519712273996725,-0.178279767924312,-1.179898617839612,14.55805893425903,11.821266834418637,0.3501274614907814,-0.5153289658542102,-0.17837525287543657,-1.2073407889725933,121.0
NE,31161,2015,180.6,74.8,2.571379365171994,0.8601291302930213,1.0915046567344435,23.812126400152334,1.0,-1.0625,11.049999999999997,0.26752942795126433,-0.28710909710887,-0.11679839854946716,-0.6828902067366371,-4.9811958200622914,7.94962261364347,0.2008492377172008,-0.2768813781096685,-0.11702119676875787,-0.7469219393802601,105.8
NE,31161,2017,194.4,67.4,2.1370205267358378,1.0878489494068249,1.2449531414788435,24.58315314512264,1.0,12.737500000000011,3.6500000000000057,-0.16682941048489175,-0.059389277995066436,0.03665008619493282,0.08813653823366963,4.3402946712951,-2.9936658279068373,-0.3097155324150278,-0.03747273728249184,0.03617266143930989,-0.04907431743123669,127.0
NE,31161,2018,199.9,75.6,2.6556810516088025,0.9283829448179004,1.0513241777400613,24.105688732157837,1.0,18.23750000000001,11.849999999999994,0.351831114388073,-0.2188552825839909,-0.15697887754384943,-0.3893278747311335,7.6010399169737894,3.434689951317994,0.17084202660990064,-0.19109433101472975,-0.15758361556763847,-0.5631282919066816,124.30000000000001
NE,31163,2008,187.0,108.0,3.4458243342779604,0.5985596049709292,0.951276851036233,24.35846773615523,1.0,-2.829999999999984,-5.929999999999993,0.4902143786690494,-0.8000546518869505,-0.24050720166591733,-1.4988192634454514,7.918422820742201,2.5738922597206866,0.6731086147396218,-0.8281078239990457,-0.23989609797871997,-1.323189368194373,79.0
NE,31163,2009,195.1,143.8,2.742121239978436,0.5500374869654103,0.8831786971761028,23.67023677301661,1.0,5.27000000000001,29.87000000000002,-0.21348871563047522,-0.8485767698924693,-0.3086053555260476,-2.18705022658407,13.779168066420885,36.60224803894554,-0.06869744540793907,-0.8707855311478779,-0.3081215651070164,-2.048009892843633,51.29999999999998
NE,31163,2010,184.4,132.9,3.3644035963791388,0.8295302173326272,0.9985456376079344,25.48108295466901,1.0,-5.429999999999978,18.970000000000013,0.40879364077022773,-0.5690840395252524,-0.19323841509421602,-0.37620404493167214,0.8399133120995872,23.930603818170376,0.5154819451447276,-0.5854483899239745,-0.1928819379433509,-0.2737532727018771,51.5
NE,31163,2011,167.4,115.9,2.725183116231161,2.381682538187757,1.390569106292305,27.15017363580423,1.0,-22.42999999999998,1.970000000000013,-0.23042683937775,0.9830682813298774,0.19878505359015453,1.2928866362035478,-18.399341442221722,5.158959597395217,-0.1618415008512864,0.9725483417878419,0.19901421747285353,1.3587478469227012,51.5
NE,31163,2012,189.4,20.3,1.208795525667692,3.5790751983421543,1.944243887108604,29.81183594636997,1.0,-0.4299999999999784,-93.63,-1.746814429941219,2.1804609414842746,0.7524598344064537,3.9545489467692896,1.3614038034569675,-92.21268462337994,-1.7163320572627916,2.1757854127989256,0.7525616850209866,3.9838205959778015,169.1
NE,31163,2013,193.4,78.8,2.9152322787159664,2.0053253891421443,1.3066072893294125,26.25079220676174,1.0,3.5700000000000216,-35.129999999999995,-0.04037767689294469,0.6067111322842647,0.11482323662726213,0.3935052071610592,3.1221490491356576,-35.48432884415511,-0.04799827006255368,0.6078800144556022,0.11479777397362889,0.38618729485892916,114.60000000000001
NE,31163,2014,169.4,112.9,3.26837755824463,0.6027954940582616,1.1014282992557514,24.860397266484767,1.0,-20.42999999999998,-1.029999999999987,0.3127676026357191,-0.795818762799618,-0.09035575344639901,-0.9968897331159141,-23.11710570518565,-3.155973064930257,0.2670440436180738,-0.7888054697715939,-0.09050852936819835,-1.0407972069286857,56.5
NE,31163,2016,211.6,143.8,3.325739791697099,1.2875249660381562,1.141409037480236,26.221680916351893,1.0,21.77000000000001,29.87000000000002,0.37012983608818795,-0.11108929081972341,-0.050375015221914454,0.3643939167512116,14.604384786171718,24.20073849351943,0.24820034537447008,-0.09238717607832615,-0.05078241768004603,0.24730731991715652,67.79999999999998
NE,31163,2017,195.5,128.1,3.3166321522151407,1.1512592004722175,1.194580997495213,25.759223679030903,1.0,5.670000000000016,14.170000000000002,0.3610221966062297,-0.24735505638566213,0.0027969447930626945,-0.09806332056977851,-3.734869968149587,6.729094272744257,0.20098974004447553,-0.2228085307875783,0.0022622290667650043,-0.25173947891447523,67.4
NE,31163,2018,205.1,154.8,3.243789962681884,1.000352473069137,1.006000724239712,25.008978881362488,1.0,15.27000000000001,40.87000000000002,0.288180007072973,-0.39826178378874255,-0.1857833284624384,-0.8483081182381937,3.625875277529097,31.657450051969114,0.09004458466318255,-0.3678708473339722,-0.1864453574569022,-1.038573838093532,50.29999999999998
NE,31167,2008,185.0,129.0,3.019123762225376,0.4442337927779231,0.8992896237950596,24.05046578772791,1.0,-7.775000000000006,-21.125,-0.0003263563489213084,-0.9495220192219486,-0.2700304443994854,-1.7432579833875543,0.34229848441474253,-14.702789699690051,0.13779689485021024,-0.9707080085774373,-0.2695689338023833,-1.6106208229114782,56.0
NE,31167,2009,211.2,171.0,2.3356553075813085,0.4792857633792378,0.8467853297274296,23.480260160383143,1.0,18.424999999999983,20.875,-0.683794810992989,-0.9144700486206339,-0.32253473846711544,-2.3134636107323203,24.30304373009342,25.52556607953479,-0.5837745256418937,-0.9298116271194361,-0.3222005411381794,-2.2174160117668857,40.19999999999999
NE,31167,2010,189.4,167.6,4.281306640150072,0.7058250838690123,1.0040327688072863,25.394673805255284,1.0,-3.375,17.474999999999994,1.2618565215757749,-0.6879307281308593,-0.16528729938725872,-0.39904996586017916,0.26378897577212834,20.353921858759627,1.3237738410788338,-0.6974278957729749,-0.1650804153264888,-0.33959192840538643,21.80000000000001
NE,31167,2011,185.5,163.0,2.8534755814874044,2.530677523075769,1.3971203248289263,27.23145724959955,1.0,-7.275000000000006,12.875,-0.16597453708689303,1.1369217110758976,0.2278002566343813,1.4377334784840876,-5.875465778549187,13.982277637984474,-0.14216018343187034,1.1332689542904684,0.22787982742698512,1.4606019544282387,22.5
NE,31167,2012,173.1,31.3,1.5580672962127675,3.8937856442231262,1.9886168885200792,30.19804265215757,1.0,-19.67500000000001,-118.825,-1.46138282236153,2.5000298322232544,0.8192968203255342,4.404318881042109,-20.514720532870502,-119.48936658279068,-1.4756714345545436,2.502221486294512,0.8192490778499719,4.390597795475618,141.79999999999998
NE,31167,2013,199.6,178.1,2.752609020751051,2.056059299888995,1.3168183084441991,26.288591479619807,1.0,6.824999999999989,27.974999999999994,-0.2668410978232463,0.6623034878891232,0.14749824024965408,0.49486770850434425,3.746024712808188,25.53898919643415,-0.31923267586429616,0.6703395528170673,0.14732318450592566,0.4445570614272119,21.5
NE,31167,2014,204.6,171.4,3.525554066727857,0.3013099776688139,0.97140967137805,24.304201604851432,1.0,11.824999999999989,21.275000000000006,0.5061039481535596,-1.0924458343310577,-0.19791039681649503,-1.489522166264031,6.506769958486878,17.067344975659005,0.41560940426447346,-1.0785653585464272,-0.19821276582838956,-1.576422374851805,33.19999999999999
NE,31167,2016,193.8,189.6,3.829809273458543,0.7388694111160953,0.93048763005533,25.402097429328997,1.0,1.0250000000000057,39.474999999999994,0.8103591548842455,-0.6548864008837764,-0.23883243813921506,-0.39162634178646627,-8.771739550155724,31.724056534108676,0.6436586792990867,-0.6293171033857726,-0.2393894336874418,-0.5517056733955237,4.200000000000017
NE,31169,2008,196.0,142.0,3.668503975563431,0.8271386808403938,0.945400429825106,25.193005596584364,1.0,-10.188888888888897,18.188888888888897,0.610389142586977,-1.0615876126913413,-0.3196056165356238,-1.847269948478182,-0.7342577039768141,25.669164487717254,0.7712683317231283,-1.0862640140862398,-0.3190680716255891,-1.6927806887665857,54.0
NE,31169,2009,208.2,130.7,2.2785862924417497,0.9164969414877066,0.9692239426881516,25.24241808940953,1.0,2.0111111111110915,6.888888888888886,-0.7795285405347046,-0.9722293520440285,-0.2957821036725782,-1.7978574556530162,9.226487541701864,12.597520266942084,-0.6567523172465896,-0.9910613425822404,-0.2953718720307096,-1.6799577574520614,77.5
NE,31169,2010,189.0,118.1,3.1750492088429523,1.5220103314028983,1.0928971527310616,26.9129732923606,1.0,-17.188888888888897,-5.711111111111109,0.11693437586649802,-0.3667159621288367,-0.1721088936296682,-0.12730225270194495,-12.212767212619433,-1.7741239538330689,0.20160763330657672,-0.3797035418103621,-0.1718259752559657,-0.04599211601163193,70.9
NE,31169,2011,192.6,123.8,3.1787315990360074,3.131880554636449,1.5484710660540753,28.65886112143729,1.0,-13.588888888888903,-0.011111111111105743,0.12061676605955318,1.243154261104714,0.2834650196933455,1.6185855763747448,-10.852021966940748,2.1542318253917756,0.1671870576515956,1.236011092279875,0.28362062479888184,1.663306151554416,68.8
NE,31169,2012,210.7,81.9,2.054273445512045,4.0079812595589885,2.0055598114128697,30.881296035092173,1.0,4.5111111111110915,-41.9111111111111,-1.0038413874644094,2.1192549660272535,0.7405537650521399,3.841020490029628,5.008723278737936,-41.517412395383374,-0.9953740617204033,2.117956208059101,0.7405820568895101,3.8491515036986574,128.79999999999998
NE,31169,2013,205.7,111.9,2.675811431708188,2.764095342985084,1.4919619964289588,27.719437944618637,1.0,-0.48888888888890847,-11.911111111111097,-0.38230340126826645,0.875369049453349,0.226955950068229,0.6791623995560911,-2.2305314755833736,-13.289056616158533,-0.4119390413722966,0.8799147023418833,0.22685692863743312,0.6507038517144791,93.79999999999998
NE,31169,2014,219.6,148.6,3.090062406839189,1.101679465148368,1.2239287805818233,26.177328802652134,1.0,13.411111111111097,24.78888888888889,0.031947573862734835,-0.7870468283833671,-0.04107726577890647,-0.8629467424104114,9.430213770095323,21.639299163066298,-0.03579103208933161,-0.7766567646381463,-0.041303600477868456,-0.927994851762665,71.0
NE,31169,2015,209.3,140.5,4.086222937884557,1.1398155932304257,0.972153437244612,26.12605093477905,1.0,3.1111111111111143,16.688888888888897,1.0281081049081027,-0.7489107003013094,-0.29285260911611777,-0.9142246102834939,-3.1090409842259703,11.767654942291145,0.922266533108,-0.7326762256994019,-0.2932062570832459,-1.0158622811463893,68.80000000000001
NE,31169,2018,224.6,116.8,3.315792198959968,1.587438472495303,1.1354578002799096,26.45110808862913,1.0,18.411111111111097,-7.011111111111106,0.2576773659835139,-0.30128782103643204,-0.12954824608082016,-0.5891674564334153,5.473194752810084,-17.247277720034333,0.03752689663930228,-0.26752011386446495,-0.1302838338524466,-0.8005738118282357,107.8
NE,31175,2008,179.0,111.0,3.1951602283964857,0.5649813629381616,0.9338086652889738,24.172884120021344,1.0,-9.799999999999983,5.224999999999994,0.4581047635315856,-0.8183833426665034,-0.21969670020663468,-1.3991871332998258,-0.8429809827147441,12.311576883100628,0.6105166269237308,-0.8417609860932496,-0.2191874471339702,-1.252828887257259,68.0
NE,31175,2009,191.1,125.7,2.4716683626442424,0.515419437382785,0.8589225099167995,23.442793122379403,1.0,2.3000000000000114,19.924999999999997,-0.26538710222065776,-0.86794526822188,-0.2945828555788089,-2.129278130941767,9.01776426296394,25.239932662325472,-0.1510782046765489,-0.8854785007919397,-0.29420091577431057,-2.0195094464098418,65.39999999999999
NE,31175,2010,181.6,125.3,3.3993953721171137,0.7664538955534614,0.9700962564454678,25.14918705995893,1.0,-7.199999999999989,19.52499999999999,0.6623399072522136,-0.6169108100512035,-0.18340910905014063,-0.4228841933622398,-2.721490491357369,23.068288441550308,0.7385458389482862,-0.6285996317645767,-0.1831544825138084,-0.34970507034095644,56.3
NE,31175,2011,176.6,118.1,2.5830528905854115,2.2728507024186384,1.3367749147185524,26.7580462849576,1.0,-12.199999999999989,12.324999999999989,-0.1540025742794886,0.8894859968139734,0.18326954922294392,1.1859750316364313,-9.960745245678678,14.096644220775147,-0.1158996084314523,0.8836415859572869,0.18339686249111004,1.222564593147073,58.5
NE,31175,2012,181.1,29.2,1.215304971473027,3.5300440134030024,1.9219063549853,29.606500658533523,1.0,-7.699999999999989,-76.575,-1.521750493391873,2.1466793077983377,0.7684009894896915,4.034429405212354,-7.699999999999989,-76.575,-1.521750493391873,2.1466793077983377,0.7684009894896915,4.034429405212354,151.9
NE,31175,2013,178.1,67.5,2.799300049677972,1.7899350737234303,1.2444312161342348,25.91973060412807,1.0,-10.699999999999989,-38.275000000000006,0.062244584813071935,0.40657036811876535,0.09092585063862635,0.34765935080690014,-12.939254754321299,-40.046644220775164,0.024141618965035645,0.4124147789754519,0.09079853737046023,0.31106978929625845,110.6
NE,31175,2015,201.7,102.4,2.513568712867402,0.8721629097710623,1.0596226327986733,25.211990245503728,1.0,12.900000000000006,-3.375,-0.22348675199749835,-0.5112017958336027,-0.09388273269693515,-0.3600810078174419,6.182235737036077,-8.689932662325475,-0.33779564954160723,-0.493668563263543,-0.09426467250143349,-0.46984969234936697,99.29999999999998
NE,31175,2018,221.2,167.0,3.718993131157546,0.7550702496467787,0.902480373676866,24.31543793108677,1.0,32.400000000000006,61.224999999999994,0.9819376662926458,-0.6282944559578862,-0.2510249918187425,-1.2566333222344,18.96447147407215,50.595134675349044,0.753319871204428,-0.5932279908177669,-0.2517888714277392,-1.47617069129825,54.19999999999999
NE,31177,2008,176.0,151.0,3.383395586281425,0.5263358692674913,0.917760224700697,24.502687730778707,1.0,-10.0,-9.033333333333331,-0.10411582451877965,-1.0059361589689002,-0.259608958708892,-1.774215197466713,-0.29656273127449495,-1.3562083766411135,0.06099702748937472,-1.0312619393478748,-0.2590572678801722,-1.615660430920602,25.0
NE,31177,2009,203.2,183.0,2.7906302733014714,0.5409290765869376,0.8726128288278727,23.968951501100918,1.0,17.19999999999999,22.96666666666667,-0.6968811374987331,-0.991342951649454,-0.30475635458171624,-2.307951427144502,24.664182514404185,28.872147402583728,-0.569871251338615,-1.010824321171742,-0.30433197702116255,-2.1859862221090327,20.19999999999999
NE,31177,2010,164.9,163.1,4.04992401764124,0.9018012950329466,1.024723011668253,25.99935554580328,1.0,-21.099999999999994,3.066666666666663,0.5624126068410358,-0.6304707332034449,-0.15264617174133588,-0.2775473824421404,-15.875072239917108,7.200503181808564,0.6513195271531176,-0.6441076918690465,-0.15234910744894828,-0.19217173891731254,1.8000000000000114
NE,31177,2011,191.0,164.3,3.367377214101521,2.7775871028307946,1.4561095073637296,27.84090652478391,1.0,5.0,4.26666666666668,-0.12013419669868375,1.245315074594403,0.2787403239541406,1.564003596538491,7.985673005761576,6.628858961033423,-0.06933024223463825,1.2375225267854881,0.27891007497836207,1.6127896785526772,26.69999999999999
NE,31177,2012,175.9,89.2,1.9047289050095495,3.94064198241554,1.9743443070770912,30.424514632849625,1.0,-10.099999999999994,-70.83333333333333,-1.582782505790655,2.4083699541791486,0.7969751236675022,4.147611704604206,-9.353581748559728,-70.24278525974174,-1.5700815171746458,2.4064218172269203,0.7970175614235576,4.15980822510775,86.7
NE,31177,2013,211.6,163.7,2.739296006943009,2.273450924225343,1.3649622941015611,26.722021678445792,1.0,25.599999999999994,3.666666666666657,-0.7482154038571958,0.7411788959889514,0.18759311069197215,0.44511875020037195,24.10716349711895,2.485570519483084,-0.7736173810892228,0.7450751698934095,0.1875082351798614,0.42072570919327473,47.900000000000006
NE,31177,2014,183.8,155.8,4.413682955037781,0.5531937033313212,1.0607137590731828,25.13367648618453,1.0,-2.1999999999999886,-4.23333333333332,0.9261715442375764,-0.9790783249050703,-0.11665542433640619,-1.1432264420608895,-5.932091257202341,-7.1860737012920515,0.862666601157513,-0.9693376401439255,-0.11686761311668306,-1.2042090445786284,28.0
NE,31177,2016,196.8,180.8,4.59191845080503,1.1532982827773228,0.9574966101207674,26.339348603793955,1.0,10.800000000000011,20.76666666666668,1.1044070400048258,-0.3789737454590687,-0.2198725732888216,0.06244567554853475,2.5893992341550387,14.270637857157633,0.9646961652286898,-0.3575442389845509,-0.2203393886054307,-0.07171604999048756,16.0
NE,31177,2018,170.8,189.4,4.146649288080815,1.1232100176598274,0.9676001077531464,25.560663650468047,1.0,-15.199999999999989,29.366666666666674,0.6591378772806107,-0.4090620105765641,-0.20976907565644254,-0.7162392777773725,-27.889110274487578,19.32734941560731,0.4432210708084021,-0.37594368238867315,-0.21049051750938386,-0.9235801263376782,-18.599999999999994
NE,31179,2008,200.0,158.0,2.862136437424584,0.4104944885211975,0.8896375577540292,23.90034914875516,1.0,0.9833333333333485,11.316666666666663,0.23634803686540717,-1.2155616595509846,-0.3344628085876691,-1.995360346351795,6.581470219136623,15.745777218604559,0.3316054514854979,-1.230172686692701,-0.3341445254172538,-1.903886442575191,42.0
NE,31179,2009,216.2,165.4,2.400610823566572,0.4697409070293057,0.8447725552996311,23.340366829303065,1.0,17.183333333333337,18.71666666666667,-0.22517757699260477,-1.1563152410428765,-0.37932781104206714,-2.5553426658038916,20.5422154648153,21.374132997829406,-0.16802312822055032,-1.1650818573279063,-0.379136841139818,-2.500458323537929,50.79999999999998
NE,31179,2010,195.0,179.5,3.394649542648347,0.6869640061847168,0.9883088951082264,25.291875461739192,1.0,-4.0166666666666515,32.81666666666666,0.76886114208917,-0.9390921418874655,-0.23579147123347188,-0.6038340333677645,-2.8970392895059964,33.70248877705424,0.7879126250131882,-0.9420143473158088,-0.23572781459938882,-0.5855392526124437,15.5
NE,31179,2011,190.8,158.5,2.781004817806216,2.518084550296429,1.3912851318195614,26.996205013992917,1.0,-8.21666666666664,11.816666666666663,0.15521641724703894,0.8920284022242466,0.1671847654778631,1.1004955188859604,-9.336294043827294,10.930844556279084,0.1361649343230208,0.8949506076525899,0.16712110884378004,1.0822007381306396,32.30000000000001
NE,31179,2012,180.9,39.4,1.574333950494122,3.7466149313067088,1.9481638911422383,29.855094061771545,1.0,-18.116666666666646,-107.28333333333333,-1.051454450065055,2.1205587832345265,0.72406352480054,3.959384566664589,-21.47554879814861,-109.94079966449607,-1.1086088988371092,2.1293253995195562,0.7238725548982908,3.9045002243986264,141.5
NE,31179,2013,211.2,179.3,2.7419948314152194,1.924438005094736,1.2824341669265036,25.990366455079855,1.0,12.183333333333337,32.616666666666674,0.11620643085604243,0.2983818570225538,0.058333800584805306,0.09465695997289814,6.585196447530063,28.18755611472878,0.020949016235951703,0.31299288416427024,0.05801551741439002,0.0031830561962939152,31.899999999999977
NE,31181,2008,188.0,134.0,3.408187041745785,0.9672861979743306,1.008549679446295,25.3914680226524,1.0,-12.930000000000007,20.209999999999994,0.5376618296930533,-0.9704962835982667,-0.27144900601428956,-1.732067825834406,-2.629428130122186,28.35956341556556,0.7129354725940168,-0.9973805735390243,-0.27086336498072544,-1.5637558428854574,54.0
NE,31181,2009,203.1,122.7,2.097598036901552,1.016760005021616,1.009216861133501,25.4134733001723,1.0,2.1699999999999875,8.909999999999997,-0.7729271751511795,-0.9210224765509814,-0.2707818243270834,-1.7100625483145073,10.231317115556498,15.287919194790405,-0.6357564980982523,-0.9420623556350525,-0.2703234965616854,-1.5783401268762005,80.39999999999999
NE,31181,2010,191.7,128.1,3.477076303724658,1.5122825899468602,1.079744827942264,26.878828347662903,1.0,-9.230000000000018,14.309999999999988,0.6065510916719266,-0.4254998916257371,-0.2002538575183206,-0.24470750082390325,-3.4079376387648166,18.916274974015238,0.7056188028768174,-0.44069535985312164,-0.1999228430210887,-0.14957464089623818,63.599999999999994
NE,31181,2011,197.8,125.4,3.358955235877989,3.017679309714727,1.5243888926020166,28.529280250249062,1.0,-3.1299999999999955,11.61,0.48843002382525746,1.0798968281421297,0.24439020714143211,1.4057444017622558,0.45280760691389643,14.44463075324009,0.549394769182112,1.0705457707714319,0.24459390837049788,1.4642877001792791,72.4
NE,31181,2012,194.2,67.3,1.8065219087862276,3.941729896850478,2.00983799924133,30.757515538086555,1.0,-6.730000000000018,-46.49000000000001,-1.064003303266504,2.0039474152778807,0.7298393137807457,3.633979689599748,-5.386447147407436,-45.427013467535076,-1.0411415237576855,2.0004407687638692,0.7299157017416454,3.6559334265061296,126.89999999999999
NE,31181,2013,198.1,86.7,2.333560357276756,2.8008916998142017,1.5091705097563184,27.80602985985728,1.0,-2.8300000000000125,-27.090000000000003,-0.5369648547759756,0.8631092182416045,0.2291718242957339,0.6824940113704727,-3.72570190172874,-27.79865768831023,-0.5522060411151936,0.8654469825842797,0.22912089898846744,0.6678581867662127,111.39999999999999
NE,31181,2014,197.2,104.9,3.041217865557296,1.3781915091496215,1.2889635555412102,26.580199548393946,1.0,-3.730000000000018,-8.89,0.17069265350456453,-0.5595909724229757,0.008964870080625742,-0.5433363000928608,-6.8649566560500555,-11.370301909085383,0.11734850131731026,-0.551408797223614,0.008786631505193168,-0.5945616862077625,92.29999999999998
NE,31181,2015,208.8,120.2,2.858572204031981,1.3399026442566482,1.0693011264590209,26.37320180707745,1.0,7.8700000000000045,6.409999999999997,-0.011953008020750389,-0.5978798373159491,-0.21069755900156362,-0.7503340414093564,2.495788589628658,2.1580538701394563,-0.10340012605604094,-0.5838532512599008,-0.2110031108451623,-0.8381489890348999,88.60000000000001
NE,31181,2016,209.4,115.9,3.216339447963476,1.7923074595833937,1.1648413003251494,27.220594283455966,1.0,8.469999999999999,2.1099999999999994,0.34581423591074456,-0.1454750219892036,-0.11515738513543505,0.09705843496915989,0.8565338353073422,-3.9135903506356993,0.21626415202741772,-0.12560402507646876,-0.11559025024719986,-0.027346074167025183,93.5
NE,31181,2018,221.0,132.7,3.107223718661595,1.6107935034140972,1.1359721021587392,26.284767527260215,1.0,20.069999999999993,18.909999999999982,0.23669850660886338,-0.32698897815850003,-0.14402658330184526,-0.838768321226592,7.978024326664718,9.343121207813967,0.030942491029463948,-0.29542915953239207,-0.1447140749499423,-1.0363519533840604,88.30000000000001
NE,31185,2008,188.0,154.0,3.515994089778085,0.7155114131081368,0.9354881828328172,24.932816693264574,1.0,-16.939999999999998,14.27000000000001,0.48321350862698687,-0.8383510173010769,-0.23107927295450548,-1.5003099306628087,-6.863353605554105,22.242398993488223,0.6546768549431502,-0.8646508661561664,-0.23050636324775794,-1.335656903864921,34.0
NE,31185,2009,214.7,158.9,2.249271231889633,0.7484175107818519,0.9209705310778048,24.6927031807185,1.0,9.759999999999991,19.170000000000016,-0.7835093492614651,-0.8054449196273618,-0.24559692470951788,-1.7404234432088828,17.597391640124574,25.37075477271307,-0.6501489687933381,-0.8259003576257647,-0.24515132827093647,-1.6123599779216369,55.79999999999998
NE,31185,2010,192.6,149.5,2.969497195646046,1.1547469620006658,1.00174741658707,26.329698040131927,1.0,-12.340000000000003,9.77000000000001,-0.06328338550505208,-0.39911546840854784,-0.1648200392002528,-0.10342858379545561,-6.741863114196729,14.199110551937906,0.031974029115038646,-0.41372649555026425,-0.1645017560298375,-0.011954680018851388,43.099999999999994
NE,31185,2011,186.7,143.6,3.2032827331243188,2.8196325633460555,1.4424004050913857,28.06385183684177,1.0,-18.24000000000001,3.8700000000000045,0.1705021519732206,1.2657701329368418,0.275832949304063,1.6307252129143883,-14.881117868518045,6.527466331162742,0.22765660074527505,1.257003516651812,0.27602391920631214,1.685609555180351,43.099999999999994
NE,31185,2012,210.1,54.1,1.5469570217764057,4.031957761396941,1.9936812206047916,30.67391613366644,1.0,5.159999999999997,-85.63,-1.4858235593746925,2.4780953309877276,0.8271137648174689,4.240789509739059,6.279627377160652,-84.74417788961242,-1.4667720764506744,2.4751731255593845,0.8271774214515519,4.25908429049438,156.0
NE,31185,2013,212.1,107.6,2.5291171040449703,2.453692313950475,1.3661343657967235,27.035835987590747,1.0,7.159999999999997,-32.129999999999995,-0.5036634771061279,0.8998298835412615,0.19956691000940086,0.6027093636633651,6.0403726228393415,-33.015822110387575,-0.5227149600301461,0.9027520889696048,0.1995032533753178,0.5844145829080443,104.5
NE,31185,2014,203.3,148.1,4.04913647302809,0.6149372957319581,1.0385385182138778,25.1271777236528,1.0,-1.6399999999999864,8.370000000000005,1.0163558918769922,-0.9389251346772556,-0.1280289375734449,-1.3059489002745828,-4.998882131481951,5.712533668837267,0.9592014431049377,-0.9301585183922257,-0.1282199074756941,-1.3608332425405454,55.20000000000002
NE,31185,2015,220.1,166.8,3.817364745055961,0.7829058234816576,0.8752025576641929,25.307210264496725,1.0,15.159999999999997,27.07000000000002,0.7845841639048627,-0.7709566069275561,-0.2913648981231298,-1.1259163594306578,9.561863114196722,22.640889448062126,0.689326749284772,-0.7563455797858397,-0.2916831812935451,-1.217390263207262,53.29999999999998
NE,31185,2016,202.1,158.2,3.180257684849792,1.1628939713027728,1.002915091835608,26.24889375512285,1.0,-2.8400000000000034,18.47,0.14747710369869393,-0.39096845910644085,-0.16365236395171467,-0.18423286880453205,-10.677391640124586,12.269245227286945,0.014116723230566924,-0.3705130211080379,-0.1640979603902961,-0.3122963340917779,43.900000000000006
NE,31185,2017,219.7,156.5,3.2669275323176783,1.0539286889916215,1.0885962681689547,25.91916262378747,1.0,14.759999999999991,16.77000000000001,0.23414695116658013,-0.49993374141759217,-0.07797118761836797,-0.5139640001399108,4.683353605554098,8.797601006511798,0.06268360485041682,-0.47363389256250266,-0.07854409732511548,-0.6786170269377985,63.19999999999999
